{"event": "start", "device": "cuda", "torch": "2.11.0+cu128", "model": {"precision": "float-only; INT8 QAT/export/runtime are not implemented", "learned_parameters": 23669, "fixed_erb_parameters": 24576, "total_parameters_including_fixed": 48245, "learned_parameter_bytes_float32": 94676, "fixed_erb_bytes_float32": 98304, "state_dict_bytes": 197524, "fixed_erb_shape": [64, 192], "fixed_erb_nonzero_values_one_direction": 382, "fixed_erb_transpose_duplicate": true, "macs_per_second": 33000000, "macs_status": "published upstream accounting; not measured MCU cycles or an INT8 runtime", "context_frames": null, "temporal_context": "causal recurrent history; intra-frame bidirectional frequency GRUs", "neural_state_elements": 18048, "neural_state_bytes_float32": 72192, "audio_overlap_state_bytes_float32": 3072, "state_scope": "batch1 persistent state only; activations, weight snapshot and FFT scratch excluded", "packed_bytes_status": "unavailable; no integer exporter", "upstream_revision": "502ebfab64da7c4a9af78dcb9c6ceef1ebb01c73", "framing": "causal_zero_overlap_v1", "input_normalization": "frame_rms", "input_rms_floor": 0.0001, "input_normalization_scope": "float32 external DSP; per analysis frame, no additional persistent state", "constructor_initialization": "fresh; the adapter does not load pretrained weights"}, "model_kind": "gtcrn", "gpu": "NVIDIA L4", "test_used_for_selection": false, "selection_metric": "mean utterance SI-SDR improvement", "validation_is_partial": false, "calibration": null, "clean_identity_probability": 0.03, "added_training_sources": {"speech_manifest_sha256": "24acf8d2789c019fb966b39754bd71376e016b4d1169cd611031f94271d7ac77", "noise_manifest_sha256": "e953b3952bb66377ad6bc67b93cb1b2148511cca952b41b0fb038a93a79a8b03", "speech_recordings": 25675, "noise_recordings": 837, "synthetic_probability": 0.5, "samples_per_epoch": 43208}, "distillation": null, "resume_checkpoint_sha256": "213cf493a6b0ead25c96cbd97573b3a857b310fb70154d59f99d1c2fd69721c1", "manifest_sha256": {"train": "c0b9ea9aa7b13d30aadd30f76274f6b2f932d802ae85c55426c2c3e13a4a247c", "val": "c1e0ccf95766f1542da3e8eebc1cf33107ca6ecf3ccf59c7a2d8078c171f5668"}, "source_sha256": {"__init__.py": "8fa53a117dcac5ce5f496e7685d7f3a4af5c4ed2b87475e4ba888f9925b3a560", "comparison.py": "a861f6857cb645cc11f3aed738af2829c8cec8e474cea33f2c5d9508184c2f26", "data.py": "1b755c38236483957f8ecc62a4923841aa33f3bd9c26e2a1de288ae5132f22f3", "development.py": "11b16e960701f64e5813b84e1f40e6be62d682777e04d683c4f671110ca70d44", "development_checkpoints.py": "97737ea04e6d702114661b0e45cd27ab7d3aa76c46c7542b9d53b672967230d8", "distillation.py": "2ab723d0d1e55dcecd52d935e50c372190a75c2dd4e01f796c506f4e74ab06e2", "embedded.py": "9c517cf2f15c44e4426ba09f06f80e613824bdc25191429f50bbf826ad801ef1", "evaluate.py": "8672d748c4d21434f57c349dacd382798e58624e2b412c48ba58abd0022bac35", "experimental_gru.py": "6605fe08627f9457d438bcfe1bbf45bc23327ca8cb723e776cb657d1a1944a8a", "experimental_gtcrn_ops.py": "4cef2a8c006e5a62839e0aa7db0057a9a04621a6943ae990573f326dfe7ae88b", "experimental_layer_norm.py": "61f60b2d3d7359c61f32d057e7a107fb0b02acac3d31f0d73b0e1f53266d7b39", "experimental_native.py": "fb80aecbeb69448b3f25aad2c329555a0eab4077a9a83349bf3f68486eafa18c", "experimental_ops_native.py": "0149c41990ebd8cb908b59e51dfc6e7e37905559960c158e4159cfce63519483", "export.py": "8c99c30eb7ebf6a4603d322945e8239c44e1e86e42bb6ab045a79aed65ff6107", "extra_data.py": "193cf8fd9d8704d040602ad00ba13b10d3ff61c06ffebe739a0acf72728979a3", "final_evaluation.py": "10b02ad35604dbd7ecd8534c02e946d67cdac5aebf2aa257f5bf499689a533d8", "frequency_deep_filter.py": "7ef7b10ac56bf0dcec9a6f2cfb141cfd47514593ecf0c46e3a817146ee8a4dd9", "frequency_embedded.py": "04808d9e34f42e68a960be9476bb40303a6e897c5461a09413885029c256b6ee", "frequency_evaluate.py": "bdc5f29e7a49f1b3251b29257b68044c733eaa942802feb4e9d70db70c4699a6", "frequency_export.py": "947e8e06a6e4501d4d3e21305e7b903d433d28158ec6c79e2cde063e5eca33fe", "frequency_gru.py": "41e0f10b122e8afb588d08f7d5220257c9b9f4f8ea792749baa07cbf3f292632", "frequency_model.py": "68da4df1ae92084c1ca1dba91ccbc16be4731fa2561bd48bdac6117127f689f4", "frequency_normalization.py": "407ae0de89eeb9202fe4ef8389b6308112564b4a84665745e98f9883fb0cac90", "frequency_quantization.py": "4739cdcac4753e31465593d3372c11936048778db29da2debf2975a33a4de162", "gtcrn_embedded.py": "98727e59ed0fb3ca2a2ef83637a38173e4a56bdec55cf95d56dffdbfa977629f", "gtcrn_erb.py": "629357afc0de53a0f1173f0b4a3b0a50aa16ca56bed5826c8a559c1d57c1b9e7", "gtcrn_integer.py": "3f71637bf413171fcc010f4eb52df592d67e6e41d1255cbfbbaa115b41a158cb", "gtcrn_integer_diagnostics.py": "0dbd18bc34c87b332ef276fae784578cf817ca9e0d62ba75641b84682b9ea63c", "gtcrn_integer_export.py": "ef7c30b27f628ad6279f46863e7ba286c0b60cced5a88cef3f2676e082264a71", "gtcrn_model.py": "ac4b4d02621a0508f129f162ad4146c8e5f33889631b8594681384110113d185", "gtcrn_mse_calibration.py": "4d51d5805a00108b367e21ac1801bb6dfcd0f6ba6c6f458285a7ec4a61d912d6", "gtcrn_native.py": "e260deffe7634ce8b829f9050e3d3c098680d33f02bd6c2fc7f57db3596d6da3", "gtcrn_qat.py": "81ada4d12214309b8403f6601c5c5d676c8e27171af0603181102ae862e9f216", "gtcrn_qat_gru.py": "90ffd9bfb09eaf0ecfd043d5cfd3fe059b4a0ec2d11caa8b7035518165f96a33", "gtcrn_qat_ops.py": "5f96745778f5259d263161e55dc5a3a3d0c5381181625263d8898cc5a4118ddc", "gtcrn_qat_train.py": "679f93990d55db630c75c435e8e064f5349c9c1b5018d03d6c6aacedd0df75a3", "gtcrn_quantization_probe.py": "fdf7788741d7d1e6eba39aecbf5d0ae67391e8449de74a8a872ec5684f8dfb2d", "gtcrn_recurrent_probe.py": "86d201ba41de3792f413c8294fac475d79462407b59e36e1bbe34f7046d13b93", "losses.py": "5f0e7753d8c7d5e827bb58e688288bbb883322b1326b878ab826139734621753", "mask_diagnostics.py": "0e7b71ffd2de26d647c91091d90a6090fe4dda579cb34393f4ba8c78ac1a44c3", "metrics.py": "9832420689fcc6e27d02ef2c751f76ac86c17d9f9164864543bf7604826da2b5", "mixtures.py": "aa52046143db594b101027108f1e4cad1a5dbdbbcde717146155b2847a3eef7a", "model.py": "ae35b641f3dd1a58932a8675cc58cac0029c637dbb196c125b3ae560ad61482e", "models.py": "c137123d38119828cdc1d3eaeeb59ac258012daf06161823aed9ee0b202b806b", "output_gain.py": "45f865d68ab1352c3dad0ed55ee8b028dab94ef1afc67ded18c2384f63d0512e", "quality.py": "39cae6c04fb76d8493f4bf6bec12c99a01dee5a8a25402ded65dbdb90f311874", "quantization.py": "cb16d537edc4dbac1a378e0f3e33b8e614a956da0fe1dc469d386c911696d5c5", "runtime_cache.py": "8b0dc114256533810bddefe350d4bf57009dc69b75d42819ae1590c4ee0e7019", "teacher_gain.py": "e6cc00ebad630a5e3587b9ddeecd57dbc9cf9db5e1bce43be66bd91b541ac7d4", "train.py": "d93fe5d24c9b08f2cd8f51dc15b6475ca1a52648e8f5ec33cbd95ad98b251fe0", "vendor/__init__.py": "bce826e18e3d79c14e2a9aebd441101f82cfe9ef703698e3cfebda168e9f2561", "vendor/gtcrn/__init__.py": "ef43765e819258761704a8ce25fa34a15b9c31140992b1bb2ba654ecf1879f89", "vendor/gtcrn/convert.py": "dbff3a360a720f11fca0b4a4f8bc6bdb3ebb712fa617dfe37df8b31a9c5a586e", "vendor/gtcrn/convolution.py": "28465f8a160b8484548ec2e2d8319d5b0650f45079f5abf9d41a8cb15ce2fdf4", "vendor/gtcrn/network.py": "20bf0610702506fa45cd543454b84bbeb862d73c7c20a3f8d820fdc04da6099b", "vendor/gtcrn/streaming.py": "649cede9019dd9397de2b773797ee7a37b860c71cfea41a09e41b3193f527007", "warm_start.py": "1f4431725906167c03c1b2cebb0c4d69dd8585789cfe580df29fa399cafc6b4f"}, "train_utterances": 10802, "validation_utterances": 770, "train_speakers": ["p227", "p228", "p230", "p231", "p233", "p236", "p239", "p243", "p244", "p250", "p254", "p256", "p258", "p259", "p267", "p268", "p269", "p270", "p273", "p274", "p276", "p277", "p278", "p279", "p282", "p286"], "validation_speakers": ["p226", "p287"], "phase": "float"}
{"event": "initial_validation", "utterances": 770, "total_utterances": 770, "invalid_utterances": 0, "noisy_si_sdr": 6.016738904979767, "si_sdr": 13.591178208027241, "si_sdri": 7.5744393030474715}
{"event": "progress", "epoch": 1, "step": 0, "loss": -12.027356036006832, "seconds": 7}
{"event": "progress", "epoch": 1, "step": 50, "loss": -15.573284478934031, "seconds": 18}
{"event": "progress", "epoch": 1, "step": 100, "loss": -14.600671007623705, "seconds": 28}
{"event": "progress", "epoch": 1, "step": 150, "loss": -14.42470525915709, "seconds": 39}
{"event": "progress", "epoch": 1, "step": 200, "loss": -15.411200610622226, "seconds": 49}
{"event": "progress", "epoch": 1, "step": 250, "loss": -14.031373392922072, "seconds": 60}
{"event": "progress", "epoch": 1, "step": 300, "loss": -12.063590920393267, "seconds": 70}
{"event": "progress", "epoch": 1, "step": 350, "loss": -12.36268812797352, "seconds": 81}
{"event": "progress", "epoch": 1, "step": 400, "loss": -14.788904360722242, "seconds": 91}
{"event": "progress", "epoch": 1, "step": 450, "loss": -14.447956670011678, "seconds": 102}
{"event": "progress", "epoch": 1, "step": 500, "loss": -13.932335627062802, "seconds": 112}
{"event": "progress", "epoch": 1, "step": 550, "loss": -14.773547399721036, "seconds": 123}
{"event": "progress", "epoch": 1, "step": 600, "loss": -13.487464860920213, "seconds": 133}
{"event": "progress", "epoch": 1, "step": 650, "loss": -14.41025214524825, "seconds": 144}
{"event": "progress", "epoch": 1, "step": 700, "loss": -18.63501287309424, "seconds": 154}
{"event": "progress", "epoch": 1, "step": 750, "loss": -13.783387705885078, "seconds": 165}
{"event": "progress", "epoch": 1, "step": 800, "loss": -16.173926124546043, "seconds": 175}
{"event": "progress", "epoch": 1, "step": 850, "loss": -15.981444336821973, "seconds": 185}
{"event": "progress", "epoch": 1, "step": 900, "loss": -15.462009319849715, "seconds": 197}
{"event": "epoch", "epoch": 1, "phase": "float", "loss": -14.486363952936541, "seconds": 195.79091405500003, "elapsed_seconds": 199.38214477400015, "learning_rate": 0.0002, "utterances": 770, "total_utterances": 770, "invalid_utterances": 0, "noisy_si_sdr": 6.016738904979767, "si_sdr": 13.406367562860783, "si_sdri": 7.389628657881015, "best_si_sdri": 7.5744393030474715}
{"event": "progress", "epoch": 2, "step": 0, "loss": -12.677454497779678, "seconds": 200}
{"event": "progress", "epoch": 2, "step": 50, "loss": -14.349429610236964, "seconds": 211}
{"event": "progress", "epoch": 2, "step": 100, "loss": -15.076824813585432, "seconds": 221}
{"event": "progress", "epoch": 2, "step": 150, "loss": -13.951694828245415, "seconds": 232}
{"event": "progress", "epoch": 2, "step": 200, "loss": -14.305005524715202, "seconds": 242}
{"event": "progress", "epoch": 2, "step": 250, "loss": -12.23490640260897, "seconds": 253}
{"event": "progress", "epoch": 2, "step": 300, "loss": -12.756111444754668, "seconds": 263}
{"event": "progress", "epoch": 2, "step": 350, "loss": -12.58208231900226, "seconds": 274}
{"event": "progress", "epoch": 2, "step": 400, "loss": -13.296445352412892, "seconds": 284}
{"event": "progress", "epoch": 2, "step": 450, "loss": -14.165140223079717, "seconds": 295}
{"event": "progress", "epoch": 2, "step": 500, "loss": -12.451313702029548, "seconds": 305}
{"event": "progress", "epoch": 2, "step": 550, "loss": -15.781881624268188, "seconds": 316}
{"event": "progress", "epoch": 2, "step": 600, "loss": -16.82811299660647, "seconds": 327}
{"event": "progress", "epoch": 2, "step": 650, "loss": -14.534809256588812, "seconds": 337}
{"event": "progress", "epoch": 2, "step": 700, "loss": -14.630380988644621, "seconds": 348}
{"event": "progress", "epoch": 2, "step": 750, "loss": -13.42818558539847, "seconds": 357}
{"event": "progress", "epoch": 2, "step": 800, "loss": -16.08225522592914, "seconds": 368}
{"event": "progress", "epoch": 2, "step": 850, "loss": -16.16116266571415, "seconds": 378}
{"event": "progress", "epoch": 2, "step": 900, "loss": -13.838165686715776, "seconds": 389}
{"event": "epoch", "epoch": 2, "phase": "float", "loss": -14.495986452536341, "seconds": 191.5282345300002, "elapsed_seconds": 390.96521573500013, "learning_rate": 0.0002, "utterances": 770, "total_utterances": 770, "invalid_utterances": 0, "noisy_si_sdr": 6.016738904979767, "si_sdr": 13.577304332157707, "si_sdri": 7.560565427177941, "best_si_sdri": 7.5744393030474715}
{"event": "progress", "epoch": 3, "step": 0, "loss": -14.223840792781369, "seconds": 391}
{"event": "progress", "epoch": 3, "step": 50, "loss": -13.784051915436322, "seconds": 402}
{"event": "progress", "epoch": 3, "step": 100, "loss": -15.231932609352947, "seconds": 413}
{"event": "progress", "epoch": 3, "step": 150, "loss": -16.859987162177468, "seconds": 423}
{"event": "progress", "epoch": 3, "step": 200, "loss": -15.732114804452227, "seconds": 434}
{"event": "progress", "epoch": 3, "step": 250, "loss": -15.734855215885005, "seconds": 444}
{"event": "progress", "epoch": 3, "step": 300, "loss": -12.687401582958076, "seconds": 455}
{"event": "progress", "epoch": 3, "step": 350, "loss": -13.735489647794655, "seconds": 466}
{"event": "progress", "epoch": 3, "step": 400, "loss": -14.057627703002183, "seconds": 477}
{"event": "progress", "epoch": 3, "step": 450, "loss": -13.042567847991458, "seconds": 488}
{"event": "progress", "epoch": 3, "step": 500, "loss": -12.733026400648857, "seconds": 499}
{"event": "progress", "epoch": 3, "step": 550, "loss": -12.720457473370551, "seconds": 510}
{"event": "progress", "epoch": 3, "step": 600, "loss": -13.021653654058762, "seconds": 521}
{"event": "progress", "epoch": 3, "step": 650, "loss": -14.250408104900607, "seconds": 532}
{"event": "progress", "epoch": 3, "step": 700, "loss": -16.338924882548326, "seconds": 543}
{"event": "progress", "epoch": 3, "step": 750, "loss": -13.730460778238939, "seconds": 553}
{"event": "progress", "epoch": 3, "step": 800, "loss": -12.892316173863074, "seconds": 564}
{"event": "progress", "epoch": 3, "step": 850, "loss": -17.25684261077503, "seconds": 575}
{"event": "progress", "epoch": 3, "step": 900, "loss": -16.36775434578898, "seconds": 586}
{"event": "epoch", "epoch": 3, "phase": "float", "loss": -14.500491194818101, "seconds": 197.5411946410004, "elapsed_seconds": 588.5607129629998, "learning_rate": 0.0002, "utterances": 770, "total_utterances": 770, "invalid_utterances": 0, "noisy_si_sdr": 6.016738904979767, "si_sdr": 13.547599636391636, "si_sdri": 7.53086073141187, "best_si_sdri": 7.5744393030474715}
{"event": "progress", "epoch": 4, "step": 0, "loss": -15.04345895261036, "seconds": 589}
{"event": "progress", "epoch": 4, "step": 50, "loss": -15.414290646840962, "seconds": 600}
{"event": "progress", "epoch": 4, "step": 100, "loss": -12.807042586429969, "seconds": 611}
{"event": "progress", "epoch": 4, "step": 150, "loss": -13.619625551247447, "seconds": 623}
{"event": "progress", "epoch": 4, "step": 200, "loss": -18.055619394782532, "seconds": 634}
{"event": "progress", "epoch": 4, "step": 250, "loss": -14.39256223388376, "seconds": 645}
{"event": "progress", "epoch": 4, "step": 300, "loss": -16.53893484561179, "seconds": 656}
{"event": "progress", "epoch": 4, "step": 350, "loss": -15.030882086435234, "seconds": 667}
{"event": "progress", "epoch": 4, "step": 400, "loss": -15.430179300000493, "seconds": 678}
{"event": "progress", "epoch": 4, "step": 450, "loss": -15.157374705183424, "seconds": 689}
{"event": "progress", "epoch": 4, "step": 500, "loss": -13.380915555136657, "seconds": 700}
{"event": "progress", "epoch": 4, "step": 550, "loss": -13.861237119793973, "seconds": 711}
{"event": "progress", "epoch": 4, "step": 600, "loss": -12.660675328874373, "seconds": 722}
{"event": "progress", "epoch": 4, "step": 650, "loss": -12.183455285664042, "seconds": 733}
{"event": "progress", "epoch": 4, "step": 700, "loss": -14.450408794156411, "seconds": 744}
{"event": "progress", "epoch": 4, "step": 750, "loss": -12.72485509571219, "seconds": 754}
{"event": "progress", "epoch": 4, "step": 800, "loss": -13.160493074630466, "seconds": 765}
{"event": "progress", "epoch": 4, "step": 850, "loss": -15.827186699660553, "seconds": 776}
{"event": "progress", "epoch": 4, "step": 900, "loss": -17.66613320300157, "seconds": 787}
{"event": "epoch", "epoch": 4, "phase": "float", "loss": -14.58976657214812, "seconds": 200.53518179799994, "elapsed_seconds": 789.154282214, "learning_rate": 0.0002, "utterances": 770, "total_utterances": 770, "invalid_utterances": 0, "noisy_si_sdr": 6.016738904979767, "si_sdr": 13.593730222918861, "si_sdri": 7.576991317939092, "best_si_sdri": 7.576991317939092}
{"event": "progress", "epoch": 5, "step": 0, "loss": -15.885464450074984, "seconds": 790}
{"event": "progress", "epoch": 5, "step": 50, "loss": -12.78061216981536, "seconds": 801}
{"event": "progress", "epoch": 5, "step": 100, "loss": -18.953250934878604, "seconds": 812}
{"event": "progress", "epoch": 5, "step": 150, "loss": -18.048014378275287, "seconds": 823}
{"event": "progress", "epoch": 5, "step": 200, "loss": -14.225031467080642, "seconds": 834}
{"event": "progress", "epoch": 5, "step": 250, "loss": -14.37486917705774, "seconds": 845}
{"event": "progress", "epoch": 5, "step": 300, "loss": -14.75935974888337, "seconds": 856}
{"event": "progress", "epoch": 5, "step": 350, "loss": -12.193914709933864, "seconds": 867}
{"event": "progress", "epoch": 5, "step": 400, "loss": -13.152822015707068, "seconds": 878}
{"event": "progress", "epoch": 5, "step": 450, "loss": -12.332327540761597, "seconds": 889}
{"event": "progress", "epoch": 5, "step": 500, "loss": -13.727122176543697, "seconds": 900}
{"event": "progress", "epoch": 5, "step": 550, "loss": -14.17019647344379, "seconds": 911}
{"event": "progress", "epoch": 5, "step": 600, "loss": -11.74872367091638, "seconds": 922}
{"event": "progress", "epoch": 5, "step": 650, "loss": -12.740380856056023, "seconds": 933}
{"event": "progress", "epoch": 5, "step": 700, "loss": -12.956515167711743, "seconds": 944}
{"event": "progress", "epoch": 5, "step": 750, "loss": -14.938554773489438, "seconds": 954}
{"event": "progress", "epoch": 5, "step": 800, "loss": -16.066958828524655, "seconds": 965}
{"event": "progress", "epoch": 5, "step": 850, "loss": -14.519007204130556, "seconds": 976}
{"event": "progress", "epoch": 5, "step": 900, "loss": -13.084748105401765, "seconds": 987}
{"event": "epoch", "epoch": 5, "phase": "float", "loss": -14.561117156611745, "seconds": 200.44674142999975, "elapsed_seconds": 989.7086967559999, "learning_rate": 0.0002, "utterances": 770, "total_utterances": 770, "invalid_utterances": 0, "noisy_si_sdr": 6.016738904979767, "si_sdr": 13.598230486215165, "si_sdri": 7.581491581235399, "best_si_sdri": 7.581491581235399}
{"event": "progress", "epoch": 6, "step": 0, "loss": -14.153209592518735, "seconds": 990}
{"event": "progress", "epoch": 6, "step": 50, "loss": -14.686566062671668, "seconds": 1001}
{"event": "progress", "epoch": 6, "step": 100, "loss": -14.440802318776317, "seconds": 1012}
{"event": "progress", "epoch": 6, "step": 150, "loss": -13.365915946688578, "seconds": 1023}
{"event": "progress", "epoch": 6, "step": 200, "loss": -15.866145424947513, "seconds": 1034}
{"event": "progress", "epoch": 6, "step": 250, "loss": -14.117520110874858, "seconds": 1045}
{"event": "progress", "epoch": 6, "step": 300, "loss": -14.831169357530133, "seconds": 1056}
{"event": "progress", "epoch": 6, "step": 350, "loss": -13.22497415587072, "seconds": 1067}
{"event": "progress", "epoch": 6, "step": 400, "loss": -14.403701511855633, "seconds": 1078}
{"event": "progress", "epoch": 6, "step": 450, "loss": -15.777396989870534, "seconds": 1089}
{"event": "progress", "epoch": 6, "step": 500, "loss": -14.398542288075532, "seconds": 1100}
{"event": "progress", "epoch": 6, "step": 550, "loss": -16.674784176504254, "seconds": 1111}
{"event": "progress", "epoch": 6, "step": 600, "loss": -13.449610179995597, "seconds": 1122}
{"event": "progress", "epoch": 6, "step": 650, "loss": -12.87061670551348, "seconds": 1133}
{"event": "progress", "epoch": 6, "step": 700, "loss": -15.21060594398393, "seconds": 1144}
{"event": "progress", "epoch": 6, "step": 750, "loss": -14.741614033208572, "seconds": 1155}
{"event": "progress", "epoch": 6, "step": 800, "loss": -13.082841754019201, "seconds": 1166}
{"event": "progress", "epoch": 6, "step": 850, "loss": -14.019152284325367, "seconds": 1177}
{"event": "progress", "epoch": 6, "step": 900, "loss": -13.895743297236999, "seconds": 1187}
{"event": "epoch", "epoch": 6, "phase": "float", "loss": -14.572682865989732, "seconds": 199.9656479610003, "elapsed_seconds": 1189.8074790259998, "learning_rate": 0.0002, "utterances": 770, "total_utterances": 770, "invalid_utterances": 0, "noisy_si_sdr": 6.016738904979767, "si_sdr": 13.601711067794739, "si_sdri": 7.58497216281497, "best_si_sdri": 7.58497216281497}
{"event": "progress", "epoch": 7, "step": 0, "loss": -14.150725184754936, "seconds": 1190}
{"event": "progress", "epoch": 7, "step": 50, "loss": -13.717753544834185, "seconds": 1201}
{"event": "progress", "epoch": 7, "step": 100, "loss": -15.846201172453224, "seconds": 1212}
{"event": "progress", "epoch": 7, "step": 150, "loss": -16.05183919823914, "seconds": 1223}
{"event": "progress", "epoch": 7, "step": 200, "loss": -15.395517739053762, "seconds": 1234}
{"event": "progress", "epoch": 7, "step": 250, "loss": -14.896997743795755, "seconds": 1245}
{"event": "progress", "epoch": 7, "step": 300, "loss": -15.898982585259327, "seconds": 1256}
{"event": "progress", "epoch": 7, "step": 350, "loss": -14.815530990118598, "seconds": 1267}
{"event": "progress", "epoch": 7, "step": 400, "loss": -14.983241251057672, "seconds": 1279}
{"event": "progress", "epoch": 7, "step": 450, "loss": -13.678281432245605, "seconds": 1289}
{"event": "progress", "epoch": 7, "step": 500, "loss": -13.121808936309863, "seconds": 1300}
{"event": "progress", "epoch": 7, "step": 550, "loss": -12.799071571993519, "seconds": 1312}
{"event": "progress", "epoch": 7, "step": 600, "loss": -16.340651857580347, "seconds": 1323}
{"event": "progress", "epoch": 7, "step": 650, "loss": -15.386100224553246, "seconds": 1334}
{"event": "progress", "epoch": 7, "step": 700, "loss": -14.265671618547234, "seconds": 1345}
{"event": "progress", "epoch": 7, "step": 750, "loss": -12.414249586777787, "seconds": 1355}
{"event": "progress", "epoch": 7, "step": 800, "loss": -13.668694380731461, "seconds": 1366}
{"event": "progress", "epoch": 7, "step": 850, "loss": -12.188780054218805, "seconds": 1377}
{"event": "progress", "epoch": 7, "step": 900, "loss": -12.366681336335336, "seconds": 1388}
{"event": "epoch", "epoch": 7, "phase": "float", "loss": -14.592799308550257, "seconds": 200.35369108500072, "elapsed_seconds": 1390.2692760359996, "learning_rate": 0.0002, "utterances": 770, "total_utterances": 770, "invalid_utterances": 0, "noisy_si_sdr": 6.016738904979767, "si_sdr": 13.59430037552572, "si_sdri": 7.57756147054595, "best_si_sdri": 7.58497216281497}
{"event": "progress", "epoch": 8, "step": 0, "loss": -15.020609954861897, "seconds": 1391}
{"event": "progress", "epoch": 8, "step": 50, "loss": -15.912416154887378, "seconds": 1402}
{"event": "progress", "epoch": 8, "step": 100, "loss": -14.934493276797642, "seconds": 1413}
{"event": "progress", "epoch": 8, "step": 150, "loss": -16.845749460127216, "seconds": 1424}
{"event": "progress", "epoch": 8, "step": 200, "loss": -15.848511555188844, "seconds": 1435}
{"event": "progress", "epoch": 8, "step": 250, "loss": -13.439024024581869, "seconds": 1446}
{"event": "progress", "epoch": 8, "step": 300, "loss": -18.133235400130673, "seconds": 1457}
{"event": "progress", "epoch": 8, "step": 350, "loss": -14.200167305094697, "seconds": 1468}
{"event": "progress", "epoch": 8, "step": 400, "loss": -13.67327062364315, "seconds": 1479}
{"event": "progress", "epoch": 8, "step": 450, "loss": -17.79223977021317, "seconds": 1490}
{"event": "progress", "epoch": 8, "step": 500, "loss": -12.676718011486145, "seconds": 1501}
{"event": "progress", "epoch": 8, "step": 550, "loss": -13.170994896075559, "seconds": 1512}
{"event": "progress", "epoch": 8, "step": 600, "loss": -13.807855167959838, "seconds": 1523}
{"event": "progress", "epoch": 8, "step": 650, "loss": -14.360167147252927, "seconds": 1534}
{"event": "progress", "epoch": 8, "step": 700, "loss": -12.575977707050942, "seconds": 1545}
{"event": "progress", "epoch": 8, "step": 750, "loss": -13.524535336540367, "seconds": 1555}
{"event": "progress", "epoch": 8, "step": 800, "loss": -12.782069600168679, "seconds": 1566}
{"event": "progress", "epoch": 8, "step": 850, "loss": -16.38081845849178, "seconds": 1577}
{"event": "progress", "epoch": 8, "step": 900, "loss": -13.852454277674388, "seconds": 1588}
{"event": "epoch", "epoch": 8, "phase": "float", "loss": -14.56604750254957, "seconds": 200.16426470700026, "elapsed_seconds": 1590.493215683, "learning_rate": 0.0002, "utterances": 770, "total_utterances": 770, "invalid_utterances": 0, "noisy_si_sdr": 6.016738904979767, "si_sdr": 13.613539031982477, "si_sdri": 7.59680012700271, "best_si_sdri": 7.59680012700271}
{"event": "progress", "epoch": 9, "step": 0, "loss": -13.613533416562907, "seconds": 1591}
{"event": "progress", "epoch": 9, "step": 50, "loss": -14.768463742261673, "seconds": 1602}
{"event": "progress", "epoch": 9, "step": 100, "loss": -11.42621311269865, "seconds": 1613}
{"event": "progress", "epoch": 9, "step": 150, "loss": -13.56946646111822, "seconds": 1625}
{"event": "progress", "epoch": 9, "step": 200, "loss": -15.424065418714145, "seconds": 1636}
{"event": "progress", "epoch": 9, "step": 250, "loss": -15.942827385176162, "seconds": 1647}
{"event": "progress", "epoch": 9, "step": 300, "loss": -16.1081308703671, "seconds": 1658}
{"event": "progress", "epoch": 9, "step": 350, "loss": -15.325764374091051, "seconds": 1669}
{"event": "progress", "epoch": 9, "step": 400, "loss": -15.551818317760848, "seconds": 1680}
{"event": "progress", "epoch": 9, "step": 450, "loss": -19.222726933690872, "seconds": 1691}
{"event": "progress", "epoch": 9, "step": 500, "loss": -16.858088487346805, "seconds": 1702}
{"event": "progress", "epoch": 9, "step": 550, "loss": -13.261428667350566, "seconds": 1713}
{"event": "progress", "epoch": 9, "step": 600, "loss": -15.308680482573752, "seconds": 1724}
{"event": "progress", "epoch": 9, "step": 650, "loss": -16.338824944604823, "seconds": 1735}
{"event": "progress", "epoch": 9, "step": 700, "loss": -15.961167405996012, "seconds": 1746}
{"event": "progress", "epoch": 9, "step": 750, "loss": -13.164305065385076, "seconds": 1757}
{"event": "progress", "epoch": 9, "step": 800, "loss": -15.440354952397408, "seconds": 1768}
{"event": "progress", "epoch": 9, "step": 850, "loss": -18.11880136176348, "seconds": 1779}
{"event": "progress", "epoch": 9, "step": 900, "loss": -11.185331556273601, "seconds": 1789}
{"event": "epoch", "epoch": 9, "phase": "float", "loss": -14.697267912453755, "seconds": 201.29868602400074, "elapsed_seconds": 1791.8980655189998, "learning_rate": 0.0002, "utterances": 770, "total_utterances": 770, "invalid_utterances": 0, "noisy_si_sdr": 6.016738904979767, "si_sdr": 13.618495316520496, "si_sdri": 7.601756411540729, "best_si_sdri": 7.601756411540729}
{"event": "progress", "epoch": 10, "step": 0, "loss": -15.210998848591796, "seconds": 1792}
{"event": "progress", "epoch": 10, "step": 50, "loss": -14.762183316292898, "seconds": 1803}
{"event": "progress", "epoch": 10, "step": 100, "loss": -18.201851933358526, "seconds": 1814}
{"event": "progress", "epoch": 10, "step": 150, "loss": -14.867413516791647, "seconds": 1826}
{"event": "progress", "epoch": 10, "step": 200, "loss": -16.94974692336953, "seconds": 1836}
{"event": "progress", "epoch": 10, "step": 250, "loss": -14.73443315497093, "seconds": 1848}
{"event": "progress", "epoch": 10, "step": 300, "loss": -12.779748786623935, "seconds": 1859}
{"event": "progress", "epoch": 10, "step": 350, "loss": -13.506661863647853, "seconds": 1869}
{"event": "progress", "epoch": 10, "step": 400, "loss": -10.657808096225034, "seconds": 1881}
{"event": "progress", "epoch": 10, "step": 450, "loss": -16.688741772672827, "seconds": 1892}
{"event": "progress", "epoch": 10, "step": 500, "loss": -15.069372867649836, "seconds": 1902}
{"event": "progress", "epoch": 10, "step": 550, "loss": -15.87407072037037, "seconds": 1914}
{"event": "progress", "epoch": 10, "step": 600, "loss": -12.064444438229494, "seconds": 1925}
{"event": "progress", "epoch": 10, "step": 650, "loss": -16.387291993048315, "seconds": 1936}
{"event": "progress", "epoch": 10, "step": 700, "loss": -15.416626556480006, "seconds": 1947}
{"event": "progress", "epoch": 10, "step": 750, "loss": -15.931636300662849, "seconds": 1957}
{"event": "progress", "epoch": 10, "step": 800, "loss": -15.353688448123112, "seconds": 1968}
{"event": "progress", "epoch": 10, "step": 850, "loss": -16.154212715094165, "seconds": 1979}
{"event": "progress", "epoch": 10, "step": 900, "loss": -13.060108227814073, "seconds": 1990}
{"event": "epoch", "epoch": 10, "phase": "float", "loss": -14.612364458902269, "seconds": 200.33482334399923, "elapsed_seconds": 1992.3407060229993, "learning_rate": 0.0002, "utterances": 770, "total_utterances": 770, "invalid_utterances": 0, "noisy_si_sdr": 6.016738904979767, "si_sdr": 13.595274387319021, "si_sdri": 7.578535482339253, "best_si_sdri": 7.601756411540729}
{"event": "progress", "epoch": 11, "step": 0, "loss": -13.229633646534205, "seconds": 1993}
{"event": "progress", "epoch": 11, "step": 50, "loss": -16.85089721380482, "seconds": 2004}
{"event": "progress", "epoch": 11, "step": 100, "loss": -12.879291414404145, "seconds": 2015}
{"event": "progress", "epoch": 11, "step": 150, "loss": -12.777924794857052, "seconds": 2026}
{"event": "progress", "epoch": 11, "step": 200, "loss": -14.689667325651273, "seconds": 2037}
{"event": "progress", "epoch": 11, "step": 250, "loss": -15.241880007123768, "seconds": 2048}
{"event": "progress", "epoch": 11, "step": 300, "loss": -13.35705702202813, "seconds": 2059}
{"event": "progress", "epoch": 11, "step": 350, "loss": -14.165786186423702, "seconds": 2070}
{"event": "progress", "epoch": 11, "step": 400, "loss": -11.643934813211548, "seconds": 2081}
{"event": "progress", "epoch": 11, "step": 450, "loss": -14.220323828810862, "seconds": 2092}
{"event": "progress", "epoch": 11, "step": 500, "loss": -16.035745692477956, "seconds": 2103}
{"event": "progress", "epoch": 11, "step": 550, "loss": -13.23235900984357, "seconds": 2114}
{"event": "progress", "epoch": 11, "step": 600, "loss": -11.893537448129099, "seconds": 2125}
{"event": "progress", "epoch": 11, "step": 650, "loss": -16.934117651489302, "seconds": 2136}
{"event": "progress", "epoch": 11, "step": 700, "loss": -14.357972116782381, "seconds": 2147}
{"event": "progress", "epoch": 11, "step": 750, "loss": -13.292669662765846, "seconds": 2158}
{"event": "progress", "epoch": 11, "step": 800, "loss": -15.519554084340626, "seconds": 2169}
{"event": "progress", "epoch": 11, "step": 850, "loss": -16.38587236795695, "seconds": 2180}
{"event": "progress", "epoch": 11, "step": 900, "loss": -15.011163785911517, "seconds": 2191}
{"event": "epoch", "epoch": 11, "phase": "float", "loss": -14.723821335311932, "seconds": 200.51411025299967, "elapsed_seconds": 2192.9113559829993, "learning_rate": 0.0002, "utterances": 770, "total_utterances": 770, "invalid_utterances": 0, "noisy_si_sdr": 6.016738904979767, "si_sdr": 13.672452238752594, "si_sdri": 7.655713333772826, "best_si_sdri": 7.655713333772826}
{"event": "progress", "epoch": 12, "step": 0, "loss": -13.108814817781282, "seconds": 2193}
{"event": "progress", "epoch": 12, "step": 50, "loss": -14.691299883681712, "seconds": 2204}
{"event": "progress", "epoch": 12, "step": 100, "loss": -13.013511099423798, "seconds": 2215}
{"event": "progress", "epoch": 12, "step": 150, "loss": -13.98085330274021, "seconds": 2227}
{"event": "progress", "epoch": 12, "step": 200, "loss": -12.601556730946152, "seconds": 2237}
{"event": "progress", "epoch": 12, "step": 250, "loss": -15.341512590754244, "seconds": 2249}
{"event": "progress", "epoch": 12, "step": 300, "loss": -12.953355752848257, "seconds": 2260}
{"event": "progress", "epoch": 12, "step": 350, "loss": -17.06330732759742, "seconds": 2270}
{"event": "progress", "epoch": 12, "step": 400, "loss": -14.817996171610062, "seconds": 2282}
{"event": "progress", "epoch": 12, "step": 450, "loss": -12.960606298668797, "seconds": 2292}
{"event": "progress", "epoch": 12, "step": 500, "loss": -11.920579531457438, "seconds": 2303}
{"event": "progress", "epoch": 12, "step": 550, "loss": -13.799976596625495, "seconds": 2315}
{"event": "progress", "epoch": 12, "step": 600, "loss": -14.629343307881982, "seconds": 2325}
{"event": "progress", "epoch": 12, "step": 650, "loss": -16.105600677030715, "seconds": 2337}
{"event": "progress", "epoch": 12, "step": 700, "loss": -18.03751574057829, "seconds": 2348}
{"event": "progress", "epoch": 12, "step": 750, "loss": -16.230354520522788, "seconds": 2358}
{"event": "progress", "epoch": 12, "step": 800, "loss": -17.55918826615925, "seconds": 2369}
{"event": "progress", "epoch": 12, "step": 850, "loss": -18.0698380940064, "seconds": 2380}
{"event": "progress", "epoch": 12, "step": 900, "loss": -13.949645746770145, "seconds": 2391}
{"event": "epoch", "epoch": 12, "phase": "float", "loss": -14.671827852631601, "seconds": 200.5064319459998, "elapsed_seconds": 2393.5270967669994, "learning_rate": 0.0002, "utterances": 770, "total_utterances": 770, "invalid_utterances": 0, "noisy_si_sdr": 6.016738904979767, "si_sdr": 13.639893941029065, "si_sdri": 7.623155036049299, "best_si_sdri": 7.655713333772826}
{"event": "progress", "epoch": 13, "step": 0, "loss": -16.82193729887134, "seconds": 2394}
{"event": "progress", "epoch": 13, "step": 50, "loss": -13.90596751199827, "seconds": 2405}
{"event": "progress", "epoch": 13, "step": 100, "loss": -13.011153178873595, "seconds": 2416}
{"event": "progress", "epoch": 13, "step": 150, "loss": -13.482892712992673, "seconds": 2427}
{"event": "progress", "epoch": 13, "step": 200, "loss": -13.42519453246345, "seconds": 2438}
{"event": "progress", "epoch": 13, "step": 250, "loss": -14.919837969855013, "seconds": 2449}
{"event": "progress", "epoch": 13, "step": 300, "loss": -15.21076167737401, "seconds": 2460}
{"event": "progress", "epoch": 13, "step": 350, "loss": -13.759209349403344, "seconds": 2471}
{"event": "progress", "epoch": 13, "step": 400, "loss": -14.753966478475505, "seconds": 2482}
{"event": "progress", "epoch": 13, "step": 450, "loss": -15.66512327856762, "seconds": 2493}
{"event": "progress", "epoch": 13, "step": 500, "loss": -15.473900916020842, "seconds": 2504}
{"event": "progress", "epoch": 13, "step": 550, "loss": -13.360394972521956, "seconds": 2515}
{"event": "progress", "epoch": 13, "step": 600, "loss": -16.378395581409553, "seconds": 2526}
{"event": "progress", "epoch": 13, "step": 650, "loss": -15.20638536373607, "seconds": 2537}
{"event": "progress", "epoch": 13, "step": 700, "loss": -12.612282714651089, "seconds": 2548}
{"event": "progress", "epoch": 13, "step": 750, "loss": -17.083345085575324, "seconds": 2559}
{"event": "progress", "epoch": 13, "step": 800, "loss": -14.19211029289003, "seconds": 2569}
{"event": "progress", "epoch": 13, "step": 850, "loss": -14.696272858519308, "seconds": 2581}
{"event": "progress", "epoch": 13, "step": 900, "loss": -15.976229248884806, "seconds": 2592}
{"event": "epoch", "epoch": 13, "phase": "float", "loss": -14.722505399651958, "seconds": 200.46942259999923, "elapsed_seconds": 2594.0525759719994, "learning_rate": 0.0002, "utterances": 770, "total_utterances": 770, "invalid_utterances": 0, "noisy_si_sdr": 6.016738904979767, "si_sdr": 13.664086530672295, "si_sdri": 7.647347625692525, "best_si_sdri": 7.655713333772826}
{"event": "progress", "epoch": 14, "step": 0, "loss": -16.741034293786164, "seconds": 2595}
{"event": "progress", "epoch": 14, "step": 50, "loss": -14.553715012403197, "seconds": 2606}
{"event": "progress", "epoch": 14, "step": 100, "loss": -14.371708932482202, "seconds": 2617}
{"event": "progress", "epoch": 14, "step": 150, "loss": -13.691265229128675, "seconds": 2628}
{"event": "progress", "epoch": 14, "step": 200, "loss": -16.575673366346095, "seconds": 2639}
{"event": "progress", "epoch": 14, "step": 250, "loss": -15.138148858113334, "seconds": 2651}
{"event": "progress", "epoch": 14, "step": 300, "loss": -15.36561404183226, "seconds": 2662}
{"event": "progress", "epoch": 14, "step": 350, "loss": -13.895230478047367, "seconds": 2673}
{"event": "progress", "epoch": 14, "step": 400, "loss": -16.7278166726891, "seconds": 2684}
{"event": "progress", "epoch": 14, "step": 450, "loss": -16.712181054197476, "seconds": 2695}
{"event": "progress", "epoch": 14, "step": 500, "loss": -15.006773767939848, "seconds": 2706}
{"event": "progress", "epoch": 14, "step": 550, "loss": -13.891947813586919, "seconds": 2717}
{"event": "progress", "epoch": 14, "step": 600, "loss": -14.77620316766401, "seconds": 2728}
{"event": "progress", "epoch": 14, "step": 650, "loss": -15.219190388805943, "seconds": 2739}
{"event": "progress", "epoch": 14, "step": 700, "loss": -11.601286798456153, "seconds": 2750}
{"event": "progress", "epoch": 14, "step": 750, "loss": -14.527252270873896, "seconds": 2761}
{"event": "progress", "epoch": 14, "step": 800, "loss": -11.898149690462057, "seconds": 2771}
{"event": "progress", "epoch": 14, "step": 850, "loss": -14.683940949944962, "seconds": 2782}
{"event": "progress", "epoch": 14, "step": 900, "loss": -13.567149117385743, "seconds": 2793}
{"event": "epoch", "epoch": 14, "phase": "float", "loss": -14.788751335913835, "seconds": 201.47722079699997, "elapsed_seconds": 2795.5842374390004, "learning_rate": 0.0002, "utterances": 770, "total_utterances": 770, "invalid_utterances": 0, "noisy_si_sdr": 6.016738904979767, "si_sdr": 13.635484082814932, "si_sdri": 7.618745177835163, "best_si_sdri": 7.655713333772826}
{"event": "progress", "epoch": 15, "step": 0, "loss": -11.81370152854321, "seconds": 2796}
{"event": "progress", "epoch": 15, "step": 50, "loss": -14.053938378509457, "seconds": 2807}
{"event": "progress", "epoch": 15, "step": 100, "loss": -12.922066285190919, "seconds": 2818}
{"event": "progress", "epoch": 15, "step": 150, "loss": -14.189733400599085, "seconds": 2829}
{"event": "progress", "epoch": 15, "step": 200, "loss": -13.859227058851904, "seconds": 2840}
{"event": "progress", "epoch": 15, "step": 250, "loss": -17.87965059450908, "seconds": 2851}
{"event": "progress", "epoch": 15, "step": 300, "loss": -13.916682330451142, "seconds": 2862}
{"event": "progress", "epoch": 15, "step": 350, "loss": -15.2174217585133, "seconds": 2873}
{"event": "progress", "epoch": 15, "step": 400, "loss": -14.063238103178406, "seconds": 2884}
{"event": "progress", "epoch": 15, "step": 450, "loss": -15.155546413407748, "seconds": 2895}
{"event": "progress", "epoch": 15, "step": 500, "loss": -13.97680997314312, "seconds": 2906}
{"event": "progress", "epoch": 15, "step": 550, "loss": -15.115361608047653, "seconds": 2917}
{"event": "progress", "epoch": 15, "step": 600, "loss": -14.427506210426268, "seconds": 2928}
{"event": "progress", "epoch": 15, "step": 650, "loss": -14.586703993035776, "seconds": 2939}
{"event": "progress", "epoch": 15, "step": 700, "loss": -12.928578570553052, "seconds": 2950}
{"event": "progress", "epoch": 15, "step": 750, "loss": -14.936708524125645, "seconds": 2961}
{"event": "progress", "epoch": 15, "step": 800, "loss": -13.264624966356658, "seconds": 2971}
{"event": "progress", "epoch": 15, "step": 850, "loss": -15.131834129543293, "seconds": 2982}
{"event": "progress", "epoch": 15, "step": 900, "loss": -16.454538877328396, "seconds": 2993}
{"event": "epoch", "epoch": 15, "phase": "float", "loss": -14.758260635518804, "seconds": 200.12371177500063, "elapsed_seconds": 2995.7618028290008, "learning_rate": 0.0002, "utterances": 770, "total_utterances": 770, "invalid_utterances": 0, "noisy_si_sdr": 6.016738904979767, "si_sdr": 13.560243340474823, "si_sdri": 7.543504435495057, "best_si_sdri": 7.655713333772826}
{"event": "progress", "epoch": 16, "step": 0, "loss": -14.488429648887973, "seconds": 2996}
{"event": "progress", "epoch": 16, "step": 50, "loss": -15.207956024099886, "seconds": 3007}
{"event": "progress", "epoch": 16, "step": 100, "loss": -15.68797009672879, "seconds": 3018}
{"event": "progress", "epoch": 16, "step": 150, "loss": -14.300832400961655, "seconds": 3029}
{"event": "progress", "epoch": 16, "step": 200, "loss": -16.10278993529912, "seconds": 3040}
{"event": "progress", "epoch": 16, "step": 250, "loss": -15.48420932016837, "seconds": 3051}
{"event": "progress", "epoch": 16, "step": 300, "loss": -14.083002638410928, "seconds": 3062}
{"event": "progress", "epoch": 16, "step": 350, "loss": -14.63459895527423, "seconds": 3073}
{"event": "progress", "epoch": 16, "step": 400, "loss": -14.394784970426949, "seconds": 3084}
{"event": "progress", "epoch": 16, "step": 450, "loss": -14.287954357536181, "seconds": 3095}
{"event": "progress", "epoch": 16, "step": 500, "loss": -13.81062217045428, "seconds": 3106}
{"event": "progress", "epoch": 16, "step": 550, "loss": -13.301834343938953, "seconds": 3117}
{"event": "progress", "epoch": 16, "step": 600, "loss": -14.190373388331285, "seconds": 3128}
{"event": "progress", "epoch": 16, "step": 650, "loss": -14.95343136859458, "seconds": 3139}
{"event": "progress", "epoch": 16, "step": 700, "loss": -14.189475098971783, "seconds": 3150}
{"event": "progress", "epoch": 16, "step": 750, "loss": -17.04126067873219, "seconds": 3161}
{"event": "progress", "epoch": 16, "step": 800, "loss": -18.29482214107441, "seconds": 3172}
{"event": "progress", "epoch": 16, "step": 850, "loss": -12.536846828704967, "seconds": 3183}
{"event": "progress", "epoch": 16, "step": 900, "loss": -14.179417020283614, "seconds": 3194}
{"event": "epoch", "epoch": 16, "phase": "float", "loss": -14.750764657622213, "seconds": 200.10342975099957, "elapsed_seconds": 3195.92358367, "learning_rate": 0.0001, "utterances": 770, "total_utterances": 770, "invalid_utterances": 0, "noisy_si_sdr": 6.016738904979767, "si_sdr": 13.63770907146246, "si_sdri": 7.620970166482691, "best_si_sdri": 7.655713333772826}
{"event": "progress", "epoch": 17, "step": 0, "loss": -14.284004339117681, "seconds": 3196}
{"event": "progress", "epoch": 17, "step": 50, "loss": -15.297284161357492, "seconds": 3207}
{"event": "progress", "epoch": 17, "step": 100, "loss": -14.929904370753448, "seconds": 3219}
{"event": "progress", "epoch": 17, "step": 150, "loss": -14.587872036311701, "seconds": 3229}
{"event": "progress", "epoch": 17, "step": 200, "loss": -14.46469503657465, "seconds": 3240}
{"event": "progress", "epoch": 17, "step": 250, "loss": -15.657125991548, "seconds": 3252}
{"event": "progress", "epoch": 17, "step": 300, "loss": -12.69385039742513, "seconds": 3263}
{"event": "progress", "epoch": 17, "step": 350, "loss": -12.303065496604308, "seconds": 3274}
{"event": "progress", "epoch": 17, "step": 400, "loss": -15.740515692577803, "seconds": 3285}
{"event": "progress", "epoch": 17, "step": 450, "loss": -13.786874908620833, "seconds": 3296}
{"event": "progress", "epoch": 17, "step": 500, "loss": -15.970677051982761, "seconds": 3307}
{"event": "progress", "epoch": 17, "step": 550, "loss": -15.910161588149636, "seconds": 3318}
{"event": "progress", "epoch": 17, "step": 600, "loss": -15.520729468374824, "seconds": 3329}
{"event": "progress", "epoch": 17, "step": 650, "loss": -16.721120263233328, "seconds": 3340}
{"event": "progress", "epoch": 17, "step": 700, "loss": -13.047102653922709, "seconds": 3351}
{"event": "progress", "epoch": 17, "step": 750, "loss": -15.55899241350455, "seconds": 3361}
{"event": "progress", "epoch": 17, "step": 800, "loss": -13.457994569244423, "seconds": 3372}
{"event": "progress", "epoch": 17, "step": 850, "loss": -14.18001717661538, "seconds": 3383}
{"event": "progress", "epoch": 17, "step": 900, "loss": -21.778360689246693, "seconds": 3394}
{"event": "epoch", "epoch": 17, "phase": "float", "loss": -14.837734796541232, "seconds": 200.0884822500011, "elapsed_seconds": 3396.066485552, "learning_rate": 0.0001, "utterances": 770, "total_utterances": 770, "invalid_utterances": 0, "noisy_si_sdr": 6.016738904979767, "si_sdr": 13.71008687471419, "si_sdri": 7.693347969734424, "best_si_sdri": 7.693347969734424}
{"event": "progress", "epoch": 18, "step": 0, "loss": -15.114691363383537, "seconds": 3397}
{"event": "progress", "epoch": 18, "step": 50, "loss": -15.126049479294185, "seconds": 3408}
{"event": "progress", "epoch": 18, "step": 100, "loss": -14.153692471745135, "seconds": 3419}
{"event": "progress", "epoch": 18, "step": 150, "loss": -14.711751418796869, "seconds": 3430}
{"event": "progress", "epoch": 18, "step": 200, "loss": -11.888212197377726, "seconds": 3441}
{"event": "progress", "epoch": 18, "step": 250, "loss": -15.102721373396777, "seconds": 3452}
{"event": "progress", "epoch": 18, "step": 300, "loss": -13.182001443257443, "seconds": 3463}
{"event": "progress", "epoch": 18, "step": 350, "loss": -16.37019859011505, "seconds": 3474}
{"event": "progress", "epoch": 18, "step": 400, "loss": -13.474074319951528, "seconds": 3485}
{"event": "progress", "epoch": 18, "step": 450, "loss": -14.996943396691444, "seconds": 3496}
{"event": "progress", "epoch": 18, "step": 500, "loss": -16.86421692389346, "seconds": 3507}
{"event": "progress", "epoch": 18, "step": 550, "loss": -14.785942451949488, "seconds": 3518}
{"event": "progress", "epoch": 18, "step": 600, "loss": -14.90635482115193, "seconds": 3529}
{"event": "progress", "epoch": 18, "step": 650, "loss": -15.674918633667172, "seconds": 3540}
{"event": "progress", "epoch": 18, "step": 700, "loss": -15.291717790695646, "seconds": 3551}
{"event": "progress", "epoch": 18, "step": 750, "loss": -14.573469394810061, "seconds": 3561}
{"event": "progress", "epoch": 18, "step": 800, "loss": -16.721635114420366, "seconds": 3572}
{"event": "progress", "epoch": 18, "step": 850, "loss": -16.624616521051, "seconds": 3583}
{"event": "progress", "epoch": 18, "step": 900, "loss": -14.161884298506614, "seconds": 3594}
{"event": "epoch", "epoch": 18, "phase": "float", "loss": -14.794130099302018, "seconds": 200.093877411, "elapsed_seconds": 3596.2694777820006, "learning_rate": 0.0001, "utterances": 770, "total_utterances": 770, "invalid_utterances": 0, "noisy_si_sdr": 6.016738904979767, "si_sdr": 13.663939902135692, "si_sdri": 7.647200997155925, "best_si_sdri": 7.693347969734424}
{"event": "progress", "epoch": 19, "step": 0, "loss": -16.760330529460184, "seconds": 3597}
{"event": "progress", "epoch": 19, "step": 50, "loss": -15.282083505833288, "seconds": 3608}
{"event": "progress", "epoch": 19, "step": 100, "loss": -13.883925556226552, "seconds": 3619}
{"event": "progress", "epoch": 19, "step": 150, "loss": -14.434190837765044, "seconds": 3630}
{"event": "progress", "epoch": 19, "step": 200, "loss": -13.939226071603466, "seconds": 3641}
{"event": "progress", "epoch": 19, "step": 250, "loss": -12.109521833496334, "seconds": 3652}
{"event": "progress", "epoch": 19, "step": 300, "loss": -16.4938072758684, "seconds": 3663}
{"event": "progress", "epoch": 19, "step": 350, "loss": -15.89896083673651, "seconds": 3674}
{"event": "progress", "epoch": 19, "step": 400, "loss": -13.435395204949147, "seconds": 3685}
{"event": "progress", "epoch": 19, "step": 450, "loss": -13.874168759970647, "seconds": 3696}
{"event": "progress", "epoch": 19, "step": 500, "loss": -15.82350216708951, "seconds": 3707}
{"event": "progress", "epoch": 19, "step": 550, "loss": -13.303354490726893, "seconds": 3718}
{"event": "progress", "epoch": 19, "step": 600, "loss": -14.239829542888259, "seconds": 3729}
{"event": "progress", "epoch": 19, "step": 650, "loss": -13.514104740273762, "seconds": 3740}
{"event": "progress", "epoch": 19, "step": 700, "loss": -14.923176770355349, "seconds": 3751}
{"event": "progress", "epoch": 19, "step": 750, "loss": -16.730944145709643, "seconds": 3762}
{"event": "progress", "epoch": 19, "step": 800, "loss": -15.723791492410541, "seconds": 3772}
{"event": "progress", "epoch": 19, "step": 850, "loss": -13.25367750504039, "seconds": 3783}
{"event": "progress", "epoch": 19, "step": 900, "loss": -9.934922791878034, "seconds": 3794}
{"event": "epoch", "epoch": 19, "phase": "float", "loss": -14.88271354388857, "seconds": 200.37245003799944, "elapsed_seconds": 3796.6958214350007, "learning_rate": 0.0001, "utterances": 770, "total_utterances": 770, "invalid_utterances": 0, "noisy_si_sdr": 6.016738904979767, "si_sdr": 13.741095828956839, "si_sdri": 7.724356923977071, "best_si_sdri": 7.724356923977071}
{"event": "progress", "epoch": 20, "step": 0, "loss": -13.635832973361135, "seconds": 3797}
{"event": "progress", "epoch": 20, "step": 50, "loss": -15.129038561141922, "seconds": 3808}
{"event": "progress", "epoch": 20, "step": 100, "loss": -13.729204633193277, "seconds": 3819}
{"event": "progress", "epoch": 20, "step": 150, "loss": -13.427567248060784, "seconds": 3830}
{"event": "progress", "epoch": 20, "step": 200, "loss": -13.409276764403943, "seconds": 3841}
{"event": "progress", "epoch": 20, "step": 250, "loss": -16.950846131380022, "seconds": 3852}
{"event": "progress", "epoch": 20, "step": 300, "loss": -15.219511592660638, "seconds": 3863}
{"event": "progress", "epoch": 20, "step": 350, "loss": -16.723721096927967, "seconds": 3874}
{"event": "progress", "epoch": 20, "step": 400, "loss": -13.888044011263474, "seconds": 3885}
{"event": "progress", "epoch": 20, "step": 450, "loss": -15.603688442151114, "seconds": 3896}
{"event": "progress", "epoch": 20, "step": 500, "loss": -17.29059004806635, "seconds": 3908}
{"event": "progress", "epoch": 20, "step": 550, "loss": -12.085578116165063, "seconds": 3918}
{"event": "progress", "epoch": 20, "step": 600, "loss": -15.030055282514855, "seconds": 3929}
{"event": "progress", "epoch": 20, "step": 650, "loss": -13.792617933563776, "seconds": 3941}
{"event": "progress", "epoch": 20, "step": 700, "loss": -16.669001969807347, "seconds": 3951}
{"event": "progress", "epoch": 20, "step": 750, "loss": -12.632674533132707, "seconds": 3962}
{"event": "progress", "epoch": 20, "step": 800, "loss": -14.773177974143351, "seconds": 3973}
{"event": "progress", "epoch": 20, "step": 850, "loss": -16.656657978270964, "seconds": 3984}
{"event": "progress", "epoch": 20, "step": 900, "loss": -9.164327968867813, "seconds": 3995}
{"event": "epoch", "epoch": 20, "phase": "float", "loss": -14.7585759820505, "seconds": 200.12081764800132, "elapsed_seconds": 3996.9667260180004, "learning_rate": 0.0001, "utterances": 770, "total_utterances": 770, "invalid_utterances": 0, "noisy_si_sdr": 6.016738904979767, "si_sdr": 13.730114438721998, "si_sdri": 7.71337553374223, "best_si_sdri": 7.724356923977071}
{"event": "progress", "epoch": 21, "step": 0, "loss": -12.60236737629323, "seconds": 3997}
{"event": "progress", "epoch": 21, "step": 50, "loss": -12.963683617441449, "seconds": 4008}
{"event": "progress", "epoch": 21, "step": 100, "loss": -15.830829487474746, "seconds": 4020}
{"event": "progress", "epoch": 21, "step": 150, "loss": -12.843621802536365, "seconds": 4031}
{"event": "progress", "epoch": 21, "step": 200, "loss": -16.8328407233181, "seconds": 4042}
{"event": "progress", "epoch": 21, "step": 250, "loss": -16.600393251138286, "seconds": 4053}
{"event": "progress", "epoch": 21, "step": 300, "loss": -12.048171488307297, "seconds": 4064}
{"event": "progress", "epoch": 21, "step": 350, "loss": -16.20737890462989, "seconds": 4075}
{"event": "progress", "epoch": 21, "step": 400, "loss": -14.900917999054602, "seconds": 4086}
{"event": "progress", "epoch": 21, "step": 450, "loss": -15.462413738126878, "seconds": 4097}
{"event": "progress", "epoch": 21, "step": 500, "loss": -15.237846509800926, "seconds": 4108}
{"event": "progress", "epoch": 21, "step": 550, "loss": -15.902411773233048, "seconds": 4119}
{"event": "progress", "epoch": 21, "step": 600, "loss": -15.593179150575718, "seconds": 4130}
{"event": "progress", "epoch": 21, "step": 650, "loss": -14.89762147550213, "seconds": 4141}
{"event": "progress", "epoch": 21, "step": 700, "loss": -14.412881203964753, "seconds": 4152}
{"event": "progress", "epoch": 21, "step": 750, "loss": -14.589785322468341, "seconds": 4163}
{"event": "progress", "epoch": 21, "step": 800, "loss": -16.32189317571521, "seconds": 4173}
{"event": "progress", "epoch": 21, "step": 850, "loss": -16.27032955070178, "seconds": 4184}
{"event": "progress", "epoch": 21, "step": 900, "loss": -15.154716774126976, "seconds": 4195}
{"event": "epoch", "epoch": 21, "phase": "float", "loss": -14.894659999021583, "seconds": 200.6570465679997, "elapsed_seconds": 4197.695989765, "learning_rate": 0.0001, "utterances": 770, "total_utterances": 770, "invalid_utterances": 0, "noisy_si_sdr": 6.016738904979767, "si_sdr": 13.701694767615807, "si_sdri": 7.684955862636039, "best_si_sdri": 7.724356923977071}
{"event": "progress", "epoch": 22, "step": 0, "loss": -15.079031448900366, "seconds": 4198}
{"event": "progress", "epoch": 22, "step": 50, "loss": -15.56375522390328, "seconds": 4209}
{"event": "progress", "epoch": 22, "step": 100, "loss": -15.41812010375681, "seconds": 4220}
{"event": "progress", "epoch": 22, "step": 150, "loss": -17.71866512613644, "seconds": 4231}
{"event": "progress", "epoch": 22, "step": 200, "loss": -13.277054319334983, "seconds": 4242}
{"event": "progress", "epoch": 22, "step": 250, "loss": -13.920715436303073, "seconds": 4253}
{"event": "progress", "epoch": 22, "step": 300, "loss": -13.677195490941113, "seconds": 4264}
{"event": "progress", "epoch": 22, "step": 350, "loss": -13.942840413326987, "seconds": 4275}
{"event": "progress", "epoch": 22, "step": 400, "loss": -16.680198143977655, "seconds": 4286}
{"event": "progress", "epoch": 22, "step": 450, "loss": -16.10498591563885, "seconds": 4297}
{"event": "progress", "epoch": 22, "step": 500, "loss": -13.856000470932523, "seconds": 4308}
{"event": "progress", "epoch": 22, "step": 550, "loss": -14.233547514527263, "seconds": 4319}
{"event": "progress", "epoch": 22, "step": 600, "loss": -13.957472303964924, "seconds": 4330}
{"event": "progress", "epoch": 22, "step": 650, "loss": -15.505372717049088, "seconds": 4341}
{"event": "progress", "epoch": 22, "step": 700, "loss": -13.748440406798567, "seconds": 4352}
{"event": "progress", "epoch": 22, "step": 750, "loss": -16.016123430273694, "seconds": 4363}
{"event": "progress", "epoch": 22, "step": 800, "loss": -15.984713349043439, "seconds": 4374}
{"event": "progress", "epoch": 22, "step": 850, "loss": -16.505043238310236, "seconds": 4384}
{"event": "progress", "epoch": 22, "step": 900, "loss": -15.197109916600843, "seconds": 4395}
{"event": "epoch", "epoch": 22, "phase": "float", "loss": -14.79852030520559, "seconds": 200.19185661700067, "elapsed_seconds": 4397.942029858, "learning_rate": 0.0001, "utterances": 770, "total_utterances": 770, "invalid_utterances": 0, "noisy_si_sdr": 6.016738904979767, "si_sdr": 13.709797358927684, "si_sdri": 7.693058453947917, "best_si_sdri": 7.724356923977071}
{"event": "progress", "epoch": 23, "step": 0, "loss": -14.691493437024059, "seconds": 4398}
{"event": "progress", "epoch": 23, "step": 50, "loss": -16.45328531556839, "seconds": 4409}
{"event": "progress", "epoch": 23, "step": 100, "loss": -15.14769169882496, "seconds": 4421}
{"event": "progress", "epoch": 23, "step": 150, "loss": -14.05174593534683, "seconds": 4431}
{"event": "progress", "epoch": 23, "step": 200, "loss": -14.524162099178648, "seconds": 4442}
{"event": "progress", "epoch": 23, "step": 250, "loss": -14.109775509026523, "seconds": 4453}
{"event": "progress", "epoch": 23, "step": 300, "loss": -13.29646617906513, "seconds": 4464}
{"event": "progress", "epoch": 23, "step": 350, "loss": -14.177566008734193, "seconds": 4476}
{"event": "progress", "epoch": 23, "step": 400, "loss": -13.7561757499051, "seconds": 4487}
{"event": "progress", "epoch": 23, "step": 450, "loss": -16.456773875852708, "seconds": 4497}
{"event": "progress", "epoch": 23, "step": 500, "loss": -16.155631153672225, "seconds": 4509}
{"event": "progress", "epoch": 23, "step": 550, "loss": -14.657022352824, "seconds": 4520}
{"event": "progress", "epoch": 23, "step": 600, "loss": -12.668110247784966, "seconds": 4531}
{"event": "progress", "epoch": 23, "step": 650, "loss": -16.81032140143585, "seconds": 4542}
{"event": "progress", "epoch": 23, "step": 700, "loss": -15.991850315972645, "seconds": 4553}
{"event": "progress", "epoch": 23, "step": 750, "loss": -14.031874323096227, "seconds": 4563}
{"event": "progress", "epoch": 23, "step": 800, "loss": -17.4798533341514, "seconds": 4575}
{"event": "progress", "epoch": 23, "step": 850, "loss": -13.097657112527324, "seconds": 4586}
{"event": "progress", "epoch": 23, "step": 900, "loss": -16.376483291206966, "seconds": 4597}
{"event": "epoch", "epoch": 23, "phase": "float", "loss": -14.782598708995504, "seconds": 201.0664155909999, "elapsed_seconds": 4599.0718435240005, "learning_rate": 0.0001, "utterances": 770, "total_utterances": 770, "invalid_utterances": 0, "noisy_si_sdr": 6.016738904979767, "si_sdr": 13.751470503507857, "si_sdri": 7.73473159852809, "best_si_sdri": 7.73473159852809}
{"event": "progress", "epoch": 24, "step": 0, "loss": -16.01616586841741, "seconds": 4600}
{"event": "progress", "epoch": 24, "step": 50, "loss": -17.00732806215946, "seconds": 4611}
{"event": "progress", "epoch": 24, "step": 100, "loss": -17.505074987982773, "seconds": 4622}
{"event": "progress", "epoch": 24, "step": 150, "loss": -15.411709097751292, "seconds": 4633}
{"event": "progress", "epoch": 24, "step": 200, "loss": -12.994008490966587, "seconds": 4644}
{"event": "progress", "epoch": 24, "step": 250, "loss": -17.0043888054252, "seconds": 4655}
{"event": "progress", "epoch": 24, "step": 300, "loss": -14.291974558546485, "seconds": 4666}
{"event": "progress", "epoch": 24, "step": 350, "loss": -12.750975116753867, "seconds": 4677}
{"event": "progress", "epoch": 24, "step": 400, "loss": -12.824007850298608, "seconds": 4688}
{"event": "progress", "epoch": 24, "step": 450, "loss": -16.087584396761574, "seconds": 4699}
{"event": "progress", "epoch": 24, "step": 500, "loss": -16.479629686478752, "seconds": 4710}
{"event": "progress", "epoch": 24, "step": 550, "loss": -15.354025581202823, "seconds": 4721}
{"event": "progress", "epoch": 24, "step": 600, "loss": -17.62467949422786, "seconds": 4732}
{"event": "progress", "epoch": 24, "step": 650, "loss": -14.07176623647824, "seconds": 4743}
{"event": "progress", "epoch": 24, "step": 700, "loss": -14.598591310012523, "seconds": 4754}
{"event": "progress", "epoch": 24, "step": 750, "loss": -15.16521014524883, "seconds": 4764}
{"event": "progress", "epoch": 24, "step": 800, "loss": -15.809946813400149, "seconds": 4775}
{"event": "progress", "epoch": 24, "step": 850, "loss": -15.944035818219664, "seconds": 4786}
{"event": "progress", "epoch": 24, "step": 900, "loss": -14.277289269349103, "seconds": 4797}
{"event": "epoch", "epoch": 24, "phase": "float", "loss": -14.862188644560852, "seconds": 200.02582209700086, "elapsed_seconds": 4799.221196743, "learning_rate": 0.0001, "utterances": 770, "total_utterances": 770, "invalid_utterances": 0, "noisy_si_sdr": 6.016738904979767, "si_sdr": 13.690176357748063, "si_sdri": 7.673437452768296, "best_si_sdri": 7.73473159852809}
{"event": "progress", "epoch": 25, "step": 0, "loss": -17.116475322902943, "seconds": 4800}
{"event": "progress", "epoch": 25, "step": 50, "loss": -14.7301857883253, "seconds": 4811}
{"event": "progress", "epoch": 25, "step": 100, "loss": -16.75881102089039, "seconds": 4822}
{"event": "progress", "epoch": 25, "step": 150, "loss": -18.23241739440346, "seconds": 4833}
{"event": "progress", "epoch": 25, "step": 200, "loss": -15.39247131176058, "seconds": 4844}
{"event": "progress", "epoch": 25, "step": 250, "loss": -15.998990338849708, "seconds": 4855}
{"event": "progress", "epoch": 25, "step": 300, "loss": -15.466449178814827, "seconds": 4866}
{"event": "progress", "epoch": 25, "step": 350, "loss": -13.280241070135087, "seconds": 4877}
{"event": "progress", "epoch": 25, "step": 400, "loss": -16.59361628853928, "seconds": 4888}
{"event": "progress", "epoch": 25, "step": 450, "loss": -13.565803092287137, "seconds": 4899}
{"event": "progress", "epoch": 25, "step": 500, "loss": -13.69733081938313, "seconds": 4910}
{"event": "progress", "epoch": 25, "step": 550, "loss": -13.699105534090819, "seconds": 4921}
{"event": "progress", "epoch": 25, "step": 600, "loss": -14.638408263303024, "seconds": 4932}
{"event": "progress", "epoch": 25, "step": 650, "loss": -13.901441309335304, "seconds": 4943}
{"event": "progress", "epoch": 25, "step": 700, "loss": -14.968114466185819, "seconds": 4954}
{"event": "progress", "epoch": 25, "step": 750, "loss": -14.121432106636478, "seconds": 4964}
{"event": "progress", "epoch": 25, "step": 800, "loss": -15.272223811237001, "seconds": 4975}
{"event": "progress", "epoch": 25, "step": 850, "loss": -15.785679776041231, "seconds": 4986}
{"event": "progress", "epoch": 25, "step": 900, "loss": -15.337779703935663, "seconds": 4997}
{"event": "epoch", "epoch": 25, "phase": "float", "loss": -14.934903382178668, "seconds": 200.4647163059999, "elapsed_seconds": 4999.739862965001, "learning_rate": 0.0001, "utterances": 770, "total_utterances": 770, "invalid_utterances": 0, "noisy_si_sdr": 6.016738904979767, "si_sdr": 13.721281228813222, "si_sdri": 7.704542323833455, "best_si_sdri": 7.73473159852809}
{"event": "progress", "epoch": 26, "step": 0, "loss": -17.5736212766252, "seconds": 5000}
{"event": "progress", "epoch": 26, "step": 50, "loss": -16.20572827638925, "seconds": 5011}
{"event": "progress", "epoch": 26, "step": 100, "loss": -15.052656036108374, "seconds": 5022}
{"event": "progress", "epoch": 26, "step": 150, "loss": -14.403954343127253, "seconds": 5033}
{"event": "progress", "epoch": 26, "step": 200, "loss": -15.91332275445818, "seconds": 5044}
{"event": "progress", "epoch": 26, "step": 250, "loss": -14.444189832510768, "seconds": 5055}
{"event": "progress", "epoch": 26, "step": 300, "loss": -14.915124594471852, "seconds": 5066}
{"event": "progress", "epoch": 26, "step": 350, "loss": -14.639324760674011, "seconds": 5077}
{"event": "progress", "epoch": 26, "step": 400, "loss": -13.297042743117288, "seconds": 5088}
{"event": "progress", "epoch": 26, "step": 450, "loss": -15.680026369602388, "seconds": 5099}
{"event": "progress", "epoch": 26, "step": 500, "loss": -15.152567935361967, "seconds": 5110}
{"event": "progress", "epoch": 26, "step": 550, "loss": -14.79797267567671, "seconds": 5121}
{"event": "progress", "epoch": 26, "step": 600, "loss": -16.72627173259239, "seconds": 5133}
{"event": "progress", "epoch": 26, "step": 650, "loss": -13.061266818298058, "seconds": 5143}
{"event": "progress", "epoch": 26, "step": 700, "loss": -14.192839784219295, "seconds": 5154}
{"event": "progress", "epoch": 26, "step": 750, "loss": -17.0718589385811, "seconds": 5165}
{"event": "progress", "epoch": 26, "step": 800, "loss": -19.29640468094224, "seconds": 5176}
{"event": "progress", "epoch": 26, "step": 850, "loss": -15.898965087381066, "seconds": 5187}
{"event": "progress", "epoch": 26, "step": 900, "loss": -14.346823637544135, "seconds": 5198}
{"event": "epoch", "epoch": 26, "phase": "float", "loss": -14.940946878371637, "seconds": 200.0851129290004, "elapsed_seconds": 5199.878228552, "learning_rate": 0.0001, "utterances": 770, "total_utterances": 770, "invalid_utterances": 0, "noisy_si_sdr": 6.016738904979767, "si_sdr": 13.70167960694786, "si_sdri": 7.684940701968092, "best_si_sdri": 7.73473159852809}
{"event": "progress", "epoch": 27, "step": 0, "loss": -17.82236152106244, "seconds": 5200}
{"event": "progress", "epoch": 27, "step": 50, "loss": -15.566279180340786, "seconds": 5211}
{"event": "progress", "epoch": 27, "step": 100, "loss": -12.519852173832598, "seconds": 5222}
{"event": "progress", "epoch": 27, "step": 150, "loss": -15.381169635667774, "seconds": 5233}
{"event": "progress", "epoch": 27, "step": 200, "loss": -16.32698101131784, "seconds": 5245}
{"event": "progress", "epoch": 27, "step": 250, "loss": -12.291095339095358, "seconds": 5255}
{"event": "progress", "epoch": 27, "step": 300, "loss": -14.510884300650142, "seconds": 5266}
{"event": "progress", "epoch": 27, "step": 350, "loss": -14.408023304511731, "seconds": 5278}
{"event": "progress", "epoch": 27, "step": 400, "loss": -14.450619807155949, "seconds": 5288}
{"event": "progress", "epoch": 27, "step": 450, "loss": -14.737311552936507, "seconds": 5299}
{"event": "progress", "epoch": 27, "step": 500, "loss": -15.733516562079632, "seconds": 5311}
{"event": "progress", "epoch": 27, "step": 550, "loss": -15.119030739569734, "seconds": 5321}
{"event": "progress", "epoch": 27, "step": 600, "loss": -14.381306029351672, "seconds": 5333}
{"event": "progress", "epoch": 27, "step": 650, "loss": -13.489258252753723, "seconds": 5344}
{"event": "progress", "epoch": 27, "step": 700, "loss": -12.883096432444134, "seconds": 5354}
{"event": "progress", "epoch": 27, "step": 750, "loss": -12.827778609376603, "seconds": 5365}
{"event": "progress", "epoch": 27, "step": 800, "loss": -16.539455105056206, "seconds": 5376}
{"event": "progress", "epoch": 27, "step": 850, "loss": -15.313867366758439, "seconds": 5387}
{"event": "progress", "epoch": 27, "step": 900, "loss": -15.783062850150698, "seconds": 5398}
{"event": "epoch", "epoch": 27, "phase": "float", "loss": -14.865487652695128, "seconds": 200.03757790099917, "elapsed_seconds": 5399.970985942001, "learning_rate": 0.0001, "utterances": 770, "total_utterances": 770, "invalid_utterances": 0, "noisy_si_sdr": 6.016738904979767, "si_sdr": 13.699499647539975, "si_sdri": 7.682760742560208, "best_si_sdri": 7.73473159852809}
{"event": "progress", "epoch": 28, "step": 0, "loss": -16.29675997267123, "seconds": 5400}
{"event": "progress", "epoch": 28, "step": 50, "loss": -13.650169142757955, "seconds": 5411}
{"event": "progress", "epoch": 28, "step": 100, "loss": -14.549306683548696, "seconds": 5423}
{"event": "progress", "epoch": 28, "step": 150, "loss": -17.084739707555144, "seconds": 5434}
{"event": "progress", "epoch": 28, "step": 200, "loss": -15.624272776553802, "seconds": 5445}
{"event": "progress", "epoch": 28, "step": 250, "loss": -13.634796835301424, "seconds": 5456}
{"event": "progress", "epoch": 28, "step": 300, "loss": -17.11530128434631, "seconds": 5466}
{"event": "progress", "epoch": 28, "step": 350, "loss": -13.071205724243427, "seconds": 5478}
{"event": "progress", "epoch": 28, "step": 400, "loss": -13.482864999406193, "seconds": 5489}
{"event": "progress", "epoch": 28, "step": 450, "loss": -16.700660645542612, "seconds": 5500}
{"event": "progress", "epoch": 28, "step": 500, "loss": -14.144496736801145, "seconds": 5511}
{"event": "progress", "epoch": 28, "step": 550, "loss": -15.366378798253209, "seconds": 5522}
{"event": "progress", "epoch": 28, "step": 600, "loss": -13.41202181215171, "seconds": 5533}
{"event": "progress", "epoch": 28, "step": 650, "loss": -14.461989198396433, "seconds": 5544}
{"event": "progress", "epoch": 28, "step": 700, "loss": -13.627735618474881, "seconds": 5555}
{"event": "progress", "epoch": 28, "step": 750, "loss": -18.33846548491253, "seconds": 5565}
{"event": "progress", "epoch": 28, "step": 800, "loss": -16.25618100461533, "seconds": 5576}
{"event": "progress", "epoch": 28, "step": 850, "loss": -15.24258572319555, "seconds": 5587}
{"event": "progress", "epoch": 28, "step": 900, "loss": -10.7798782224694, "seconds": 5598}
{"event": "epoch", "epoch": 28, "phase": "float", "loss": -14.902738047648608, "seconds": 200.1402287480014, "elapsed_seconds": 5600.169735277, "learning_rate": 5e-05, "utterances": 770, "total_utterances": 770, "invalid_utterances": 0, "noisy_si_sdr": 6.016738904979767, "si_sdr": 13.693556641387406, "si_sdri": 7.6768177364076395, "best_si_sdri": 7.73473159852809}
{"event": "progress", "epoch": 29, "step": 0, "loss": -14.942754155160765, "seconds": 5601}
{"event": "progress", "epoch": 29, "step": 50, "loss": -14.435857244467572, "seconds": 5612}
{"event": "progress", "epoch": 29, "step": 100, "loss": -16.431842075909714, "seconds": 5623}
{"event": "progress", "epoch": 29, "step": 150, "loss": -16.125072390497607, "seconds": 5634}
{"event": "progress", "epoch": 29, "step": 200, "loss": -13.481534359895933, "seconds": 5645}
{"event": "progress", "epoch": 29, "step": 250, "loss": -14.708167931226171, "seconds": 5656}
{"event": "progress", "epoch": 29, "step": 300, "loss": -14.6864570385514, "seconds": 5667}
{"event": "progress", "epoch": 29, "step": 350, "loss": -13.395272328414004, "seconds": 5678}
{"event": "progress", "epoch": 29, "step": 400, "loss": -13.674168423121458, "seconds": 5689}
{"event": "progress", "epoch": 29, "step": 450, "loss": -12.820684252549867, "seconds": 5700}
{"event": "progress", "epoch": 29, "step": 500, "loss": -14.41598867141135, "seconds": 5711}
{"event": "progress", "epoch": 29, "step": 550, "loss": -16.33991900891398, "seconds": 5722}
{"event": "progress", "epoch": 29, "step": 600, "loss": -17.484067101702994, "seconds": 5733}
{"event": "progress", "epoch": 29, "step": 650, "loss": -16.122740376794077, "seconds": 5744}
{"event": "progress", "epoch": 29, "step": 700, "loss": -14.682715633264602, "seconds": 5755}
{"event": "progress", "epoch": 29, "step": 750, "loss": -15.680465918705751, "seconds": 5765}
{"event": "progress", "epoch": 29, "step": 800, "loss": -14.402058325126143, "seconds": 5776}
{"event": "progress", "epoch": 29, "step": 850, "loss": -18.810180493693927, "seconds": 5787}
{"event": "progress", "epoch": 29, "step": 900, "loss": -12.680924913390067, "seconds": 5798}
{"event": "epoch", "epoch": 29, "phase": "float", "loss": -14.884736358590862, "seconds": 200.1180728670006, "elapsed_seconds": 5800.366582, "learning_rate": 5e-05, "utterances": 770, "total_utterances": 770, "invalid_utterances": 0, "noisy_si_sdr": 6.016738904979767, "si_sdr": 13.734282449169434, "si_sdri": 7.717543544189667, "best_si_sdri": 7.73473159852809}
{"event": "progress", "epoch": 30, "step": 0, "loss": -15.614809679570415, "seconds": 5801}
{"event": "progress", "epoch": 30, "step": 50, "loss": -14.939034236165849, "seconds": 5812}
{"event": "progress", "epoch": 30, "step": 100, "loss": -13.69705585622566, "seconds": 5823}
{"event": "progress", "epoch": 30, "step": 150, "loss": -14.36285295900458, "seconds": 5834}
{"event": "progress", "epoch": 30, "step": 200, "loss": -12.572654302679789, "seconds": 5845}
{"event": "progress", "epoch": 30, "step": 250, "loss": -13.46872407625876, "seconds": 5856}
{"event": "progress", "epoch": 30, "step": 300, "loss": -18.988656997603517, "seconds": 5867}
{"event": "progress", "epoch": 30, "step": 350, "loss": -13.583652506448018, "seconds": 5878}
{"event": "progress", "epoch": 30, "step": 400, "loss": -12.625350614060665, "seconds": 5889}
{"event": "progress", "epoch": 30, "step": 450, "loss": -16.82957089015875, "seconds": 5900}
{"event": "progress", "epoch": 30, "step": 500, "loss": -16.256819994377043, "seconds": 5911}
{"event": "progress", "epoch": 30, "step": 550, "loss": -13.569050957287985, "seconds": 5922}
{"event": "progress", "epoch": 30, "step": 600, "loss": -14.928536583208222, "seconds": 5933}
{"event": "progress", "epoch": 30, "step": 650, "loss": -15.478272862680898, "seconds": 5944}
{"event": "progress", "epoch": 30, "step": 700, "loss": -16.38595033091408, "seconds": 5955}
{"event": "progress", "epoch": 30, "step": 750, "loss": -12.81029472890376, "seconds": 5965}
{"event": "progress", "epoch": 30, "step": 800, "loss": -14.956111558281485, "seconds": 5976}
{"event": "progress", "epoch": 30, "step": 850, "loss": -14.592932401796705, "seconds": 5987}
{"event": "progress", "epoch": 30, "step": 900, "loss": -10.920132424788633, "seconds": 5998}
{"event": "epoch", "epoch": 30, "phase": "float", "loss": -14.894719562091856, "seconds": 200.08035903899872, "elapsed_seconds": 6000.501995322999, "learning_rate": 5e-05, "utterances": 770, "total_utterances": 770, "invalid_utterances": 0, "noisy_si_sdr": 6.016738904979767, "si_sdr": 13.739707239594509, "si_sdri": 7.72296833461474, "best_si_sdri": 7.73473159852809}
{"event": "progress", "epoch": 31, "step": 0, "loss": -15.654282267011684, "seconds": 6001}
{"event": "progress", "epoch": 31, "step": 50, "loss": -14.404656792733057, "seconds": 6013}
{"event": "progress", "epoch": 31, "step": 100, "loss": -13.632946677465899, "seconds": 6023}
{"event": "progress", "epoch": 31, "step": 150, "loss": -15.569269102234905, "seconds": 6034}
{"event": "progress", "epoch": 31, "step": 200, "loss": -16.767971191070497, "seconds": 6046}
{"event": "progress", "epoch": 31, "step": 250, "loss": -18.135866714283395, "seconds": 6057}
{"event": "progress", "epoch": 31, "step": 300, "loss": -12.349819378111384, "seconds": 6068}
{"event": "progress", "epoch": 31, "step": 350, "loss": -17.602693030618614, "seconds": 6079}
{"event": "progress", "epoch": 31, "step": 400, "loss": -15.104293874072178, "seconds": 6090}
{"event": "progress", "epoch": 31, "step": 450, "loss": -17.173849946372286, "seconds": 6101}
{"event": "progress", "epoch": 31, "step": 500, "loss": -15.624732232523787, "seconds": 6112}
{"event": "progress", "epoch": 31, "step": 550, "loss": -16.023128546933965, "seconds": 6122}
{"event": "progress", "epoch": 31, "step": 600, "loss": -12.987290287069005, "seconds": 6134}
{"event": "progress", "epoch": 31, "step": 650, "loss": -15.271944756187219, "seconds": 6145}
{"event": "progress", "epoch": 31, "step": 700, "loss": -14.687224921830259, "seconds": 6156}
{"event": "progress", "epoch": 31, "step": 750, "loss": -13.28113834014687, "seconds": 6166}
{"event": "progress", "epoch": 31, "step": 800, "loss": -17.14248967932913, "seconds": 6177}
{"event": "progress", "epoch": 31, "step": 850, "loss": -17.182445123276977, "seconds": 6188}
{"event": "progress", "epoch": 31, "step": 900, "loss": -15.055187058299738, "seconds": 6199}
{"event": "epoch", "epoch": 31, "phase": "float", "loss": -14.872577338762058, "seconds": 200.5130021999994, "elapsed_seconds": 6201.068590059001, "learning_rate": 5e-05, "utterances": 770, "total_utterances": 770, "invalid_utterances": 0, "noisy_si_sdr": 6.016738904979767, "si_sdr": 13.742360884478865, "si_sdri": 7.725621979499097, "best_si_sdri": 7.73473159852809}
{"event": "progress", "epoch": 32, "step": 0, "loss": -11.55844301607712, "seconds": 6202}
{"event": "progress", "epoch": 32, "step": 50, "loss": -14.854223377121665, "seconds": 6213}
{"event": "progress", "epoch": 32, "step": 100, "loss": -17.584643122879832, "seconds": 6224}
{"event": "progress", "epoch": 32, "step": 150, "loss": -15.882114844386416, "seconds": 6235}
{"event": "progress", "epoch": 32, "step": 200, "loss": -14.596299340711901, "seconds": 6246}
{"event": "progress", "epoch": 32, "step": 250, "loss": -13.237406471239732, "seconds": 6257}
{"event": "progress", "epoch": 32, "step": 300, "loss": -13.06515150556438, "seconds": 6268}
{"event": "progress", "epoch": 32, "step": 350, "loss": -16.208618837988567, "seconds": 6279}
{"event": "progress", "epoch": 32, "step": 400, "loss": -15.542037585311174, "seconds": 6290}
{"event": "progress", "epoch": 32, "step": 450, "loss": -15.142455510378719, "seconds": 6301}
{"event": "progress", "epoch": 32, "step": 500, "loss": -17.606424382764136, "seconds": 6312}
{"event": "progress", "epoch": 32, "step": 550, "loss": -13.743535998923598, "seconds": 6323}
{"event": "progress", "epoch": 32, "step": 600, "loss": -17.981474814547468, "seconds": 6334}
{"event": "progress", "epoch": 32, "step": 650, "loss": -16.284834195220053, "seconds": 6345}
{"event": "progress", "epoch": 32, "step": 700, "loss": -14.691767056650313, "seconds": 6356}
{"event": "progress", "epoch": 32, "step": 750, "loss": -15.755444466519066, "seconds": 6366}
{"event": "progress", "epoch": 32, "step": 800, "loss": -14.611499012376154, "seconds": 6377}
{"event": "progress", "epoch": 32, "step": 850, "loss": -14.007422978948336, "seconds": 6388}
{"event": "progress", "epoch": 32, "step": 900, "loss": -8.868469792503602, "seconds": 6399}
{"event": "epoch", "epoch": 32, "phase": "float", "loss": -14.942810327599862, "seconds": 200.00387250700078, "elapsed_seconds": 6401.134474072999, "learning_rate": 5e-05, "utterances": 770, "total_utterances": 770, "invalid_utterances": 0, "noisy_si_sdr": 6.016738904979767, "si_sdr": 13.728265597584771, "si_sdri": 7.711526692605004, "best_si_sdri": 7.73473159852809}
{"event": "progress", "epoch": 33, "step": 0, "loss": -14.148882891979337, "seconds": 6402}
{"event": "progress", "epoch": 33, "step": 50, "loss": -13.899007236233164, "seconds": 6413}
{"event": "progress", "epoch": 33, "step": 100, "loss": -13.317757832152335, "seconds": 6424}
{"event": "progress", "epoch": 33, "step": 150, "loss": -15.965589170928078, "seconds": 6435}
{"event": "progress", "epoch": 33, "step": 200, "loss": -14.929232221501739, "seconds": 6446}
{"event": "progress", "epoch": 33, "step": 250, "loss": -13.522377681969616, "seconds": 6457}
{"event": "progress", "epoch": 33, "step": 300, "loss": -14.755874499755983, "seconds": 6468}
{"event": "progress", "epoch": 33, "step": 350, "loss": -14.28117690449905, "seconds": 6479}
{"event": "progress", "epoch": 33, "step": 400, "loss": -14.185560538582461, "seconds": 6490}
{"event": "progress", "epoch": 33, "step": 450, "loss": -15.724722659500836, "seconds": 6501}
{"event": "progress", "epoch": 33, "step": 500, "loss": -17.146468262333507, "seconds": 6512}
{"event": "progress", "epoch": 33, "step": 550, "loss": -16.329525455229383, "seconds": 6523}
{"event": "progress", "epoch": 33, "step": 600, "loss": -12.919084879844187, "seconds": 6534}
{"event": "progress", "epoch": 33, "step": 650, "loss": -15.859087659389168, "seconds": 6545}
{"event": "progress", "epoch": 33, "step": 700, "loss": -17.92131075314063, "seconds": 6556}
{"event": "progress", "epoch": 33, "step": 750, "loss": -15.16045280897722, "seconds": 6566}
{"event": "progress", "epoch": 33, "step": 800, "loss": -16.168398800763235, "seconds": 6577}
{"event": "progress", "epoch": 33, "step": 850, "loss": -18.249006092156066, "seconds": 6588}
{"event": "progress", "epoch": 33, "step": 900, "loss": -15.074330609357178, "seconds": 6599}
{"event": "epoch", "epoch": 33, "phase": "float", "loss": -14.88005821670925, "seconds": 200.4687188429998, "elapsed_seconds": 6601.6587555020005, "learning_rate": 5e-05, "utterances": 770, "total_utterances": 770, "invalid_utterances": 0, "noisy_si_sdr": 6.016738904979767, "si_sdr": 13.766688374919642, "si_sdri": 7.749949469939874, "best_si_sdri": 7.749949469939874}
{"event": "progress", "epoch": 34, "step": 0, "loss": -14.571064102258756, "seconds": 6602}
{"event": "progress", "epoch": 34, "step": 50, "loss": -16.751767066212146, "seconds": 6614}
{"event": "progress", "epoch": 34, "step": 100, "loss": -16.373170737748175, "seconds": 6625}
{"event": "progress", "epoch": 34, "step": 150, "loss": -15.608221134777, "seconds": 6636}
{"event": "progress", "epoch": 34, "step": 200, "loss": -13.544157733678624, "seconds": 6647}
{"event": "progress", "epoch": 34, "step": 250, "loss": -13.052851751437775, "seconds": 6658}
{"event": "progress", "epoch": 34, "step": 300, "loss": -14.973040298698987, "seconds": 6669}
{"event": "progress", "epoch": 34, "step": 350, "loss": -15.120516173218704, "seconds": 6680}
{"event": "progress", "epoch": 34, "step": 400, "loss": -14.538034954293394, "seconds": 6691}
{"event": "progress", "epoch": 34, "step": 450, "loss": -16.324830584983307, "seconds": 6702}
{"event": "progress", "epoch": 34, "step": 500, "loss": -15.01694562933288, "seconds": 6713}
{"event": "progress", "epoch": 34, "step": 550, "loss": -14.362080001613714, "seconds": 6725}
{"event": "progress", "epoch": 34, "step": 600, "loss": -14.879822301114242, "seconds": 6735}
{"event": "progress", "epoch": 34, "step": 650, "loss": -15.894431974532646, "seconds": 6746}
{"event": "progress", "epoch": 34, "step": 700, "loss": -13.148783438276414, "seconds": 6758}
{"event": "progress", "epoch": 34, "step": 750, "loss": -10.868254428280192, "seconds": 6768}
{"event": "progress", "epoch": 34, "step": 800, "loss": -17.809190175058554, "seconds": 6779}
{"event": "progress", "epoch": 34, "step": 850, "loss": -15.745940836126895, "seconds": 6790}
{"event": "progress", "epoch": 34, "step": 900, "loss": -16.048001955494648, "seconds": 6801}
{"event": "epoch", "epoch": 34, "phase": "float", "loss": -14.923536581800095, "seconds": 201.51244314499854, "elapsed_seconds": 6803.280282508999, "learning_rate": 5e-05, "utterances": 770, "total_utterances": 770, "invalid_utterances": 0, "noisy_si_sdr": 6.016738904979767, "si_sdr": 13.756776530661895, "si_sdri": 7.740037625682128, "best_si_sdri": 7.749949469939874}
{"event": "progress", "epoch": 35, "step": 0, "loss": -13.238141804018888, "seconds": 6804}
{"event": "progress", "epoch": 35, "step": 50, "loss": -13.248537037098169, "seconds": 6815}
{"event": "progress", "epoch": 35, "step": 100, "loss": -11.973088499236795, "seconds": 6826}
{"event": "progress", "epoch": 35, "step": 150, "loss": -15.50435384458763, "seconds": 6837}
{"event": "progress", "epoch": 35, "step": 200, "loss": -16.9633789765984, "seconds": 6848}
{"event": "progress", "epoch": 35, "step": 250, "loss": -13.295774442803046, "seconds": 6859}
{"event": "progress", "epoch": 35, "step": 300, "loss": -13.237751286787084, "seconds": 6870}
{"event": "progress", "epoch": 35, "step": 350, "loss": -17.07638624135651, "seconds": 6881}
{"event": "progress", "epoch": 35, "step": 400, "loss": -14.567411241860698, "seconds": 6892}
{"event": "progress", "epoch": 35, "step": 450, "loss": -13.355410766812529, "seconds": 6903}
{"event": "progress", "epoch": 35, "step": 500, "loss": -11.917808627754688, "seconds": 6914}
{"event": "progress", "epoch": 35, "step": 550, "loss": -18.163075773354436, "seconds": 6925}
{"event": "progress", "epoch": 35, "step": 600, "loss": -12.135819109002359, "seconds": 6936}
{"event": "progress", "epoch": 35, "step": 650, "loss": -15.372633353235468, "seconds": 6947}
{"event": "progress", "epoch": 35, "step": 700, "loss": -15.680489642731956, "seconds": 6958}
{"event": "progress", "epoch": 35, "step": 750, "loss": -18.938899887539566, "seconds": 6969}
{"event": "progress", "epoch": 35, "step": 800, "loss": -13.197042643416555, "seconds": 6979}
{"event": "progress", "epoch": 35, "step": 850, "loss": -12.732410075966593, "seconds": 6990}
{"event": "progress", "epoch": 35, "step": 900, "loss": -16.414700436139114, "seconds": 7001}
{"event": "epoch", "epoch": 35, "phase": "float", "loss": -14.923498262964415, "seconds": 200.10201995899843, "elapsed_seconds": 7003.4358225490005, "learning_rate": 5e-05, "utterances": 770, "total_utterances": 770, "invalid_utterances": 0, "noisy_si_sdr": 6.016738904979767, "si_sdr": 13.72440897349267, "si_sdri": 7.707670068512901, "best_si_sdri": 7.749949469939874}
{"event": "progress", "epoch": 36, "step": 0, "loss": -14.907728821772, "seconds": 7004}
{"event": "progress", "epoch": 36, "step": 50, "loss": -15.220688610825095, "seconds": 7015}
{"event": "progress", "epoch": 36, "step": 100, "loss": -16.16264551749348, "seconds": 7026}
{"event": "progress", "epoch": 36, "step": 150, "loss": -12.518664571597984, "seconds": 7037}
{"event": "progress", "epoch": 36, "step": 200, "loss": -14.431662227221853, "seconds": 7048}
{"event": "progress", "epoch": 36, "step": 250, "loss": -16.36611155567009, "seconds": 7059}
{"event": "progress", "epoch": 36, "step": 300, "loss": -14.596897049473952, "seconds": 7070}
{"event": "progress", "epoch": 36, "step": 350, "loss": -16.071187437460033, "seconds": 7081}
{"event": "progress", "epoch": 36, "step": 400, "loss": -16.91451742300308, "seconds": 7092}
{"event": "progress", "epoch": 36, "step": 450, "loss": -18.555240768664024, "seconds": 7103}
{"event": "progress", "epoch": 36, "step": 500, "loss": -16.714917216082824, "seconds": 7114}
{"event": "progress", "epoch": 36, "step": 550, "loss": -15.986012517870886, "seconds": 7125}
{"event": "progress", "epoch": 36, "step": 600, "loss": -17.60405839512386, "seconds": 7136}
{"event": "progress", "epoch": 36, "step": 650, "loss": -14.242761207499578, "seconds": 7147}
{"event": "progress", "epoch": 36, "step": 700, "loss": -14.546155340288696, "seconds": 7158}
{"event": "progress", "epoch": 36, "step": 750, "loss": -14.177119902331963, "seconds": 7169}
{"event": "progress", "epoch": 36, "step": 800, "loss": -14.938073396888019, "seconds": 7179}
{"event": "progress", "epoch": 36, "step": 850, "loss": -17.267478278722088, "seconds": 7190}
{"event": "progress", "epoch": 36, "step": 900, "loss": -15.33103834007943, "seconds": 7201}
{"event": "epoch", "epoch": 36, "phase": "float", "loss": -14.898949196676664, "seconds": 200.09714023300148, "elapsed_seconds": 7203.587519498999, "learning_rate": 5e-05, "utterances": 770, "total_utterances": 770, "invalid_utterances": 0, "noisy_si_sdr": 6.016738904979767, "si_sdr": 13.75928358220579, "si_sdri": 7.742544677226024, "best_si_sdri": 7.749949469939874}
{"event": "progress", "epoch": 37, "step": 0, "loss": -12.574850060208352, "seconds": 7204}
{"event": "progress", "epoch": 37, "step": 50, "loss": -15.163587430521, "seconds": 7215}
{"event": "progress", "epoch": 37, "step": 100, "loss": -12.620614059667858, "seconds": 7227}
{"event": "progress", "epoch": 37, "step": 150, "loss": -13.471343672304394, "seconds": 7238}
{"event": "progress", "epoch": 37, "step": 200, "loss": -14.722857125707643, "seconds": 7249}
{"event": "progress", "epoch": 37, "step": 250, "loss": -18.07467449262304, "seconds": 7260}
{"event": "progress", "epoch": 37, "step": 300, "loss": -16.473653166232346, "seconds": 7271}
{"event": "progress", "epoch": 37, "step": 350, "loss": -13.808668562114274, "seconds": 7282}
{"event": "progress", "epoch": 37, "step": 400, "loss": -16.06032622397554, "seconds": 7293}
{"event": "progress", "epoch": 37, "step": 450, "loss": -14.011228390263142, "seconds": 7304}
{"event": "progress", "epoch": 37, "step": 500, "loss": -15.341114953976566, "seconds": 7315}
{"event": "progress", "epoch": 37, "step": 550, "loss": -11.210962294197529, "seconds": 7326}
{"event": "progress", "epoch": 37, "step": 600, "loss": -12.351684747725251, "seconds": 7337}
{"event": "progress", "epoch": 37, "step": 650, "loss": -15.751403105198047, "seconds": 7348}
{"event": "progress", "epoch": 37, "step": 700, "loss": -16.271810184915335, "seconds": 7359}
{"event": "progress", "epoch": 37, "step": 750, "loss": -17.506607772540228, "seconds": 7369}
{"event": "progress", "epoch": 37, "step": 800, "loss": -17.719465769923683, "seconds": 7380}
{"event": "progress", "epoch": 37, "step": 850, "loss": -14.168038729700402, "seconds": 7391}
{"event": "progress", "epoch": 37, "step": 900, "loss": -18.01619717454966, "seconds": 7402}
{"event": "epoch", "epoch": 37, "phase": "float", "loss": -14.901312720701325, "seconds": 200.48260515999937, "elapsed_seconds": 7404.176764466, "learning_rate": 5e-05, "utterances": 770, "total_utterances": 770, "invalid_utterances": 0, "noisy_si_sdr": 6.016738904979767, "si_sdr": 13.767336048215318, "si_sdri": 7.750597143235552, "best_si_sdri": 7.750597143235552}
{"event": "progress", "epoch": 38, "step": 0, "loss": -15.769568634811167, "seconds": 7405}
{"event": "progress", "epoch": 38, "step": 50, "loss": -13.77224213633624, "seconds": 7416}
{"event": "progress", "epoch": 38, "step": 100, "loss": -15.888020610371392, "seconds": 7427}
{"event": "progress", "epoch": 38, "step": 150, "loss": -18.33967563799792, "seconds": 7438}
{"event": "progress", "epoch": 38, "step": 200, "loss": -14.179211930355601, "seconds": 7449}
{"event": "progress", "epoch": 38, "step": 250, "loss": -16.6622771196945, "seconds": 7460}
{"event": "progress", "epoch": 38, "step": 300, "loss": -14.442412732863165, "seconds": 7471}
{"event": "progress", "epoch": 38, "step": 350, "loss": -15.745615063117187, "seconds": 7482}
{"event": "progress", "epoch": 38, "step": 400, "loss": -14.574231141812866, "seconds": 7493}
{"event": "progress", "epoch": 38, "step": 450, "loss": -12.726066392818213, "seconds": 7504}
{"event": "progress", "epoch": 38, "step": 500, "loss": -14.28002929251787, "seconds": 7515}
{"event": "progress", "epoch": 38, "step": 550, "loss": -17.314671182463766, "seconds": 7526}
{"event": "progress", "epoch": 38, "step": 600, "loss": -16.097904114063915, "seconds": 7537}
{"event": "progress", "epoch": 38, "step": 650, "loss": -13.015148777647633, "seconds": 7548}
{"event": "progress", "epoch": 38, "step": 700, "loss": -14.626443890294931, "seconds": 7559}
{"event": "progress", "epoch": 38, "step": 750, "loss": -16.577885613632887, "seconds": 7569}
{"event": "progress", "epoch": 38, "step": 800, "loss": -13.900997196008825, "seconds": 7580}
{"event": "progress", "epoch": 38, "step": 850, "loss": -14.437654241852423, "seconds": 7591}
{"event": "progress", "epoch": 38, "step": 900, "loss": -10.216527443376666, "seconds": 7602}
{"event": "epoch", "epoch": 38, "phase": "float", "loss": -14.944013114649723, "seconds": 199.5674826100003, "elapsed_seconds": 7603.8518043779995, "learning_rate": 2.5e-05, "utterances": 770, "total_utterances": 770, "invalid_utterances": 0, "noisy_si_sdr": 6.016738904979767, "si_sdr": 13.763826297610862, "si_sdri": 7.747087392631095, "best_si_sdri": 7.750597143235552}
{"event": "progress", "epoch": 39, "step": 0, "loss": -16.978096916898338, "seconds": 7604}
{"event": "progress", "epoch": 39, "step": 50, "loss": -14.609266571554247, "seconds": 7615}
{"event": "progress", "epoch": 39, "step": 100, "loss": -16.49843127046136, "seconds": 7625}
{"event": "progress", "epoch": 39, "step": 150, "loss": -12.770453439920662, "seconds": 7636}
{"event": "progress", "epoch": 39, "step": 200, "loss": -15.51096005909547, "seconds": 7646}
{"event": "progress", "epoch": 39, "step": 250, "loss": -12.083271952473925, "seconds": 7657}
{"event": "progress", "epoch": 39, "step": 300, "loss": -14.208302122069597, "seconds": 7667}
{"event": "progress", "epoch": 39, "step": 350, "loss": -15.339695014243027, "seconds": 7678}
{"event": "progress", "epoch": 39, "step": 400, "loss": -16.847953330564607, "seconds": 7688}
{"event": "progress", "epoch": 39, "step": 450, "loss": -15.55098931149687, "seconds": 7699}
{"event": "progress", "epoch": 39, "step": 500, "loss": -14.951358700473126, "seconds": 7709}
{"event": "progress", "epoch": 39, "step": 550, "loss": -15.534686243074677, "seconds": 7720}
{"event": "progress", "epoch": 39, "step": 600, "loss": -13.479768551850059, "seconds": 7730}
{"event": "progress", "epoch": 39, "step": 650, "loss": -15.483131671095652, "seconds": 7741}
{"event": "progress", "epoch": 39, "step": 700, "loss": -10.906383553161586, "seconds": 7751}
{"event": "progress", "epoch": 39, "step": 750, "loss": -13.991417763880136, "seconds": 7761}
{"event": "progress", "epoch": 39, "step": 800, "loss": -13.61554877813495, "seconds": 7772}
{"event": "progress", "epoch": 39, "step": 850, "loss": -15.150040331420996, "seconds": 7782}
{"event": "progress", "epoch": 39, "step": 900, "loss": -13.890043529468846, "seconds": 7792}
{"event": "epoch", "epoch": 39, "phase": "float", "loss": -14.965650333997324, "seconds": 190.80599026099844, "elapsed_seconds": 7794.711320492, "learning_rate": 2.5e-05, "utterances": 770, "total_utterances": 770, "invalid_utterances": 0, "noisy_si_sdr": 6.016738904979767, "si_sdr": 13.758803261108453, "si_sdri": 7.742064356128685, "best_si_sdri": 7.750597143235552}
{"event": "progress", "epoch": 40, "step": 0, "loss": -13.031890562644671, "seconds": 7795}
{"event": "progress", "epoch": 40, "step": 50, "loss": -15.999090892322585, "seconds": 7806}
{"event": "progress", "epoch": 40, "step": 100, "loss": -13.564612391091467, "seconds": 7816}
{"event": "progress", "epoch": 40, "step": 150, "loss": -14.576603096874877, "seconds": 7827}
{"event": "progress", "epoch": 40, "step": 200, "loss": -15.808960701327637, "seconds": 7837}
{"event": "progress", "epoch": 40, "step": 250, "loss": -16.04920382260208, "seconds": 7848}
{"event": "progress", "epoch": 40, "step": 300, "loss": -14.21225773882134, "seconds": 7859}
{"event": "progress", "epoch": 40, "step": 350, "loss": -12.742164511823733, "seconds": 7870}
{"event": "progress", "epoch": 40, "step": 400, "loss": -15.673444777932016, "seconds": 7881}
{"event": "progress", "epoch": 40, "step": 450, "loss": -14.415677211255861, "seconds": 7892}
{"event": "progress", "epoch": 40, "step": 500, "loss": -13.051359134157474, "seconds": 7903}
{"event": "progress", "epoch": 40, "step": 550, "loss": -13.681668439065835, "seconds": 7914}
{"event": "progress", "epoch": 40, "step": 600, "loss": -15.673629479687296, "seconds": 7925}
{"event": "progress", "epoch": 40, "step": 650, "loss": -15.03328078548068, "seconds": 7936}
{"event": "progress", "epoch": 40, "step": 700, "loss": -16.211875314460656, "seconds": 7947}
{"event": "progress", "epoch": 40, "step": 750, "loss": -17.5592178558901, "seconds": 7958}
{"event": "progress", "epoch": 40, "step": 800, "loss": -14.671989853936973, "seconds": 7969}
{"event": "progress", "epoch": 40, "step": 850, "loss": -14.32690335549211, "seconds": 7980}
{"event": "progress", "epoch": 40, "step": 900, "loss": -13.63280002608828, "seconds": 7991}
{"event": "epoch", "epoch": 40, "phase": "float", "loss": -14.972157581828789, "seconds": 198.1320733930006, "elapsed_seconds": 7992.921272275001, "learning_rate": 2.5e-05, "utterances": 770, "total_utterances": 770, "invalid_utterances": 0, "noisy_si_sdr": 6.016738904979767, "si_sdr": 13.734050455702963, "si_sdri": 7.717311550723197, "best_si_sdri": 7.750597143235552}
{"event": "progress", "epoch": 41, "step": 0, "loss": -13.922143471726471, "seconds": 7993}
{"event": "progress", "epoch": 41, "step": 50, "loss": -14.183977098263146, "seconds": 8005}
{"event": "progress", "epoch": 41, "step": 100, "loss": -12.675880421396087, "seconds": 8016}
{"event": "progress", "epoch": 41, "step": 150, "loss": -16.450126335931408, "seconds": 8027}
{"event": "progress", "epoch": 41, "step": 200, "loss": -14.018719926559394, "seconds": 8039}
{"event": "progress", "epoch": 41, "step": 250, "loss": -15.426282127637748, "seconds": 8050}
{"event": "progress", "epoch": 41, "step": 300, "loss": -16.035010152537144, "seconds": 8061}
{"event": "progress", "epoch": 41, "step": 350, "loss": -16.93220323278608, "seconds": 8072}
{"event": "progress", "epoch": 41, "step": 400, "loss": -14.839086845026475, "seconds": 8083}
{"event": "progress", "epoch": 41, "step": 450, "loss": -16.843615820366654, "seconds": 8094}
{"event": "progress", "epoch": 41, "step": 500, "loss": -15.88997512315365, "seconds": 8105}
{"event": "progress", "epoch": 41, "step": 550, "loss": -13.206958730132811, "seconds": 8116}
{"event": "progress", "epoch": 41, "step": 600, "loss": -16.76585642858881, "seconds": 8127}
{"event": "progress", "epoch": 41, "step": 650, "loss": -14.332454756257647, "seconds": 8138}
{"event": "progress", "epoch": 41, "step": 700, "loss": -12.747017854454615, "seconds": 8149}
{"event": "progress", "epoch": 41, "step": 750, "loss": -17.450563804250077, "seconds": 8159}
{"event": "progress", "epoch": 41, "step": 800, "loss": -15.64570295415056, "seconds": 8170}
{"event": "progress", "epoch": 41, "step": 850, "loss": -13.543177867167376, "seconds": 8181}
{"event": "progress", "epoch": 41, "step": 900, "loss": -19.603038583376097, "seconds": 8192}
{"event": "epoch", "epoch": 41, "phase": "float", "loss": -14.9511796576513, "seconds": 201.23787649299993, "elapsed_seconds": 8194.213987232, "learning_rate": 2.5e-05, "utterances": 770, "total_utterances": 770, "invalid_utterances": 0, "noisy_si_sdr": 6.016738904979767, "si_sdr": 13.783667135027216, "si_sdri": 7.766928230047447, "best_si_sdri": 7.766928230047447}
{"event": "progress", "epoch": 42, "step": 0, "loss": -14.498794306388188, "seconds": 8195}
{"event": "progress", "epoch": 42, "step": 50, "loss": -14.627160070648667, "seconds": 8206}
{"event": "progress", "epoch": 42, "step": 100, "loss": -14.160696639505483, "seconds": 8217}
{"event": "progress", "epoch": 42, "step": 150, "loss": -15.199116132548145, "seconds": 8228}
{"event": "progress", "epoch": 42, "step": 200, "loss": -15.727689026712373, "seconds": 8239}
{"event": "progress", "epoch": 42, "step": 250, "loss": -14.828469831799758, "seconds": 8250}
{"event": "progress", "epoch": 42, "step": 300, "loss": -12.671365558375754, "seconds": 8261}
{"event": "progress", "epoch": 42, "step": 350, "loss": -14.953955226742403, "seconds": 8272}
{"event": "progress", "epoch": 42, "step": 400, "loss": -16.580005962823734, "seconds": 8283}
{"event": "progress", "epoch": 42, "step": 450, "loss": -14.448772805885415, "seconds": 8294}
{"event": "progress", "epoch": 42, "step": 500, "loss": -15.014079516790932, "seconds": 8305}
{"event": "progress", "epoch": 42, "step": 550, "loss": -15.65455477604241, "seconds": 8316}
{"event": "progress", "epoch": 42, "step": 600, "loss": -16.80093170752101, "seconds": 8327}
{"event": "progress", "epoch": 42, "step": 650, "loss": -14.642597667436142, "seconds": 8338}
{"event": "progress", "epoch": 42, "step": 700, "loss": -17.34859350949578, "seconds": 8349}
{"event": "progress", "epoch": 42, "step": 750, "loss": -18.22626960579446, "seconds": 8359}
{"event": "progress", "epoch": 42, "step": 800, "loss": -14.278765040201527, "seconds": 8370}
{"event": "progress", "epoch": 42, "step": 850, "loss": -15.561644708663056, "seconds": 8382}
{"event": "progress", "epoch": 42, "step": 900, "loss": -15.169325438843153, "seconds": 8392}
{"event": "epoch", "epoch": 42, "phase": "float", "loss": -14.898568054516035, "seconds": 200.37785925000026, "elapsed_seconds": 8394.697900701001, "learning_rate": 2.5e-05, "utterances": 770, "total_utterances": 770, "invalid_utterances": 0, "noisy_si_sdr": 6.016738904979767, "si_sdr": 13.756558026048472, "si_sdri": 7.739819121068705, "best_si_sdri": 7.766928230047447}
{"event": "progress", "epoch": 43, "step": 0, "loss": -16.49936830978858, "seconds": 8395}
{"event": "progress", "epoch": 43, "step": 50, "loss": -15.274819094047814, "seconds": 8406}
{"event": "progress", "epoch": 43, "step": 100, "loss": -16.673965559620676, "seconds": 8418}
{"event": "progress", "epoch": 43, "step": 150, "loss": -15.419947039967617, "seconds": 8429}
{"event": "progress", "epoch": 43, "step": 200, "loss": -14.520500165051427, "seconds": 8440}
{"event": "progress", "epoch": 43, "step": 250, "loss": -14.74406767449781, "seconds": 8451}
{"event": "progress", "epoch": 43, "step": 300, "loss": -11.482827576321924, "seconds": 8462}
{"event": "progress", "epoch": 43, "step": 350, "loss": -13.356642938466402, "seconds": 8473}
{"event": "progress", "epoch": 43, "step": 400, "loss": -14.541192477835361, "seconds": 8484}
{"event": "progress", "epoch": 43, "step": 450, "loss": -16.71831438448846, "seconds": 8495}
{"event": "progress", "epoch": 43, "step": 500, "loss": -14.851792462537649, "seconds": 8506}
{"event": "progress", "epoch": 43, "step": 550, "loss": -14.142034611908102, "seconds": 8517}
{"event": "progress", "epoch": 43, "step": 600, "loss": -15.485873956773446, "seconds": 8528}
{"event": "progress", "epoch": 43, "step": 650, "loss": -15.63891454553482, "seconds": 8539}
{"event": "progress", "epoch": 43, "step": 700, "loss": -14.22257119898676, "seconds": 8550}
{"event": "progress", "epoch": 43, "step": 750, "loss": -13.872412694728638, "seconds": 8560}
{"event": "progress", "epoch": 43, "step": 800, "loss": -14.802145681254425, "seconds": 8572}
{"event": "progress", "epoch": 43, "step": 850, "loss": -13.042544289798542, "seconds": 8583}
{"event": "progress", "epoch": 43, "step": 900, "loss": -17.061880057075513, "seconds": 8594}
{"event": "epoch", "epoch": 43, "phase": "float", "loss": -14.865416062737761, "seconds": 201.7838167359987, "elapsed_seconds": 8596.538087383, "learning_rate": 2.5e-05, "utterances": 770, "total_utterances": 770, "invalid_utterances": 0, "noisy_si_sdr": 6.016738904979767, "si_sdr": 13.762442349154828, "si_sdri": 7.745703444175061, "best_si_sdri": 7.766928230047447}
{"event": "progress", "epoch": 44, "step": 0, "loss": -14.243085147058546, "seconds": 8597}
{"event": "progress", "epoch": 44, "step": 50, "loss": -13.997742325201935, "seconds": 8608}
{"event": "progress", "epoch": 44, "step": 100, "loss": -12.974888428308905, "seconds": 8620}
{"event": "progress", "epoch": 44, "step": 150, "loss": -17.317223327653256, "seconds": 8631}
{"event": "progress", "epoch": 44, "step": 200, "loss": -13.16317342993014, "seconds": 8642}
{"event": "progress", "epoch": 44, "step": 250, "loss": -18.77788274719199, "seconds": 8653}
{"event": "progress", "epoch": 44, "step": 300, "loss": -15.341519289607174, "seconds": 8664}
{"event": "progress", "epoch": 44, "step": 350, "loss": -15.404964388351928, "seconds": 8675}
{"event": "progress", "epoch": 44, "step": 400, "loss": -14.027409659111633, "seconds": 8686}
{"event": "progress", "epoch": 44, "step": 450, "loss": -16.069808743794887, "seconds": 8697}
{"event": "progress", "epoch": 44, "step": 500, "loss": -15.69061901194043, "seconds": 8708}
{"event": "progress", "epoch": 44, "step": 550, "loss": -16.020220806984668, "seconds": 8719}
{"event": "progress", "epoch": 44, "step": 600, "loss": -12.668490301657126, "seconds": 8730}
{"event": "progress", "epoch": 44, "step": 650, "loss": -12.952158756449236, "seconds": 8741}
{"event": "progress", "epoch": 44, "step": 700, "loss": -12.908370968134387, "seconds": 8752}
{"event": "progress", "epoch": 44, "step": 750, "loss": -15.63511795609016, "seconds": 8762}
{"event": "progress", "epoch": 44, "step": 800, "loss": -14.220994333427265, "seconds": 8773}
{"event": "progress", "epoch": 44, "step": 850, "loss": -15.276433976800051, "seconds": 8784}
{"event": "progress", "epoch": 44, "step": 900, "loss": -13.409232253296764, "seconds": 8795}
{"event": "epoch", "epoch": 44, "phase": "float", "loss": -14.960351392879993, "seconds": 200.93258421000064, "elapsed_seconds": 8797.537008808999, "learning_rate": 2.5e-05, "utterances": 770, "total_utterances": 770, "invalid_utterances": 0, "noisy_si_sdr": 6.016738904979767, "si_sdr": 13.77236416455544, "si_sdri": 7.755625259575674, "best_si_sdri": 7.766928230047447}
{"event": "progress", "epoch": 45, "step": 0, "loss": -13.59150589758373, "seconds": 8798}
{"event": "progress", "epoch": 45, "step": 50, "loss": -17.257391622231893, "seconds": 8809}
{"event": "progress", "epoch": 45, "step": 100, "loss": -13.916015129976813, "seconds": 8820}
{"event": "progress", "epoch": 45, "step": 150, "loss": -14.257820307163238, "seconds": 8831}
{"event": "progress", "epoch": 45, "step": 200, "loss": -14.305359592957887, "seconds": 8842}
{"event": "progress", "epoch": 45, "step": 250, "loss": -13.875419318406566, "seconds": 8853}
{"event": "progress", "epoch": 45, "step": 300, "loss": -15.41565164665334, "seconds": 8864}
{"event": "progress", "epoch": 45, "step": 350, "loss": -15.76996293918952, "seconds": 8875}
{"event": "progress", "epoch": 45, "step": 400, "loss": -15.506383038009043, "seconds": 8886}
{"event": "progress", "epoch": 45, "step": 450, "loss": -16.35776947337352, "seconds": 8897}
{"event": "progress", "epoch": 45, "step": 500, "loss": -14.10935344510906, "seconds": 8908}
{"event": "progress", "epoch": 45, "step": 550, "loss": -14.806055776443515, "seconds": 8919}
{"event": "progress", "epoch": 45, "step": 600, "loss": -14.969872167162823, "seconds": 8930}
{"event": "progress", "epoch": 45, "step": 650, "loss": -15.73841678404158, "seconds": 8941}
{"event": "progress", "epoch": 45, "step": 700, "loss": -16.316265655069458, "seconds": 8952}
{"event": "progress", "epoch": 45, "step": 750, "loss": -16.187369344768264, "seconds": 8963}
{"event": "progress", "epoch": 45, "step": 800, "loss": -13.482311372055278, "seconds": 8974}
{"event": "progress", "epoch": 45, "step": 850, "loss": -14.23867180030333, "seconds": 8985}
{"event": "progress", "epoch": 45, "step": 900, "loss": -22.70651136563599, "seconds": 8995}
{"event": "epoch", "epoch": 45, "phase": "float", "loss": -15.01779826901405, "seconds": 200.31002467899998, "elapsed_seconds": 8997.901643375, "learning_rate": 2.5e-05, "utterances": 770, "total_utterances": 770, "invalid_utterances": 0, "noisy_si_sdr": 6.016738904979767, "si_sdr": 13.761114209857096, "si_sdri": 7.74437530487733, "best_si_sdri": 7.766928230047447}
{"event": "progress", "epoch": 46, "step": 0, "loss": -14.831915662308306, "seconds": 8998}
{"event": "progress", "epoch": 46, "step": 50, "loss": -16.721629217019668, "seconds": 9010}
{"event": "progress", "epoch": 46, "step": 100, "loss": -15.788398983932007, "seconds": 9021}
{"event": "progress", "epoch": 46, "step": 150, "loss": -17.505611475358272, "seconds": 9032}
{"event": "progress", "epoch": 46, "step": 200, "loss": -13.865664857147905, "seconds": 9043}
{"event": "progress", "epoch": 46, "step": 250, "loss": -15.814056342386863, "seconds": 9054}
{"event": "progress", "epoch": 46, "step": 300, "loss": -13.645650179937038, "seconds": 9065}
{"event": "progress", "epoch": 46, "step": 350, "loss": -13.19260462437294, "seconds": 9076}
{"event": "progress", "epoch": 46, "step": 400, "loss": -14.736551014147427, "seconds": 9087}
{"event": "progress", "epoch": 46, "step": 450, "loss": -14.359545442123661, "seconds": 9098}
{"event": "progress", "epoch": 46, "step": 500, "loss": -14.907973557424658, "seconds": 9109}
{"event": "progress", "epoch": 46, "step": 550, "loss": -14.020926169670165, "seconds": 9120}
{"event": "progress", "epoch": 46, "step": 600, "loss": -14.8188219595188, "seconds": 9131}
{"event": "progress", "epoch": 46, "step": 650, "loss": -14.034115389939462, "seconds": 9142}
{"event": "progress", "epoch": 46, "step": 700, "loss": -17.755323165176677, "seconds": 9153}
{"event": "progress", "epoch": 46, "step": 750, "loss": -14.69107081135462, "seconds": 9163}
{"event": "progress", "epoch": 46, "step": 800, "loss": -13.233238041329741, "seconds": 9174}
{"event": "progress", "epoch": 46, "step": 850, "loss": -13.115562521424387, "seconds": 9185}
{"event": "progress", "epoch": 46, "step": 900, "loss": -12.869827265478868, "seconds": 9196}
{"event": "epoch", "epoch": 46, "phase": "float", "loss": -14.932355232351643, "seconds": 200.4523738150001, "elapsed_seconds": 9198.430124461, "learning_rate": 1.25e-05, "utterances": 770, "total_utterances": 770, "invalid_utterances": 0, "noisy_si_sdr": 6.016738904979767, "si_sdr": 13.78431387040619, "si_sdri": 7.767574965426421, "best_si_sdri": 7.767574965426421}
{"event": "progress", "epoch": 47, "step": 0, "loss": -14.23027677252044, "seconds": 9199}
{"event": "progress", "epoch": 47, "step": 50, "loss": -14.656614415645766, "seconds": 9210}
{"event": "progress", "epoch": 47, "step": 100, "loss": -15.827398668751133, "seconds": 9221}
{"event": "progress", "epoch": 47, "step": 150, "loss": -14.790968492497537, "seconds": 9232}
{"event": "progress", "epoch": 47, "step": 200, "loss": -13.632449768711945, "seconds": 9243}
{"event": "progress", "epoch": 47, "step": 250, "loss": -19.671940113316424, "seconds": 9254}
{"event": "progress", "epoch": 47, "step": 300, "loss": -14.870371853757998, "seconds": 9265}
{"event": "progress", "epoch": 47, "step": 350, "loss": -17.505938224010855, "seconds": 9276}
{"event": "progress", "epoch": 47, "step": 400, "loss": -13.516676306820738, "seconds": 9287}
{"event": "progress", "epoch": 47, "step": 450, "loss": -15.091381484042467, "seconds": 9298}
{"event": "progress", "epoch": 47, "step": 500, "loss": -14.1161835930405, "seconds": 9309}
{"event": "progress", "epoch": 47, "step": 550, "loss": -15.69234039566237, "seconds": 9320}
{"event": "progress", "epoch": 47, "step": 600, "loss": -15.711979670525452, "seconds": 9331}
{"event": "progress", "epoch": 47, "step": 650, "loss": -16.41762910564173, "seconds": 9342}
{"event": "progress", "epoch": 47, "step": 700, "loss": -14.789724833442401, "seconds": 9353}
{"event": "progress", "epoch": 47, "step": 750, "loss": -13.064511260019929, "seconds": 9363}
{"event": "progress", "epoch": 47, "step": 800, "loss": -12.509149833536037, "seconds": 9375}
{"event": "progress", "epoch": 47, "step": 850, "loss": -17.112780810761322, "seconds": 9386}
{"event": "progress", "epoch": 47, "step": 900, "loss": -16.034125826955925, "seconds": 9396}
{"event": "epoch", "epoch": 47, "phase": "float", "loss": -15.031239909699694, "seconds": 200.14017461200092, "elapsed_seconds": 9398.675940772999, "learning_rate": 1.25e-05, "utterances": 770, "total_utterances": 770, "invalid_utterances": 0, "noisy_si_sdr": 6.016738904979767, "si_sdr": 13.7624335172283, "si_sdri": 7.745694612248533, "best_si_sdri": 7.767574965426421}
{"event": "progress", "epoch": 48, "step": 0, "loss": -14.133348507179464, "seconds": 9399}
{"event": "progress", "epoch": 48, "step": 50, "loss": -17.039669549261617, "seconds": 9410}
{"event": "progress", "epoch": 48, "step": 100, "loss": -14.077101595791756, "seconds": 9422}
{"event": "progress", "epoch": 48, "step": 150, "loss": -15.737103861446148, "seconds": 9433}
{"event": "progress", "epoch": 48, "step": 200, "loss": -14.204812332022849, "seconds": 9444}
{"event": "progress", "epoch": 48, "step": 250, "loss": -16.265181879861608, "seconds": 9455}
{"event": "progress", "epoch": 48, "step": 300, "loss": -13.390849187023827, "seconds": 9466}
{"event": "progress", "epoch": 48, "step": 350, "loss": -16.66959926497686, "seconds": 9478}
{"event": "progress", "epoch": 48, "step": 400, "loss": -14.309216141869094, "seconds": 9489}
{"event": "progress", "epoch": 48, "step": 450, "loss": -11.858422476971748, "seconds": 9500}
{"event": "progress", "epoch": 48, "step": 500, "loss": -13.534887720908666, "seconds": 9511}
{"event": "progress", "epoch": 48, "step": 550, "loss": -13.729663834397005, "seconds": 9522}
{"event": "progress", "epoch": 48, "step": 600, "loss": -14.445038355319234, "seconds": 9533}
{"event": "progress", "epoch": 48, "step": 650, "loss": -13.322550129886006, "seconds": 9545}
{"event": "progress", "epoch": 48, "step": 700, "loss": -14.018407900206492, "seconds": 9556}
{"event": "progress", "epoch": 48, "step": 750, "loss": -14.172759399159684, "seconds": 9566}
{"event": "progress", "epoch": 48, "step": 800, "loss": -15.308372735414853, "seconds": 9577}
{"event": "progress", "epoch": 48, "step": 850, "loss": -16.913142732575032, "seconds": 9588}
{"event": "progress", "epoch": 48, "step": 900, "loss": -10.708828218024223, "seconds": 9599}
{"event": "epoch", "epoch": 48, "phase": "float", "loss": -14.932855680925279, "seconds": 202.54088926199984, "elapsed_seconds": 9601.271098010999, "learning_rate": 1.25e-05, "utterances": 770, "total_utterances": 770, "invalid_utterances": 0, "noisy_si_sdr": 6.016738904979767, "si_sdr": 13.76741468171028, "si_sdri": 7.750675776730511, "best_si_sdri": 7.767574965426421}
{"event": "progress", "epoch": 49, "step": 0, "loss": -14.64251867465941, "seconds": 9602}
{"event": "progress", "epoch": 49, "step": 50, "loss": -16.08301686565788, "seconds": 9613}
{"event": "progress", "epoch": 49, "step": 100, "loss": -11.899416936251217, "seconds": 9624}
{"event": "progress", "epoch": 49, "step": 150, "loss": -13.361389626475553, "seconds": 9635}
{"event": "progress", "epoch": 49, "step": 200, "loss": -15.461217453199362, "seconds": 9646}
{"event": "progress", "epoch": 49, "step": 250, "loss": -15.786182420693496, "seconds": 9657}
{"event": "progress", "epoch": 49, "step": 300, "loss": -13.5138949375621, "seconds": 9668}
{"event": "progress", "epoch": 49, "step": 350, "loss": -11.930490869386158, "seconds": 9679}
{"event": "progress", "epoch": 49, "step": 400, "loss": -18.616942562805054, "seconds": 9690}
{"event": "progress", "epoch": 49, "step": 450, "loss": -16.130454334366636, "seconds": 9701}
{"event": "progress", "epoch": 49, "step": 500, "loss": -15.25793427788925, "seconds": 9712}
{"event": "progress", "epoch": 49, "step": 550, "loss": -16.029404661992064, "seconds": 9723}
{"event": "progress", "epoch": 49, "step": 600, "loss": -14.372559129392721, "seconds": 9734}
{"event": "progress", "epoch": 49, "step": 650, "loss": -20.979272629262702, "seconds": 9745}
{"event": "progress", "epoch": 49, "step": 700, "loss": -13.978527376480153, "seconds": 9756}
{"event": "progress", "epoch": 49, "step": 750, "loss": -16.032088028369962, "seconds": 9766}
{"event": "progress", "epoch": 49, "step": 800, "loss": -13.084982151710223, "seconds": 9777}
{"event": "progress", "epoch": 49, "step": 850, "loss": -13.932561191503916, "seconds": 9788}
{"event": "progress", "epoch": 49, "step": 900, "loss": -14.695806759702553, "seconds": 9799}
{"event": "epoch", "epoch": 49, "phase": "float", "loss": -14.888054245527401, "seconds": 200.09947992100024, "elapsed_seconds": 9801.426427665, "learning_rate": 1.25e-05, "utterances": 770, "total_utterances": 770, "invalid_utterances": 0, "noisy_si_sdr": 6.016738904979767, "si_sdr": 13.783183197246338, "si_sdri": 7.766444292266568, "best_si_sdri": 7.767574965426421}
{"event": "progress", "epoch": 50, "step": 0, "loss": -13.561638863028207, "seconds": 9802}
{"event": "progress", "epoch": 50, "step": 50, "loss": -12.720557835392961, "seconds": 9813}
{"event": "progress", "epoch": 50, "step": 100, "loss": -12.993119828654864, "seconds": 9824}
{"event": "progress", "epoch": 50, "step": 150, "loss": -12.724364217795301, "seconds": 9835}
{"event": "progress", "epoch": 50, "step": 200, "loss": -13.238010153842312, "seconds": 9846}
{"event": "progress", "epoch": 50, "step": 250, "loss": -17.359579854133756, "seconds": 9857}
{"event": "progress", "epoch": 50, "step": 300, "loss": -14.9157220989966, "seconds": 9868}
{"event": "progress", "epoch": 50, "step": 350, "loss": -13.042179184352301, "seconds": 9879}
{"event": "progress", "epoch": 50, "step": 400, "loss": -16.65837860529617, "seconds": 9890}
{"event": "progress", "epoch": 50, "step": 450, "loss": -14.746523346686766, "seconds": 9901}
{"event": "progress", "epoch": 50, "step": 500, "loss": -15.955263779683747, "seconds": 9912}
{"event": "progress", "epoch": 50, "step": 550, "loss": -15.73142358581234, "seconds": 9923}
{"event": "progress", "epoch": 50, "step": 600, "loss": -18.951225915301336, "seconds": 9934}
{"event": "progress", "epoch": 50, "step": 650, "loss": -15.650035317869134, "seconds": 9945}
{"event": "progress", "epoch": 50, "step": 700, "loss": -14.995639378605581, "seconds": 9956}
{"event": "progress", "epoch": 50, "step": 750, "loss": -12.449597634262853, "seconds": 9966}
{"event": "progress", "epoch": 50, "step": 800, "loss": -12.644466368475065, "seconds": 9977}
{"event": "progress", "epoch": 50, "step": 850, "loss": -13.671452678296571, "seconds": 9988}
{"event": "progress", "epoch": 50, "step": 900, "loss": -6.498552026481594, "seconds": 9999}
{"event": "epoch", "epoch": 50, "phase": "float", "loss": -14.95157621662103, "seconds": 200.06951293400016, "elapsed_seconds": 10001.549824457998, "learning_rate": 1.25e-05, "utterances": 770, "total_utterances": 770, "invalid_utterances": 0, "noisy_si_sdr": 6.016738904979767, "si_sdr": 13.775909135781179, "si_sdri": 7.759170230801413, "best_si_sdri": 7.767574965426421}
{"event": "progress", "epoch": 51, "step": 0, "loss": -14.048040338417445, "seconds": 10002}
{"event": "progress", "epoch": 51, "step": 50, "loss": -15.771907057180565, "seconds": 10014}
{"event": "progress", "epoch": 51, "step": 100, "loss": -14.179992371167248, "seconds": 10025}
{"event": "progress", "epoch": 51, "step": 150, "loss": -13.516139816235555, "seconds": 10036}
{"event": "progress", "epoch": 51, "step": 200, "loss": -13.474801370611988, "seconds": 10047}
{"event": "progress", "epoch": 51, "step": 250, "loss": -14.874024859595744, "seconds": 10058}
{"event": "progress", "epoch": 51, "step": 300, "loss": -14.136490110432106, "seconds": 10069}
{"event": "progress", "epoch": 51, "step": 350, "loss": -14.806674812527328, "seconds": 10080}
{"event": "progress", "epoch": 51, "step": 400, "loss": -17.117188447700585, "seconds": 10091}
{"event": "progress", "epoch": 51, "step": 450, "loss": -16.50037805613871, "seconds": 10102}
{"event": "progress", "epoch": 51, "step": 500, "loss": -16.855088869329307, "seconds": 10113}
{"event": "progress", "epoch": 51, "step": 550, "loss": -16.535346741364204, "seconds": 10124}
{"event": "progress", "epoch": 51, "step": 600, "loss": -14.075377832147115, "seconds": 10135}
{"event": "progress", "epoch": 51, "step": 650, "loss": -12.927019784520413, "seconds": 10146}
{"event": "progress", "epoch": 51, "step": 700, "loss": -14.183039059905292, "seconds": 10157}
{"event": "progress", "epoch": 51, "step": 750, "loss": -13.194747607142904, "seconds": 10167}
{"event": "progress", "epoch": 51, "step": 800, "loss": -16.656354517889493, "seconds": 10178}
{"event": "progress", "epoch": 51, "step": 850, "loss": -14.615966722333612, "seconds": 10189}
{"event": "progress", "epoch": 51, "step": 900, "loss": -22.548384249804105, "seconds": 10200}
{"event": "epoch", "epoch": 51, "phase": "float", "loss": -15.018384394347608, "seconds": 200.6863634830006, "elapsed_seconds": 10202.295430529, "learning_rate": 1e-05, "utterances": 770, "total_utterances": 770, "invalid_utterances": 0, "noisy_si_sdr": 6.016738904979767, "si_sdr": 13.7793950768198, "si_sdri": 7.762656171840031, "best_si_sdri": 7.767574965426421}
{"event": "progress", "epoch": 52, "step": 0, "loss": -15.107996702398617, "seconds": 10203}
{"event": "progress", "epoch": 52, "step": 50, "loss": -14.416208872875538, "seconds": 10214}
{"event": "progress", "epoch": 52, "step": 100, "loss": -15.289987653448907, "seconds": 10225}
{"event": "progress", "epoch": 52, "step": 150, "loss": -15.640217292891565, "seconds": 10236}
{"event": "progress", "epoch": 52, "step": 200, "loss": -14.9821924282546, "seconds": 10247}
{"event": "progress", "epoch": 52, "step": 250, "loss": -17.11676584513644, "seconds": 10258}
{"event": "progress", "epoch": 52, "step": 300, "loss": -16.00125499307273, "seconds": 10269}
{"event": "progress", "epoch": 52, "step": 350, "loss": -16.498848987460022, "seconds": 10280}
{"event": "progress", "epoch": 52, "step": 400, "loss": -13.396293740250417, "seconds": 10291}
{"event": "progress", "epoch": 52, "step": 450, "loss": -12.479623175458723, "seconds": 10302}
{"event": "progress", "epoch": 52, "step": 500, "loss": -15.699901893496072, "seconds": 10313}
{"event": "progress", "epoch": 52, "step": 550, "loss": -16.098994145345188, "seconds": 10324}
{"event": "progress", "epoch": 52, "step": 600, "loss": -13.312026242173744, "seconds": 10335}
{"event": "progress", "epoch": 52, "step": 650, "loss": -14.066793948834245, "seconds": 10346}
{"event": "progress", "epoch": 52, "step": 700, "loss": -14.930610298353145, "seconds": 10357}
{"event": "progress", "epoch": 52, "step": 750, "loss": -14.756222845369182, "seconds": 10367}
{"event": "progress", "epoch": 52, "step": 800, "loss": -15.609630086926973, "seconds": 10378}
{"event": "progress", "epoch": 52, "step": 850, "loss": -13.154744329109834, "seconds": 10389}
{"event": "progress", "epoch": 52, "step": 900, "loss": -10.222541690826844, "seconds": 10400}
{"event": "epoch", "epoch": 52, "phase": "float", "loss": -14.889761892532436, "seconds": 200.0665260650021, "elapsed_seconds": 10402.418638631, "learning_rate": 1e-05, "utterances": 770, "total_utterances": 770, "invalid_utterances": 0, "noisy_si_sdr": 6.016738904979767, "si_sdr": 13.745058120035996, "si_sdri": 7.728319215056227, "best_si_sdri": 7.767574965426421}
{"event": "progress", "epoch": 53, "step": 0, "loss": -14.311809188943963, "seconds": 10403}
{"event": "progress", "epoch": 53, "step": 50, "loss": -15.007456367847755, "seconds": 10414}
{"event": "progress", "epoch": 53, "step": 100, "loss": -18.059533791221504, "seconds": 10425}
{"event": "progress", "epoch": 53, "step": 150, "loss": -14.593661973731233, "seconds": 10436}
{"event": "progress", "epoch": 53, "step": 200, "loss": -15.815393253662233, "seconds": 10447}
{"event": "progress", "epoch": 53, "step": 250, "loss": -15.20515110599795, "seconds": 10458}
{"event": "progress", "epoch": 53, "step": 300, "loss": -12.804972619201203, "seconds": 10469}
{"event": "progress", "epoch": 53, "step": 350, "loss": -14.630692337548846, "seconds": 10480}
{"event": "progress", "epoch": 53, "step": 400, "loss": -16.63995295400435, "seconds": 10491}
{"event": "progress", "epoch": 53, "step": 450, "loss": -15.806128698621773, "seconds": 10502}
{"event": "progress", "epoch": 53, "step": 500, "loss": -18.953382651769267, "seconds": 10513}
{"event": "progress", "epoch": 53, "step": 550, "loss": -13.223910025409504, "seconds": 10524}
{"event": "progress", "epoch": 53, "step": 600, "loss": -13.92212674872194, "seconds": 10535}
{"event": "progress", "epoch": 53, "step": 650, "loss": -12.869882636402288, "seconds": 10546}
{"event": "progress", "epoch": 53, "step": 700, "loss": -17.121251256931338, "seconds": 10557}
{"event": "progress", "epoch": 53, "step": 750, "loss": -13.545112202604267, "seconds": 10567}
{"event": "progress", "epoch": 53, "step": 800, "loss": -12.146863905324654, "seconds": 10579}
{"event": "progress", "epoch": 53, "step": 850, "loss": -16.04956321829808, "seconds": 10590}
{"event": "progress", "epoch": 53, "step": 900, "loss": -18.548419863904115, "seconds": 10601}
{"event": "epoch", "epoch": 53, "phase": "float", "loss": -14.94241044968433, "seconds": 200.539166028997, "elapsed_seconds": 10603.025716855998, "learning_rate": 1e-05, "utterances": 770, "total_utterances": 770, "invalid_utterances": 0, "noisy_si_sdr": 6.016738904979767, "si_sdr": 13.780865828325382, "si_sdri": 7.764126923345616, "best_si_sdri": 7.767574965426421}
{"event": "progress", "epoch": 54, "step": 0, "loss": -15.738076660382507, "seconds": 10604}
{"event": "progress", "epoch": 54, "step": 50, "loss": -14.95780508386637, "seconds": 10614}
{"event": "progress", "epoch": 54, "step": 100, "loss": -13.669578680608973, "seconds": 10625}
{"event": "progress", "epoch": 54, "step": 150, "loss": -13.161708297419873, "seconds": 10637}
{"event": "progress", "epoch": 54, "step": 200, "loss": -15.697507216520322, "seconds": 10647}
{"event": "progress", "epoch": 54, "step": 250, "loss": -16.15171415555212, "seconds": 10658}
{"event": "progress", "epoch": 54, "step": 300, "loss": -13.406590577340296, "seconds": 10670}
{"event": "progress", "epoch": 54, "step": 350, "loss": -17.752906042480216, "seconds": 10680}
{"event": "progress", "epoch": 54, "step": 400, "loss": -13.719088530629879, "seconds": 10692}
{"event": "progress", "epoch": 54, "step": 450, "loss": -15.467474303226979, "seconds": 10703}
{"event": "progress", "epoch": 54, "step": 500, "loss": -15.472645467462351, "seconds": 10713}
{"event": "progress", "epoch": 54, "step": 550, "loss": -16.94551789198377, "seconds": 10725}
{"event": "progress", "epoch": 54, "step": 600, "loss": -14.030472677457768, "seconds": 10736}
{"event": "progress", "epoch": 54, "step": 650, "loss": -15.727478284973907, "seconds": 10747}
{"event": "progress", "epoch": 54, "step": 700, "loss": -17.127751919897626, "seconds": 10758}
{"event": "progress", "epoch": 54, "step": 750, "loss": -11.860957399018691, "seconds": 10768}
{"event": "progress", "epoch": 54, "step": 800, "loss": -18.66308232410031, "seconds": 10779}
{"event": "progress", "epoch": 54, "step": 850, "loss": -14.561056239723403, "seconds": 10790}
{"event": "progress", "epoch": 54, "step": 900, "loss": -14.870936854965516, "seconds": 10801}
{"event": "epoch", "epoch": 54, "phase": "float", "loss": -14.889038221322762, "seconds": 200.08828051700038, "elapsed_seconds": 10803.168399999999, "learning_rate": 1e-05, "utterances": 770, "total_utterances": 770, "invalid_utterances": 0, "noisy_si_sdr": 6.016738904979767, "si_sdr": 13.768610889907892, "si_sdri": 7.751871984928126, "best_si_sdri": 7.767574965426421}
{"event": "progress", "epoch": 55, "step": 0, "loss": -14.93002486777766, "seconds": 10804}
{"event": "progress", "epoch": 55, "step": 50, "loss": -13.309647235554785, "seconds": 10815}
{"event": "progress", "epoch": 55, "step": 100, "loss": -14.871153589647122, "seconds": 10826}
{"event": "progress", "epoch": 55, "step": 150, "loss": -16.09725859531256, "seconds": 10837}
{"event": "progress", "epoch": 55, "step": 200, "loss": -14.908123594197045, "seconds": 10848}
{"event": "progress", "epoch": 55, "step": 250, "loss": -16.149207462085073, "seconds": 10859}
{"event": "progress", "epoch": 55, "step": 300, "loss": -13.648385385283746, "seconds": 10870}
{"event": "progress", "epoch": 55, "step": 350, "loss": -15.566385245438042, "seconds": 10881}
{"event": "progress", "epoch": 55, "step": 400, "loss": -17.78188612195423, "seconds": 10892}
{"event": "progress", "epoch": 55, "step": 450, "loss": -14.141363750318813, "seconds": 10903}
{"event": "progress", "epoch": 55, "step": 500, "loss": -13.223612292254934, "seconds": 10914}
{"event": "progress", "epoch": 55, "step": 550, "loss": -14.141555164387928, "seconds": 10925}
{"event": "progress", "epoch": 55, "step": 600, "loss": -16.932313610565185, "seconds": 10936}
{"event": "progress", "epoch": 55, "step": 650, "loss": -13.986258353275023, "seconds": 10947}
{"event": "progress", "epoch": 55, "step": 700, "loss": -14.253031947451577, "seconds": 10958}
{"event": "progress", "epoch": 55, "step": 750, "loss": -14.003955943052503, "seconds": 10968}
{"event": "progress", "epoch": 55, "step": 800, "loss": -16.364378455672437, "seconds": 10979}
{"event": "progress", "epoch": 55, "step": 850, "loss": -14.336268945941026, "seconds": 10990}
{"event": "progress", "epoch": 55, "step": 900, "loss": -15.403754972864702, "seconds": 11001}
{"event": "epoch", "epoch": 55, "phase": "float", "loss": -15.001085186089743, "seconds": 200.20075749899843, "elapsed_seconds": 11003.44649658, "learning_rate": 1e-05, "utterances": 770, "total_utterances": 770, "invalid_utterances": 0, "noisy_si_sdr": 6.016738904979767, "si_sdr": 13.761162007196665, "si_sdri": 7.744423102216897, "best_si_sdri": 7.767574965426421}
{"event": "progress", "epoch": 56, "step": 0, "loss": -14.56674633926756, "seconds": 11004}
{"event": "progress", "epoch": 56, "step": 50, "loss": -14.2701128615686, "seconds": 11015}
{"event": "progress", "epoch": 56, "step": 100, "loss": -13.13586818671763, "seconds": 11026}
{"event": "progress", "epoch": 56, "step": 150, "loss": -16.456158705696726, "seconds": 11037}
{"event": "progress", "epoch": 56, "step": 200, "loss": -14.780494725646344, "seconds": 11048}
{"event": "progress", "epoch": 56, "step": 250, "loss": -14.542018708996283, "seconds": 11059}
{"event": "progress", "epoch": 56, "step": 300, "loss": -16.20858753589832, "seconds": 11070}
{"event": "progress", "epoch": 56, "step": 350, "loss": -15.657002901455048, "seconds": 11081}
{"event": "progress", "epoch": 56, "step": 400, "loss": -13.257000739377256, "seconds": 11092}
{"event": "progress", "epoch": 56, "step": 450, "loss": -14.988338019958855, "seconds": 11103}
{"event": "progress", "epoch": 56, "step": 500, "loss": -14.482901692425049, "seconds": 11114}
{"event": "progress", "epoch": 56, "step": 550, "loss": -14.693705675800462, "seconds": 11125}
{"event": "progress", "epoch": 56, "step": 600, "loss": -14.02625998873662, "seconds": 11136}
{"event": "progress", "epoch": 56, "step": 650, "loss": -15.969529876382104, "seconds": 11147}
{"event": "progress", "epoch": 56, "step": 700, "loss": -14.614354242257644, "seconds": 11158}
{"event": "progress", "epoch": 56, "step": 750, "loss": -15.956439826568204, "seconds": 11168}
{"event": "progress", "epoch": 56, "step": 800, "loss": -16.867734468819087, "seconds": 11179}
{"event": "progress", "epoch": 56, "step": 850, "loss": -15.937107140808227, "seconds": 11190}
{"event": "progress", "epoch": 56, "step": 900, "loss": -15.601353489402728, "seconds": 11201}
{"event": "epoch", "epoch": 56, "phase": "float", "loss": -14.960436713066658, "seconds": 199.91575540600024, "elapsed_seconds": 11203.416275368, "learning_rate": 1e-05, "utterances": 770, "total_utterances": 770, "invalid_utterances": 0, "noisy_si_sdr": 6.016738904979767, "si_sdr": 13.752915612164538, "si_sdri": 7.736176707184772, "best_si_sdri": 7.767574965426421}
{"event": "progress", "epoch": 57, "step": 0, "loss": -14.205496882991586, "seconds": 11204}
{"event": "progress", "epoch": 57, "step": 50, "loss": -14.71360688910055, "seconds": 11215}
{"event": "progress", "epoch": 57, "step": 100, "loss": -17.45259038386896, "seconds": 11226}
{"event": "progress", "epoch": 57, "step": 150, "loss": -12.492590573739175, "seconds": 11237}
{"event": "progress", "epoch": 57, "step": 200, "loss": -15.037078836523811, "seconds": 11248}
{"event": "progress", "epoch": 57, "step": 250, "loss": -17.028360893604173, "seconds": 11259}
{"event": "progress", "epoch": 57, "step": 300, "loss": -18.29115421085043, "seconds": 11270}
{"event": "progress", "epoch": 57, "step": 350, "loss": -15.862190287676757, "seconds": 11281}
{"event": "progress", "epoch": 57, "step": 400, "loss": -12.542745771761311, "seconds": 11292}
{"event": "progress", "epoch": 57, "step": 450, "loss": -16.34732502346204, "seconds": 11303}
{"event": "progress", "epoch": 57, "step": 500, "loss": -15.313020154812572, "seconds": 11314}
{"event": "progress", "epoch": 57, "step": 550, "loss": -13.45211142388317, "seconds": 11325}
{"event": "progress", "epoch": 57, "step": 600, "loss": -15.158437720970927, "seconds": 11336}
{"event": "progress", "epoch": 57, "step": 650, "loss": -13.30921164286313, "seconds": 11347}
{"event": "progress", "epoch": 57, "step": 700, "loss": -15.636578574960847, "seconds": 11358}
{"event": "progress", "epoch": 57, "step": 750, "loss": -16.160706857515056, "seconds": 11368}
{"event": "progress", "epoch": 57, "step": 800, "loss": -16.719940157567372, "seconds": 11379}
{"event": "progress", "epoch": 57, "step": 850, "loss": -13.944669747312656, "seconds": 11390}
{"event": "progress", "epoch": 57, "step": 900, "loss": -16.935525724269326, "seconds": 11401}
{"event": "epoch", "epoch": 57, "phase": "float", "loss": -15.020126419244095, "seconds": 200.14904347600168, "elapsed_seconds": 11403.618635333998, "learning_rate": 1e-05, "utterances": 770, "total_utterances": 770, "invalid_utterances": 0, "noisy_si_sdr": 6.016738904979767, "si_sdr": 13.766335838602552, "si_sdri": 7.749596933622787, "best_si_sdri": 7.767574965426421}
{"event": "progress", "epoch": 58, "step": 0, "loss": -15.061347459987331, "seconds": 11404}
{"event": "progress", "epoch": 58, "step": 50, "loss": -14.43834170115099, "seconds": 11415}
{"event": "progress", "epoch": 58, "step": 100, "loss": -17.524840792399637, "seconds": 11426}
{"event": "progress", "epoch": 58, "step": 150, "loss": -13.713016273932702, "seconds": 11437}
{"event": "progress", "epoch": 58, "step": 200, "loss": -15.791039768313453, "seconds": 11448}
{"event": "progress", "epoch": 58, "step": 250, "loss": -15.392427661291674, "seconds": 11459}
{"event": "progress", "epoch": 58, "step": 300, "loss": -15.027711206236576, "seconds": 11470}
{"event": "progress", "epoch": 58, "step": 350, "loss": -12.9804202172164, "seconds": 11481}
{"event": "progress", "epoch": 58, "step": 400, "loss": -13.108936775268768, "seconds": 11492}
{"event": "progress", "epoch": 58, "step": 450, "loss": -14.299952639052886, "seconds": 11503}
{"event": "progress", "epoch": 58, "step": 500, "loss": -14.752258450616456, "seconds": 11514}
{"event": "progress", "epoch": 58, "step": 550, "loss": -15.138931510115782, "seconds": 11525}
{"event": "progress", "epoch": 58, "step": 600, "loss": -15.441906445642548, "seconds": 11536}
{"event": "progress", "epoch": 58, "step": 650, "loss": -15.97748896418255, "seconds": 11547}
{"event": "progress", "epoch": 58, "step": 700, "loss": -15.44616021756226, "seconds": 11558}
{"event": "progress", "epoch": 58, "step": 750, "loss": -14.381245652255831, "seconds": 11568}
{"event": "progress", "epoch": 58, "step": 800, "loss": -15.840635797113068, "seconds": 11579}
{"event": "progress", "epoch": 58, "step": 850, "loss": -16.554837513052902, "seconds": 11590}
{"event": "progress", "epoch": 58, "step": 900, "loss": -11.232527794380573, "seconds": 11601}
{"event": "epoch", "epoch": 58, "phase": "float", "loss": -15.007915942804853, "seconds": 200.05129567399854, "elapsed_seconds": 11603.725021502, "learning_rate": 1e-05, "utterances": 770, "total_utterances": 770, "invalid_utterances": 0, "noisy_si_sdr": 6.016738904979767, "si_sdr": 13.771453678255865, "si_sdri": 7.754714773276098, "best_si_sdri": 7.767574965426421}
{"event": "progress", "epoch": 59, "step": 0, "loss": -12.04367125769278, "seconds": 11604}
{"event": "progress", "epoch": 59, "step": 50, "loss": -15.057972411041499, "seconds": 11615}
{"event": "progress", "epoch": 59, "step": 100, "loss": -13.621436316039482, "seconds": 11626}
{"event": "progress", "epoch": 59, "step": 150, "loss": -13.567925692800337, "seconds": 11637}
{"event": "progress", "epoch": 59, "step": 200, "loss": -14.737079181180906, "seconds": 11648}
{"event": "progress", "epoch": 59, "step": 250, "loss": -15.088771575127106, "seconds": 11659}
{"event": "progress", "epoch": 59, "step": 300, "loss": -16.504566659306406, "seconds": 11670}
{"event": "progress", "epoch": 59, "step": 350, "loss": -16.427608176025903, "seconds": 11681}
{"event": "progress", "epoch": 59, "step": 400, "loss": -12.833289368149696, "seconds": 11692}
{"event": "progress", "epoch": 59, "step": 450, "loss": -14.238038740392492, "seconds": 11703}
{"event": "progress", "epoch": 59, "step": 500, "loss": -15.878651404550675, "seconds": 11714}
{"event": "progress", "epoch": 59, "step": 550, "loss": -14.094255207409297, "seconds": 11725}
{"event": "progress", "epoch": 59, "step": 600, "loss": -13.85235316918945, "seconds": 11736}
{"event": "progress", "epoch": 59, "step": 650, "loss": -12.523845711315015, "seconds": 11747}
{"event": "progress", "epoch": 59, "step": 700, "loss": -16.034211028599866, "seconds": 11758}
{"event": "progress", "epoch": 59, "step": 750, "loss": -15.182829815064226, "seconds": 11768}
{"event": "progress", "epoch": 59, "step": 800, "loss": -14.963229173620196, "seconds": 11780}
{"event": "progress", "epoch": 59, "step": 850, "loss": -14.50474598137244, "seconds": 11791}
{"event": "progress", "epoch": 59, "step": 900, "loss": -14.975316437944773, "seconds": 11802}
{"event": "epoch", "epoch": 59, "phase": "float", "loss": -14.92372948731704, "seconds": 200.52288673300063, "elapsed_seconds": 11804.306306302999, "learning_rate": 1e-05, "utterances": 770, "total_utterances": 770, "invalid_utterances": 0, "noisy_si_sdr": 6.016738904979767, "si_sdr": 13.773122352836717, "si_sdri": 7.7563834478569476, "best_si_sdri": 7.767574965426421}
{"event": "progress", "epoch": 60, "step": 0, "loss": -14.57238772626601, "seconds": 11805}
{"event": "progress", "epoch": 60, "step": 50, "loss": -17.41869653805643, "seconds": 11816}
{"event": "progress", "epoch": 60, "step": 100, "loss": -13.30328805009556, "seconds": 11827}
{"event": "progress", "epoch": 60, "step": 150, "loss": -14.24537371499308, "seconds": 11838}
{"event": "progress", "epoch": 60, "step": 200, "loss": -16.022462345892237, "seconds": 11849}
{"event": "progress", "epoch": 60, "step": 250, "loss": -14.330053452698738, "seconds": 11860}
{"event": "progress", "epoch": 60, "step": 300, "loss": -19.5227044121514, "seconds": 11871}
{"event": "progress", "epoch": 60, "step": 350, "loss": -16.84884159184658, "seconds": 11882}
{"event": "progress", "epoch": 60, "step": 400, "loss": -13.881566426734134, "seconds": 11893}
{"event": "progress", "epoch": 60, "step": 450, "loss": -13.064163866749382, "seconds": 11904}
{"event": "progress", "epoch": 60, "step": 500, "loss": -14.507014677222202, "seconds": 11915}
{"event": "progress", "epoch": 60, "step": 550, "loss": -16.614344862061504, "seconds": 11926}
{"event": "progress", "epoch": 60, "step": 600, "loss": -17.1058141170695, "seconds": 11937}
{"event": "progress", "epoch": 60, "step": 650, "loss": -11.699059298102378, "seconds": 11948}
{"event": "progress", "epoch": 60, "step": 700, "loss": -14.823082366843845, "seconds": 11959}
{"event": "progress", "epoch": 60, "step": 750, "loss": -20.12687319905664, "seconds": 11969}
{"event": "progress", "epoch": 60, "step": 800, "loss": -14.895991277028523, "seconds": 11980}
{"event": "progress", "epoch": 60, "step": 850, "loss": -14.720711974649323, "seconds": 11991}
{"event": "progress", "epoch": 60, "step": 900, "loss": -9.750636020810603, "seconds": 12002}
{"event": "epoch", "epoch": 60, "phase": "float", "loss": -14.919852774610911, "seconds": 200.15629133799666, "elapsed_seconds": 12004.517523581999, "learning_rate": 1e-05, "utterances": 770, "total_utterances": 770, "invalid_utterances": 0, "noisy_si_sdr": 6.016738904979767, "si_sdr": 13.767369871852333, "si_sdri": 7.750630966872565, "best_si_sdri": 7.767574965426421}
{"event": "progress", "epoch": 61, "step": 0, "loss": -15.16322290159716, "seconds": 12005}
{"event": "progress", "epoch": 61, "step": 50, "loss": -14.733840317370232, "seconds": 12017}
{"event": "progress", "epoch": 61, "step": 100, "loss": -15.449050563292184, "seconds": 12027}
{"event": "progress", "epoch": 61, "step": 150, "loss": -15.698164026890646, "seconds": 12039}
{"event": "progress", "epoch": 61, "step": 200, "loss": -16.856694973742453, "seconds": 12050}
{"event": "progress", "epoch": 61, "step": 250, "loss": -14.513570493059198, "seconds": 12061}
{"event": "progress", "epoch": 61, "step": 300, "loss": -12.84834522018513, "seconds": 12072}
{"event": "progress", "epoch": 61, "step": 350, "loss": -13.088134653763277, "seconds": 12083}
{"event": "progress", "epoch": 61, "step": 400, "loss": -13.786778514257104, "seconds": 12094}
{"event": "progress", "epoch": 61, "step": 450, "loss": -13.819734939550727, "seconds": 12105}
{"event": "progress", "epoch": 61, "step": 500, "loss": -16.683387431771866, "seconds": 12116}
{"event": "progress", "epoch": 61, "step": 550, "loss": -15.767413623998467, "seconds": 12127}
{"event": "progress", "epoch": 61, "step": 600, "loss": -16.235165390040116, "seconds": 12138}
{"event": "progress", "epoch": 61, "step": 650, "loss": -13.961597259098923, "seconds": 12149}
{"event": "progress", "epoch": 61, "step": 700, "loss": -16.752163558399637, "seconds": 12160}
{"event": "progress", "epoch": 61, "step": 750, "loss": -16.281891059730683, "seconds": 12170}
{"event": "progress", "epoch": 61, "step": 800, "loss": -16.88512482705388, "seconds": 12181}
{"event": "progress", "epoch": 61, "step": 850, "loss": -13.574158210519565, "seconds": 12192}
{"event": "progress", "epoch": 61, "step": 900, "loss": -16.867772701168192, "seconds": 12203}
{"event": "epoch", "epoch": 61, "phase": "float", "loss": -15.032593232182263, "seconds": 200.8490677689988, "elapsed_seconds": 12205.421735894, "learning_rate": 1e-05, "utterances": 770, "total_utterances": 770, "invalid_utterances": 0, "noisy_si_sdr": 6.016738904979767, "si_sdr": 13.780137042087768, "si_sdri": 7.763398137108, "best_si_sdri": 7.767574965426421}
{"event": "progress", "epoch": 62, "step": 0, "loss": -18.420025226583935, "seconds": 12206}
{"event": "progress", "epoch": 62, "step": 50, "loss": -12.664354850470904, "seconds": 12217}
{"event": "progress", "epoch": 62, "step": 100, "loss": -14.348533236617323, "seconds": 12228}
{"event": "progress", "epoch": 62, "step": 150, "loss": -14.634179372095689, "seconds": 12239}
{"event": "progress", "epoch": 62, "step": 200, "loss": -13.420395740427168, "seconds": 12250}
{"event": "progress", "epoch": 62, "step": 250, "loss": -13.405737557513238, "seconds": 12261}
{"event": "progress", "epoch": 62, "step": 300, "loss": -15.650710350460438, "seconds": 12272}
{"event": "progress", "epoch": 62, "step": 350, "loss": -16.188623018736287, "seconds": 12283}
{"event": "progress", "epoch": 62, "step": 400, "loss": -16.180807446804486, "seconds": 12294}
{"event": "progress", "epoch": 62, "step": 450, "loss": -16.431702439101585, "seconds": 12305}
{"event": "progress", "epoch": 62, "step": 500, "loss": -13.178262474068934, "seconds": 12316}
{"event": "progress", "epoch": 62, "step": 550, "loss": -14.51540820877462, "seconds": 12327}
{"event": "progress", "epoch": 62, "step": 600, "loss": -15.875963437624444, "seconds": 12338}
{"event": "progress", "epoch": 62, "step": 650, "loss": -12.817572727397962, "seconds": 12349}
{"event": "progress", "epoch": 62, "step": 700, "loss": -18.24023871894754, "seconds": 12360}
{"event": "progress", "epoch": 62, "step": 750, "loss": -15.148181756673587, "seconds": 12370}
{"event": "progress", "epoch": 62, "step": 800, "loss": -14.92444036452963, "seconds": 12381}
{"event": "progress", "epoch": 62, "step": 850, "loss": -14.099371207569831, "seconds": 12393}
{"event": "progress", "epoch": 62, "step": 900, "loss": -13.943334142048418, "seconds": 12404}
{"event": "epoch", "epoch": 62, "phase": "float", "loss": -14.947483823583077, "seconds": 200.5503647379992, "elapsed_seconds": 12406.045665602, "learning_rate": 1e-05, "utterances": 770, "total_utterances": 770, "invalid_utterances": 0, "noisy_si_sdr": 6.016738904979767, "si_sdr": 13.761641486216103, "si_sdri": 7.744902581236338, "best_si_sdri": 7.767574965426421}
{"event": "progress", "epoch": 63, "step": 0, "loss": -16.332617344577454, "seconds": 12407}
{"event": "progress", "epoch": 63, "step": 50, "loss": -13.361309207447594, "seconds": 12417}
{"event": "progress", "epoch": 63, "step": 100, "loss": -15.710315088512417, "seconds": 12429}
{"event": "progress", "epoch": 63, "step": 150, "loss": -15.712104674495475, "seconds": 12440}
{"event": "progress", "epoch": 63, "step": 200, "loss": -13.888885498159706, "seconds": 12450}
{"event": "progress", "epoch": 63, "step": 250, "loss": -16.85817511187256, "seconds": 12462}
{"event": "progress", "epoch": 63, "step": 300, "loss": -13.934390121191878, "seconds": 12473}
{"event": "progress", "epoch": 63, "step": 350, "loss": -15.2204501474361, "seconds": 12483}
{"event": "progress", "epoch": 63, "step": 400, "loss": -13.328750055326982, "seconds": 12495}
{"event": "progress", "epoch": 63, "step": 450, "loss": -17.32455658309475, "seconds": 12506}
{"event": "progress", "epoch": 63, "step": 500, "loss": -13.976674077817922, "seconds": 12517}
{"event": "progress", "epoch": 63, "step": 550, "loss": -12.85957114741406, "seconds": 12528}
{"event": "progress", "epoch": 63, "step": 600, "loss": -18.95877485297882, "seconds": 12539}
{"event": "progress", "epoch": 63, "step": 650, "loss": -13.595158874530378, "seconds": 12550}
{"event": "progress", "epoch": 63, "step": 700, "loss": -12.942758775810447, "seconds": 12561}
{"event": "progress", "epoch": 63, "step": 750, "loss": -16.31372908805069, "seconds": 12571}
{"event": "progress", "epoch": 63, "step": 800, "loss": -15.675707835688522, "seconds": 12582}
{"event": "progress", "epoch": 63, "step": 850, "loss": -14.431302472893353, "seconds": 12593}
{"event": "progress", "epoch": 63, "step": 900, "loss": -13.895771535409153, "seconds": 12605}
{"event": "epoch", "epoch": 63, "phase": "float", "loss": -14.873040495099872, "seconds": 200.9541908029969, "elapsed_seconds": 12607.060612941998, "learning_rate": 1e-05, "utterances": 770, "total_utterances": 770, "invalid_utterances": 0, "noisy_si_sdr": 6.016738904979767, "si_sdr": 13.771041713173247, "si_sdri": 7.754302808193479, "best_si_sdri": 7.767574965426421}
{"event": "progress", "epoch": 64, "step": 0, "loss": -14.56063553862289, "seconds": 12608}
{"event": "progress", "epoch": 64, "step": 50, "loss": -15.557362183564388, "seconds": 12619}
{"event": "progress", "epoch": 64, "step": 100, "loss": -16.62889574442342, "seconds": 12630}
{"event": "progress", "epoch": 64, "step": 150, "loss": -12.206760648944812, "seconds": 12641}
{"event": "progress", "epoch": 64, "step": 200, "loss": -15.019219297601229, "seconds": 12652}
{"event": "progress", "epoch": 64, "step": 250, "loss": -12.169426170984488, "seconds": 12663}
{"event": "progress", "epoch": 64, "step": 300, "loss": -15.187299658820857, "seconds": 12674}
{"event": "progress", "epoch": 64, "step": 350, "loss": -13.927811204778799, "seconds": 12685}
{"event": "progress", "epoch": 64, "step": 400, "loss": -15.072442654363323, "seconds": 12696}
{"event": "progress", "epoch": 64, "step": 450, "loss": -16.009360069735397, "seconds": 12707}
{"event": "progress", "epoch": 64, "step": 500, "loss": -13.622976423896617, "seconds": 12718}
{"event": "progress", "epoch": 64, "step": 550, "loss": -12.677867830656993, "seconds": 12729}
{"event": "progress", "epoch": 64, "step": 600, "loss": -15.39301867547772, "seconds": 12740}
{"event": "progress", "epoch": 64, "step": 650, "loss": -15.438180336497432, "seconds": 12751}
{"event": "progress", "epoch": 64, "step": 700, "loss": -14.745250679211374, "seconds": 12762}
{"event": "progress", "epoch": 64, "step": 750, "loss": -15.775029780007737, "seconds": 12772}
{"event": "progress", "epoch": 64, "step": 800, "loss": -14.642587822698795, "seconds": 12783}
{"event": "progress", "epoch": 64, "step": 850, "loss": -15.376035068836604, "seconds": 12794}
{"event": "progress", "epoch": 64, "step": 900, "loss": -10.28622107289348, "seconds": 12805}
{"event": "epoch", "epoch": 64, "phase": "float", "loss": -14.842662666411767, "seconds": 200.0792949559982, "elapsed_seconds": 12807.194244808998, "learning_rate": 1e-05, "utterances": 770, "total_utterances": 770, "invalid_utterances": 0, "noisy_si_sdr": 6.016738904979767, "si_sdr": 13.756524308249144, "si_sdri": 7.739785403269378, "best_si_sdri": 7.767574965426421}
{"event": "progress", "epoch": 65, "step": 0, "loss": -14.945988559009354, "seconds": 12808}
{"event": "progress", "epoch": 65, "step": 50, "loss": -15.63153276300362, "seconds": 12819}
{"event": "progress", "epoch": 65, "step": 100, "loss": -14.319827102787544, "seconds": 12830}
{"event": "progress", "epoch": 65, "step": 150, "loss": -15.524041735331803, "seconds": 12841}
{"event": "progress", "epoch": 65, "step": 200, "loss": -12.604346075716212, "seconds": 12852}
{"event": "progress", "epoch": 65, "step": 250, "loss": -16.08570002704171, "seconds": 12863}
{"event": "progress", "epoch": 65, "step": 300, "loss": -13.718279561621006, "seconds": 12874}
{"event": "progress", "epoch": 65, "step": 350, "loss": -12.952528462471358, "seconds": 12885}
{"event": "progress", "epoch": 65, "step": 400, "loss": -15.09028780360538, "seconds": 12896}
{"event": "progress", "epoch": 65, "step": 450, "loss": -18.705029602560522, "seconds": 12907}
{"event": "progress", "epoch": 65, "step": 500, "loss": -13.216711165228588, "seconds": 12918}
{"event": "progress", "epoch": 65, "step": 550, "loss": -13.431843674755712, "seconds": 12929}
{"event": "progress", "epoch": 65, "step": 600, "loss": -14.84133011601796, "seconds": 12940}
{"event": "progress", "epoch": 65, "step": 650, "loss": -17.349341611975007, "seconds": 12951}
{"event": "progress", "epoch": 65, "step": 700, "loss": -14.89966508938013, "seconds": 12962}
{"event": "progress", "epoch": 65, "step": 750, "loss": -16.831681294403577, "seconds": 12972}
{"event": "progress", "epoch": 65, "step": 800, "loss": -15.041702828758583, "seconds": 12983}
{"event": "progress", "epoch": 65, "step": 850, "loss": -14.78808055780919, "seconds": 12994}
{"event": "progress", "epoch": 65, "step": 900, "loss": -14.918807787676268, "seconds": 13005}
{"event": "epoch", "epoch": 65, "phase": "float", "loss": -15.02803861574817, "seconds": 200.19115488900206, "elapsed_seconds": 13007.439933004, "learning_rate": 1e-05, "utterances": 770, "total_utterances": 770, "invalid_utterances": 0, "noisy_si_sdr": 6.016738904979767, "si_sdr": 13.776737666105145, "si_sdri": 7.759998761125378, "best_si_sdri": 7.767574965426421}
{"event": "progress", "epoch": 66, "step": 0, "loss": -14.016505035626597, "seconds": 13008}
{"event": "progress", "epoch": 66, "step": 50, "loss": -14.783318882393687, "seconds": 13019}
{"event": "progress", "epoch": 66, "step": 100, "loss": -16.632239339867365, "seconds": 13030}
{"event": "progress", "epoch": 66, "step": 150, "loss": -14.457463733491895, "seconds": 13041}
{"event": "progress", "epoch": 66, "step": 200, "loss": -14.694963673392056, "seconds": 13052}
{"event": "progress", "epoch": 66, "step": 250, "loss": -16.561621498998566, "seconds": 13063}
{"event": "progress", "epoch": 66, "step": 300, "loss": -15.438133124765239, "seconds": 13074}
{"event": "progress", "epoch": 66, "step": 350, "loss": -14.157325273993132, "seconds": 13085}
{"event": "progress", "epoch": 66, "step": 400, "loss": -15.983151943369478, "seconds": 13096}
{"event": "progress", "epoch": 66, "step": 450, "loss": -14.369860602318951, "seconds": 13107}
{"event": "progress", "epoch": 66, "step": 500, "loss": -17.616849089412852, "seconds": 13118}
{"event": "progress", "epoch": 66, "step": 550, "loss": -14.944829237913192, "seconds": 13129}
{"event": "progress", "epoch": 66, "step": 600, "loss": -13.144980016633752, "seconds": 13140}
{"event": "progress", "epoch": 66, "step": 650, "loss": -15.692215472634672, "seconds": 13151}
{"event": "progress", "epoch": 66, "step": 700, "loss": -17.859008987175137, "seconds": 13162}
{"event": "progress", "epoch": 66, "step": 750, "loss": -15.321928093566868, "seconds": 13172}
{"event": "progress", "epoch": 66, "step": 800, "loss": -13.984814607443031, "seconds": 13183}
{"event": "progress", "epoch": 66, "step": 850, "loss": -13.729679161809432, "seconds": 13195}
{"event": "progress", "epoch": 66, "step": 900, "loss": -18.496486167851085, "seconds": 13206}
{"event": "epoch", "epoch": 66, "phase": "float", "loss": -14.996447026608008, "seconds": 200.61055784700147, "elapsed_seconds": 13208.104235474999, "learning_rate": 1e-05, "utterances": 770, "total_utterances": 770, "invalid_utterances": 0, "noisy_si_sdr": 6.016738904979767, "si_sdr": 13.781864740238122, "si_sdri": 7.765125835258354, "best_si_sdri": 7.767574965426421}
{"event": "progress", "epoch": 67, "step": 0, "loss": -15.644646171571669, "seconds": 13209}
{"event": "progress", "epoch": 67, "step": 50, "loss": -17.39925279531596, "seconds": 13220}
{"event": "progress", "epoch": 67, "step": 100, "loss": -16.16280661669376, "seconds": 13231}
{"event": "progress", "epoch": 67, "step": 150, "loss": -14.198272490681447, "seconds": 13242}
{"event": "progress", "epoch": 67, "step": 200, "loss": -13.84622481025607, "seconds": 13253}
{"event": "progress", "epoch": 67, "step": 250, "loss": -15.766819565824429, "seconds": 13264}
{"event": "progress", "epoch": 67, "step": 300, "loss": -15.96749901285629, "seconds": 13275}
{"event": "progress", "epoch": 67, "step": 350, "loss": -16.154578897425726, "seconds": 13286}
{"event": "progress", "epoch": 67, "step": 400, "loss": -14.921895964528318, "seconds": 13297}
{"event": "progress", "epoch": 67, "step": 450, "loss": -14.128298662688081, "seconds": 13308}
{"event": "progress", "epoch": 67, "step": 500, "loss": -14.792045361603947, "seconds": 13319}
{"event": "progress", "epoch": 67, "step": 550, "loss": -14.56409838864373, "seconds": 13330}
{"event": "progress", "epoch": 67, "step": 600, "loss": -16.20438607150958, "seconds": 13341}
{"event": "progress", "epoch": 67, "step": 650, "loss": -14.176168207596348, "seconds": 13352}
{"event": "progress", "epoch": 67, "step": 700, "loss": -15.725703326009029, "seconds": 13363}
{"event": "progress", "epoch": 67, "step": 750, "loss": -16.051175736270423, "seconds": 13373}
{"event": "progress", "epoch": 67, "step": 800, "loss": -16.592565465102407, "seconds": 13384}
{"event": "progress", "epoch": 67, "step": 850, "loss": -14.11174621336373, "seconds": 13395}
{"event": "progress", "epoch": 67, "step": 900, "loss": -14.154364649357303, "seconds": 13406}
{"event": "epoch", "epoch": 67, "phase": "float", "loss": -14.98014157691637, "seconds": 200.24751702999856, "elapsed_seconds": 13408.424194829, "learning_rate": 1e-05, "utterances": 770, "total_utterances": 770, "invalid_utterances": 0, "noisy_si_sdr": 6.016738904979767, "si_sdr": 13.762277274378626, "si_sdri": 7.745538369398857, "best_si_sdri": 7.767574965426421}
{"event": "progress", "epoch": 68, "step": 0, "loss": -17.50606901257772, "seconds": 13409}
{"event": "progress", "epoch": 68, "step": 50, "loss": -18.539164179382645, "seconds": 13420}
{"event": "progress", "epoch": 68, "step": 100, "loss": -14.573574036667182, "seconds": 13431}
{"event": "progress", "epoch": 68, "step": 150, "loss": -13.841065884080528, "seconds": 13442}
{"event": "progress", "epoch": 68, "step": 200, "loss": -14.269094028248377, "seconds": 13453}
{"event": "progress", "epoch": 68, "step": 250, "loss": -13.283087010497926, "seconds": 13464}
{"event": "progress", "epoch": 68, "step": 300, "loss": -16.02458205409239, "seconds": 13475}
{"event": "progress", "epoch": 68, "step": 350, "loss": -15.215373727675413, "seconds": 13486}
{"event": "progress", "epoch": 68, "step": 400, "loss": -11.218232184800025, "seconds": 13497}
{"event": "progress", "epoch": 68, "step": 450, "loss": -11.38385313412897, "seconds": 13508}
{"event": "progress", "epoch": 68, "step": 500, "loss": -15.031254145192815, "seconds": 13519}
{"event": "progress", "epoch": 68, "step": 550, "loss": -16.795967695983, "seconds": 13530}
{"event": "progress", "epoch": 68, "step": 600, "loss": -16.674014036029, "seconds": 13541}
{"event": "progress", "epoch": 68, "step": 650, "loss": -15.70661198400959, "seconds": 13552}
{"event": "progress", "epoch": 68, "step": 700, "loss": -14.032421943605598, "seconds": 13563}
{"event": "progress", "epoch": 68, "step": 750, "loss": -13.007138348860522, "seconds": 13573}
{"event": "progress", "epoch": 68, "step": 800, "loss": -15.132151862373565, "seconds": 13584}
{"event": "progress", "epoch": 68, "step": 850, "loss": -16.067120965860656, "seconds": 13595}
{"event": "progress", "epoch": 68, "step": 900, "loss": -11.620317571312953, "seconds": 13606}
{"event": "epoch", "epoch": 68, "phase": "float", "loss": -14.885581030730183, "seconds": 200.18146206000165, "elapsed_seconds": 13608.659578944, "learning_rate": 1e-05, "utterances": 770, "total_utterances": 770, "invalid_utterances": 0, "noisy_si_sdr": 6.016738904979767, "si_sdr": 13.777945670338676, "si_sdri": 7.7612067653589065, "best_si_sdri": 7.767574965426421}
{"event": "progress", "epoch": 69, "step": 0, "loss": -13.325105008569324, "seconds": 13609}
{"event": "progress", "epoch": 69, "step": 50, "loss": -16.05287797431224, "seconds": 13620}
{"event": "progress", "epoch": 69, "step": 100, "loss": -13.348636329095331, "seconds": 13632}
{"event": "progress", "epoch": 69, "step": 150, "loss": -14.761663329464795, "seconds": 13643}
{"event": "progress", "epoch": 69, "step": 200, "loss": -15.430891552225518, "seconds": 13654}
{"event": "progress", "epoch": 69, "step": 250, "loss": -18.274500287809268, "seconds": 13665}
{"event": "progress", "epoch": 69, "step": 300, "loss": -13.756679108079505, "seconds": 13676}
{"event": "progress", "epoch": 69, "step": 350, "loss": -13.3424290217519, "seconds": 13687}
{"event": "progress", "epoch": 69, "step": 400, "loss": -13.64967555017816, "seconds": 13698}
{"event": "progress", "epoch": 69, "step": 450, "loss": -15.045781639763996, "seconds": 13709}
{"event": "progress", "epoch": 69, "step": 500, "loss": -14.18236344473631, "seconds": 13720}
{"event": "progress", "epoch": 69, "step": 550, "loss": -16.775401020638924, "seconds": 13731}
{"event": "progress", "epoch": 69, "step": 600, "loss": -13.597965271442366, "seconds": 13742}
{"event": "progress", "epoch": 69, "step": 650, "loss": -14.912943102222531, "seconds": 13753}
{"event": "progress", "epoch": 69, "step": 700, "loss": -16.08506993991851, "seconds": 13764}
{"event": "progress", "epoch": 69, "step": 750, "loss": -16.714631006334503, "seconds": 13774}
{"event": "progress", "epoch": 69, "step": 800, "loss": -16.339195626240823, "seconds": 13785}
{"event": "progress", "epoch": 69, "step": 850, "loss": -14.338048182767924, "seconds": 13796}
{"event": "progress", "epoch": 69, "step": 900, "loss": -13.194363602135855, "seconds": 13807}
{"event": "epoch", "epoch": 69, "phase": "float", "loss": -14.9142868304764, "seconds": 200.84840650200204, "elapsed_seconds": 13809.579035081999, "learning_rate": 1e-05, "utterances": 770, "total_utterances": 770, "invalid_utterances": 0, "noisy_si_sdr": 6.016738904979767, "si_sdr": 13.759075238316731, "si_sdri": 7.7423363333369615, "best_si_sdri": 7.767574965426421}
{"event": "progress", "epoch": 70, "step": 0, "loss": -12.98885435457944, "seconds": 13810}
{"event": "progress", "epoch": 70, "step": 50, "loss": -15.280492045996484, "seconds": 13821}
{"event": "progress", "epoch": 70, "step": 100, "loss": -17.538549994454165, "seconds": 13832}
{"event": "progress", "epoch": 70, "step": 150, "loss": -15.775449556949619, "seconds": 13843}
{"event": "progress", "epoch": 70, "step": 200, "loss": -13.571861905371893, "seconds": 13854}
{"event": "progress", "epoch": 70, "step": 250, "loss": -14.83504929619114, "seconds": 13865}
{"event": "progress", "epoch": 70, "step": 300, "loss": -13.980492934911306, "seconds": 13876}
{"event": "progress", "epoch": 70, "step": 350, "loss": -15.908641261259023, "seconds": 13887}
{"event": "progress", "epoch": 70, "step": 400, "loss": -14.512220649962348, "seconds": 13898}
{"event": "progress", "epoch": 70, "step": 450, "loss": -14.251327579681025, "seconds": 13909}
{"event": "progress", "epoch": 70, "step": 500, "loss": -15.101028793240651, "seconds": 13920}
{"event": "progress", "epoch": 70, "step": 550, "loss": -16.667320200603623, "seconds": 13931}
{"event": "progress", "epoch": 70, "step": 600, "loss": -16.620129523567776, "seconds": 13942}
{"event": "progress", "epoch": 70, "step": 650, "loss": -17.26392383598784, "seconds": 13953}
{"event": "progress", "epoch": 70, "step": 700, "loss": -12.499722588624488, "seconds": 13964}
{"event": "progress", "epoch": 70, "step": 750, "loss": -16.063462137226864, "seconds": 13974}
{"event": "progress", "epoch": 70, "step": 800, "loss": -13.768241332256853, "seconds": 13985}
{"event": "progress", "epoch": 70, "step": 850, "loss": -14.430805957148602, "seconds": 13996}
{"event": "progress", "epoch": 70, "step": 900, "loss": -13.934186385707648, "seconds": 14007}
{"event": "epoch", "epoch": 70, "phase": "float", "loss": -14.85515835890451, "seconds": 200.13746714900117, "elapsed_seconds": 14009.771884766, "learning_rate": 1e-05, "utterances": 770, "total_utterances": 770, "invalid_utterances": 0, "noisy_si_sdr": 6.016738904979767, "si_sdr": 13.771248067852843, "si_sdri": 7.754509162873074, "best_si_sdri": 7.767574965426421}
{"event": "progress", "epoch": 71, "step": 0, "loss": -13.693273906268873, "seconds": 14010}
{"event": "progress", "epoch": 71, "step": 50, "loss": -14.887429151198207, "seconds": 14021}
{"event": "progress", "epoch": 71, "step": 100, "loss": -16.855876194251955, "seconds": 14033}
{"event": "progress", "epoch": 71, "step": 150, "loss": -14.31452903360071, "seconds": 14044}
{"event": "progress", "epoch": 71, "step": 200, "loss": -16.17105536233897, "seconds": 14055}
{"event": "progress", "epoch": 71, "step": 250, "loss": -14.971623588615268, "seconds": 14066}
{"event": "progress", "epoch": 71, "step": 300, "loss": -14.108703566071407, "seconds": 14077}
{"event": "progress", "epoch": 71, "step": 350, "loss": -14.168127210986942, "seconds": 14088}
{"event": "progress", "epoch": 71, "step": 400, "loss": -13.582002551748253, "seconds": 14099}
{"event": "progress", "epoch": 71, "step": 450, "loss": -13.266067349085674, "seconds": 14110}
{"event": "progress", "epoch": 71, "step": 500, "loss": -15.435991297729561, "seconds": 14121}
{"event": "progress", "epoch": 71, "step": 550, "loss": -16.59538067354591, "seconds": 14132}
{"event": "progress", "epoch": 71, "step": 600, "loss": -13.779164303010234, "seconds": 14143}
{"event": "progress", "epoch": 71, "step": 650, "loss": -14.096073908232274, "seconds": 14154}
{"event": "progress", "epoch": 71, "step": 700, "loss": -12.606432446391292, "seconds": 14165}
{"event": "progress", "epoch": 71, "step": 750, "loss": -12.220522022287776, "seconds": 14175}
{"event": "progress", "epoch": 71, "step": 800, "loss": -14.254152413190553, "seconds": 14186}
{"event": "progress", "epoch": 71, "step": 850, "loss": -15.479163116369278, "seconds": 14197}
{"event": "progress", "epoch": 71, "step": 900, "loss": -15.697416080295495, "seconds": 14208}
{"event": "epoch", "epoch": 71, "phase": "float", "loss": -14.937789754855467, "seconds": 200.6852548780007, "elapsed_seconds": 14210.545275895998, "learning_rate": 1e-05, "utterances": 770, "total_utterances": 770, "invalid_utterances": 0, "noisy_si_sdr": 6.016738904979767, "si_sdr": 13.7553497529399, "si_sdri": 7.73861084796013, "best_si_sdri": 7.767574965426421}
{"event": "progress", "epoch": 72, "step": 0, "loss": -16.217757313312255, "seconds": 14211}
{"event": "progress", "epoch": 72, "step": 50, "loss": -14.153263683073089, "seconds": 14222}
{"event": "progress", "epoch": 72, "step": 100, "loss": -13.532474765485723, "seconds": 14233}
{"event": "progress", "epoch": 72, "step": 150, "loss": -16.20193093947851, "seconds": 14244}
{"event": "progress", "epoch": 72, "step": 200, "loss": -13.116137522859422, "seconds": 14255}
{"event": "progress", "epoch": 72, "step": 250, "loss": -15.318597555410026, "seconds": 14266}
{"event": "progress", "epoch": 72, "step": 300, "loss": -14.41972880620743, "seconds": 14277}
{"event": "progress", "epoch": 72, "step": 350, "loss": -14.857829177685922, "seconds": 14288}
{"event": "progress", "epoch": 72, "step": 400, "loss": -15.58054128108061, "seconds": 14299}
{"event": "progress", "epoch": 72, "step": 450, "loss": -13.91911137344086, "seconds": 14310}
{"event": "progress", "epoch": 72, "step": 500, "loss": -14.52390987534215, "seconds": 14321}
{"event": "progress", "epoch": 72, "step": 550, "loss": -15.180664242288199, "seconds": 14332}
{"event": "progress", "epoch": 72, "step": 600, "loss": -13.280674191186359, "seconds": 14343}
{"event": "progress", "epoch": 72, "step": 650, "loss": -15.631809716771267, "seconds": 14354}
{"event": "progress", "epoch": 72, "step": 700, "loss": -17.31408959300812, "seconds": 14365}
{"event": "progress", "epoch": 72, "step": 750, "loss": -15.023834562712121, "seconds": 14375}
{"event": "progress", "epoch": 72, "step": 800, "loss": -12.555824601633178, "seconds": 14386}
{"event": "progress", "epoch": 72, "step": 850, "loss": -15.026251144574099, "seconds": 14397}
{"event": "progress", "epoch": 72, "step": 900, "loss": -12.49735684368818, "seconds": 14408}
{"event": "epoch", "epoch": 72, "phase": "float", "loss": -14.905074492679907, "seconds": 200.07950355299909, "elapsed_seconds": 14410.679766597, "learning_rate": 1e-05, "utterances": 770, "total_utterances": 770, "invalid_utterances": 0, "noisy_si_sdr": 6.016738904979767, "si_sdr": 13.778800557226223, "si_sdri": 7.762061652246456, "best_si_sdri": 7.767574965426421}
{"event": "progress", "epoch": 73, "step": 0, "loss": -11.299653792842935, "seconds": 14411}
{"event": "progress", "epoch": 73, "step": 50, "loss": -13.56392136200039, "seconds": 14422}
{"event": "progress", "epoch": 73, "step": 100, "loss": -15.549715589076573, "seconds": 14433}
{"event": "progress", "epoch": 73, "step": 150, "loss": -14.986047808958, "seconds": 14444}
{"event": "progress", "epoch": 73, "step": 200, "loss": -16.115264211479577, "seconds": 14455}
{"event": "progress", "epoch": 73, "step": 250, "loss": -13.827511766583108, "seconds": 14466}
{"event": "progress", "epoch": 73, "step": 300, "loss": -15.168402279825955, "seconds": 14477}
{"event": "progress", "epoch": 73, "step": 350, "loss": -15.33653079854989, "seconds": 14488}
{"event": "progress", "epoch": 73, "step": 400, "loss": -14.793471643870015, "seconds": 14499}
{"event": "progress", "epoch": 73, "step": 450, "loss": -14.270298529860558, "seconds": 14510}
{"event": "progress", "epoch": 73, "step": 500, "loss": -16.37133629961864, "seconds": 14521}
{"event": "progress", "epoch": 73, "step": 550, "loss": -12.760504054628004, "seconds": 14532}
{"event": "progress", "epoch": 73, "step": 600, "loss": -14.968536043096217, "seconds": 14543}
{"event": "progress", "epoch": 73, "step": 650, "loss": -13.702931510945323, "seconds": 14554}
{"event": "progress", "epoch": 73, "step": 700, "loss": -13.895181217116669, "seconds": 14565}
{"event": "progress", "epoch": 73, "step": 750, "loss": -15.697066591595055, "seconds": 14576}
{"event": "progress", "epoch": 73, "step": 800, "loss": -13.09868177926549, "seconds": 14587}
{"event": "progress", "epoch": 73, "step": 850, "loss": -14.889710851974813, "seconds": 14598}
{"event": "progress", "epoch": 73, "step": 900, "loss": -12.511586450640866, "seconds": 14609}
{"event": "epoch", "epoch": 73, "phase": "float", "loss": -14.883731476704297, "seconds": 200.566480993999, "elapsed_seconds": 14611.299279577997, "learning_rate": 1e-05, "utterances": 770, "total_utterances": 770, "invalid_utterances": 0, "noisy_si_sdr": 6.016738904979767, "si_sdr": 13.77576888085053, "si_sdri": 7.759029975870764, "best_si_sdri": 7.767574965426421}
{"event": "progress", "epoch": 74, "step": 0, "loss": -14.701545565049152, "seconds": 14612}
{"event": "progress", "epoch": 74, "step": 50, "loss": -13.328577983429444, "seconds": 14623}
{"event": "progress", "epoch": 74, "step": 100, "loss": -13.958651274034882, "seconds": 14634}
{"event": "progress", "epoch": 74, "step": 150, "loss": -14.862430630553234, "seconds": 14645}
{"event": "progress", "epoch": 74, "step": 200, "loss": -14.505832068661812, "seconds": 14656}
{"event": "progress", "epoch": 74, "step": 250, "loss": -13.047829891044936, "seconds": 14667}
{"event": "progress", "epoch": 74, "step": 300, "loss": -17.011691302878084, "seconds": 14678}
{"event": "progress", "epoch": 74, "step": 350, "loss": -15.028724144956282, "seconds": 14689}
{"event": "progress", "epoch": 74, "step": 400, "loss": -12.890534998310608, "seconds": 14700}
{"event": "progress", "epoch": 74, "step": 450, "loss": -14.24846046911891, "seconds": 14711}
{"event": "progress", "epoch": 74, "step": 500, "loss": -13.882847950654014, "seconds": 14722}
{"event": "progress", "epoch": 74, "step": 550, "loss": -13.45170103033131, "seconds": 14733}
{"event": "progress", "epoch": 74, "step": 600, "loss": -15.78192219744825, "seconds": 14744}
{"event": "progress", "epoch": 74, "step": 650, "loss": -15.380105608066962, "seconds": 14755}
{"event": "progress", "epoch": 74, "step": 700, "loss": -15.86642277458252, "seconds": 14766}
{"event": "progress", "epoch": 74, "step": 750, "loss": -15.218139484195435, "seconds": 14776}
{"event": "progress", "epoch": 74, "step": 800, "loss": -18.001488822049115, "seconds": 14787}
{"event": "progress", "epoch": 74, "step": 850, "loss": -16.044786438973276, "seconds": 14798}
{"event": "progress", "epoch": 74, "step": 900, "loss": -15.322851077707421, "seconds": 14809}
{"event": "epoch", "epoch": 74, "phase": "float", "loss": -15.014931445712635, "seconds": 200.05849467699954, "elapsed_seconds": 14811.411843183, "learning_rate": 1e-05, "utterances": 770, "total_utterances": 770, "invalid_utterances": 0, "noisy_si_sdr": 6.016738904979767, "si_sdr": 13.770044910152823, "si_sdri": 7.753306005173053, "best_si_sdri": 7.767574965426421}
{"event": "progress", "epoch": 75, "step": 0, "loss": -12.952814009843339, "seconds": 14812}
{"event": "progress", "epoch": 75, "step": 50, "loss": -16.036755656259132, "seconds": 14823}
{"event": "progress", "epoch": 75, "step": 100, "loss": -12.75226503277746, "seconds": 14834}
{"event": "progress", "epoch": 75, "step": 150, "loss": -15.59129083727817, "seconds": 14845}
{"event": "progress", "epoch": 75, "step": 200, "loss": -13.66912575140671, "seconds": 14856}
{"event": "progress", "epoch": 75, "step": 250, "loss": -18.399385090749462, "seconds": 14867}
{"event": "progress", "epoch": 75, "step": 300, "loss": -16.114701880350484, "seconds": 14878}
{"event": "progress", "epoch": 75, "step": 350, "loss": -15.368628265001483, "seconds": 14889}
{"event": "progress", "epoch": 75, "step": 400, "loss": -13.2026036214346, "seconds": 14900}
{"event": "progress", "epoch": 75, "step": 450, "loss": -16.355908026655612, "seconds": 14911}
{"event": "progress", "epoch": 75, "step": 500, "loss": -13.476648348160623, "seconds": 14922}
{"event": "progress", "epoch": 75, "step": 550, "loss": -12.521659444018326, "seconds": 14933}
{"event": "progress", "epoch": 75, "step": 600, "loss": -14.385716644277482, "seconds": 14944}
{"event": "progress", "epoch": 75, "step": 650, "loss": -16.117376651663726, "seconds": 14955}
{"event": "progress", "epoch": 75, "step": 700, "loss": -16.248116515055898, "seconds": 14966}
{"event": "progress", "epoch": 75, "step": 750, "loss": -16.187005425668268, "seconds": 14976}
{"event": "progress", "epoch": 75, "step": 800, "loss": -14.13532035207539, "seconds": 14986}
{"event": "progress", "epoch": 75, "step": 850, "loss": -12.658397446765747, "seconds": 14997}
{"event": "progress", "epoch": 75, "step": 900, "loss": -13.5089787361945, "seconds": 15007}
{"event": "epoch", "epoch": 75, "phase": "float", "loss": -14.888580953668203, "seconds": 198.1103536619994, "elapsed_seconds": 15009.577396695, "learning_rate": 1e-05, "utterances": 770, "total_utterances": 770, "invalid_utterances": 0, "noisy_si_sdr": 6.016738904979767, "si_sdr": 13.784926441471681, "si_sdri": 7.768187536491914, "best_si_sdri": 7.768187536491914}
{"event": "progress", "epoch": 76, "step": 0, "loss": -13.67907795010458, "seconds": 15010}
{"event": "progress", "epoch": 76, "step": 50, "loss": -14.261926247289871, "seconds": 15021}
{"event": "progress", "epoch": 76, "step": 100, "loss": -16.225303513977025, "seconds": 15031}
{"event": "progress", "epoch": 76, "step": 150, "loss": -16.912466530718063, "seconds": 15042}
{"event": "progress", "epoch": 76, "step": 200, "loss": -14.078557772686462, "seconds": 15052}
{"event": "progress", "epoch": 76, "step": 250, "loss": -16.935062426448066, "seconds": 15063}
{"event": "progress", "epoch": 76, "step": 300, "loss": -14.583050633693802, "seconds": 15073}
{"event": "progress", "epoch": 76, "step": 350, "loss": -13.293851514176822, "seconds": 15084}
{"event": "progress", "epoch": 76, "step": 400, "loss": -13.073638513423456, "seconds": 15094}
{"event": "progress", "epoch": 76, "step": 450, "loss": -14.432265434403108, "seconds": 15105}
{"event": "progress", "epoch": 76, "step": 500, "loss": -14.620480588624279, "seconds": 15115}
{"event": "progress", "epoch": 76, "step": 550, "loss": -13.705470492408825, "seconds": 15126}
{"event": "progress", "epoch": 76, "step": 600, "loss": -13.934368289351596, "seconds": 15136}
{"event": "progress", "epoch": 76, "step": 650, "loss": -12.839586801311443, "seconds": 15147}
{"event": "progress", "epoch": 76, "step": 700, "loss": -14.512571316868682, "seconds": 15157}
{"event": "progress", "epoch": 76, "step": 750, "loss": -17.122695278228818, "seconds": 15167}
{"event": "progress", "epoch": 76, "step": 800, "loss": -14.52716457575609, "seconds": 15177}
{"event": "progress", "epoch": 76, "step": 850, "loss": -17.774669281366258, "seconds": 15188}
{"event": "progress", "epoch": 76, "step": 900, "loss": -11.295588062641622, "seconds": 15198}
{"event": "epoch", "epoch": 76, "phase": "float", "loss": -14.997187517969572, "seconds": 190.8675383209993, "elapsed_seconds": 15200.551011268999, "learning_rate": 1e-05, "utterances": 770, "total_utterances": 770, "invalid_utterances": 0, "noisy_si_sdr": 6.016738904979767, "si_sdr": 13.765972703678289, "si_sdri": 7.74923379869852, "best_si_sdri": 7.768187536491914}
{"event": "progress", "epoch": 77, "step": 0, "loss": -16.953835985965046, "seconds": 15201}
{"event": "progress", "epoch": 77, "step": 50, "loss": -15.427851209895696, "seconds": 15212}
{"event": "progress", "epoch": 77, "step": 100, "loss": -13.681523151784257, "seconds": 15222}
{"event": "progress", "epoch": 77, "step": 150, "loss": -16.004109312860916, "seconds": 15233}
{"event": "progress", "epoch": 77, "step": 200, "loss": -15.027685685100337, "seconds": 15244}
{"event": "progress", "epoch": 77, "step": 250, "loss": -14.494848635290936, "seconds": 15256}
{"event": "progress", "epoch": 77, "step": 300, "loss": -13.013788863503553, "seconds": 15266}
{"event": "progress", "epoch": 77, "step": 350, "loss": -14.84942795036569, "seconds": 15277}
{"event": "progress", "epoch": 77, "step": 400, "loss": -15.681922403717225, "seconds": 15288}
{"event": "progress", "epoch": 77, "step": 450, "loss": -15.165345391720606, "seconds": 15299}
{"event": "progress", "epoch": 77, "step": 500, "loss": -16.632399046007563, "seconds": 15310}
{"event": "progress", "epoch": 77, "step": 550, "loss": -14.303642511430144, "seconds": 15322}
{"event": "progress", "epoch": 77, "step": 600, "loss": -13.980551592006638, "seconds": 15332}
{"event": "progress", "epoch": 77, "step": 650, "loss": -14.889609401837996, "seconds": 15344}
{"event": "progress", "epoch": 77, "step": 700, "loss": -15.861239482691326, "seconds": 15355}
{"event": "progress", "epoch": 77, "step": 750, "loss": -12.718109657681776, "seconds": 15365}
{"event": "progress", "epoch": 77, "step": 800, "loss": -15.356017703413897, "seconds": 15376}
{"event": "progress", "epoch": 77, "step": 850, "loss": -13.724033603502614, "seconds": 15387}
{"event": "progress", "epoch": 77, "step": 900, "loss": -15.063119356025965, "seconds": 15398}
{"event": "epoch", "epoch": 77, "phase": "float", "loss": -15.022643280771979, "seconds": 199.48817092199897, "elapsed_seconds": 15400.105602968, "learning_rate": 1e-05, "utterances": 770, "total_utterances": 770, "invalid_utterances": 0, "noisy_si_sdr": 6.016738904979767, "si_sdr": 13.762628856360323, "si_sdri": 7.745889951380556, "best_si_sdri": 7.768187536491914}
{"event": "progress", "epoch": 78, "step": 0, "loss": -18.506583825434546, "seconds": 15401}
{"event": "progress", "epoch": 78, "step": 50, "loss": -14.386012495197203, "seconds": 15412}
{"event": "progress", "epoch": 78, "step": 100, "loss": -16.95988048964208, "seconds": 15423}
{"event": "progress", "epoch": 78, "step": 150, "loss": -16.520960827734264, "seconds": 15434}
{"event": "progress", "epoch": 78, "step": 200, "loss": -15.160488407357755, "seconds": 15445}
{"event": "progress", "epoch": 78, "step": 250, "loss": -16.701112433410778, "seconds": 15456}
{"event": "progress", "epoch": 78, "step": 300, "loss": -12.986526223241393, "seconds": 15467}
{"event": "progress", "epoch": 78, "step": 350, "loss": -13.984153862293613, "seconds": 15478}
{"event": "progress", "epoch": 78, "step": 400, "loss": -15.430223905459117, "seconds": 15489}
{"event": "progress", "epoch": 78, "step": 450, "loss": -18.393396203232143, "seconds": 15500}
{"event": "progress", "epoch": 78, "step": 500, "loss": -14.531641875869916, "seconds": 15511}
{"event": "progress", "epoch": 78, "step": 550, "loss": -16.330706744570954, "seconds": 15522}
{"event": "progress", "epoch": 78, "step": 600, "loss": -16.869830381734275, "seconds": 15533}
{"event": "progress", "epoch": 78, "step": 650, "loss": -15.909272452764242, "seconds": 15544}
{"event": "progress", "epoch": 78, "step": 700, "loss": -15.414723653684163, "seconds": 15555}
{"event": "progress", "epoch": 78, "step": 750, "loss": -14.688626242810424, "seconds": 15565}
{"event": "progress", "epoch": 78, "step": 800, "loss": -18.252642913050305, "seconds": 15576}
{"event": "progress", "epoch": 78, "step": 850, "loss": -14.736027137399745, "seconds": 15587}
{"event": "progress", "epoch": 78, "step": 900, "loss": -9.593457410944483, "seconds": 15598}
{"event": "epoch", "epoch": 78, "phase": "float", "loss": -15.0342412510809, "seconds": 200.38162270199973, "elapsed_seconds": 15600.550195747997, "learning_rate": 1e-05, "utterances": 770, "total_utterances": 770, "invalid_utterances": 0, "noisy_si_sdr": 6.016738904979767, "si_sdr": 13.739293612841463, "si_sdri": 7.722554707861695, "best_si_sdri": 7.768187536491914}
{"event": "progress", "epoch": 79, "step": 0, "loss": -16.933941655911767, "seconds": 15601}
{"event": "progress", "epoch": 79, "step": 50, "loss": -15.71362138450416, "seconds": 15612}
{"event": "progress", "epoch": 79, "step": 100, "loss": -14.143705564560904, "seconds": 15623}
{"event": "progress", "epoch": 79, "step": 150, "loss": -15.823993597079589, "seconds": 15634}
{"event": "progress", "epoch": 79, "step": 200, "loss": -13.843501796293397, "seconds": 15645}
{"event": "progress", "epoch": 79, "step": 250, "loss": -15.290400378913478, "seconds": 15656}
{"event": "progress", "epoch": 79, "step": 300, "loss": -16.79836431875568, "seconds": 15667}
{"event": "progress", "epoch": 79, "step": 350, "loss": -13.521031598709786, "seconds": 15678}
{"event": "progress", "epoch": 79, "step": 400, "loss": -14.672841639848201, "seconds": 15689}
{"event": "progress", "epoch": 79, "step": 450, "loss": -14.744853770222095, "seconds": 15700}
{"event": "progress", "epoch": 79, "step": 500, "loss": -15.0640304413849, "seconds": 15711}
{"event": "progress", "epoch": 79, "step": 550, "loss": -13.441061919449552, "seconds": 15722}
{"event": "progress", "epoch": 79, "step": 600, "loss": -12.663576799277445, "seconds": 15733}
{"event": "progress", "epoch": 79, "step": 650, "loss": -14.896230193568712, "seconds": 15745}
{"event": "progress", "epoch": 79, "step": 700, "loss": -13.052180299097035, "seconds": 15755}
{"event": "progress", "epoch": 79, "step": 750, "loss": -15.994860358446182, "seconds": 15766}
{"event": "progress", "epoch": 79, "step": 800, "loss": -15.994281773596423, "seconds": 15777}
{"event": "progress", "epoch": 79, "step": 850, "loss": -13.439135321280329, "seconds": 15788}
{"event": "progress", "epoch": 79, "step": 900, "loss": -16.697421623389772, "seconds": 15799}
{"event": "epoch", "epoch": 79, "phase": "float", "loss": -15.026035187830765, "seconds": 200.3255748190022, "elapsed_seconds": 15800.933584174, "learning_rate": 1e-05, "utterances": 770, "total_utterances": 770, "invalid_utterances": 0, "noisy_si_sdr": 6.016738904979767, "si_sdr": 13.778138382879279, "si_sdri": 7.761399477899509, "best_si_sdri": 7.768187536491914}
{"event": "progress", "epoch": 80, "step": 0, "loss": -13.46145469672923, "seconds": 15801}
{"event": "progress", "epoch": 80, "step": 50, "loss": -16.30852052638133, "seconds": 15812}
{"event": "progress", "epoch": 80, "step": 100, "loss": -14.849101835207865, "seconds": 15823}
{"event": "progress", "epoch": 80, "step": 150, "loss": -14.967320424116782, "seconds": 15834}
{"event": "progress", "epoch": 80, "step": 200, "loss": -13.177731022883316, "seconds": 15845}
{"event": "progress", "epoch": 80, "step": 250, "loss": -13.766102614497592, "seconds": 15857}
{"event": "progress", "epoch": 80, "step": 300, "loss": -13.51394007717682, "seconds": 15868}
{"event": "progress", "epoch": 80, "step": 350, "loss": -15.177641519205192, "seconds": 15878}
{"event": "progress", "epoch": 80, "step": 400, "loss": -15.169157312162007, "seconds": 15890}
{"event": "progress", "epoch": 80, "step": 450, "loss": -13.29594682213992, "seconds": 15900}
{"event": "progress", "epoch": 80, "step": 500, "loss": -17.083371103623605, "seconds": 15912}
{"event": "progress", "epoch": 80, "step": 550, "loss": -17.133514190849795, "seconds": 15923}
{"event": "progress", "epoch": 80, "step": 600, "loss": -13.940695215964155, "seconds": 15933}
{"event": "progress", "epoch": 80, "step": 650, "loss": -16.96772946565196, "seconds": 15945}
{"event": "progress", "epoch": 80, "step": 700, "loss": -15.419884202609104, "seconds": 15956}
{"event": "progress", "epoch": 80, "step": 750, "loss": -13.963082218950476, "seconds": 15966}
{"event": "progress", "epoch": 80, "step": 800, "loss": -14.4077121319655, "seconds": 15977}
{"event": "progress", "epoch": 80, "step": 850, "loss": -15.710789146097676, "seconds": 15988}
{"event": "progress", "epoch": 80, "step": 900, "loss": -16.50493165337252, "seconds": 15999}
{"event": "epoch", "epoch": 80, "phase": "float", "loss": -15.038995484275505, "seconds": 200.05431525999666, "elapsed_seconds": 16001.042086835998, "learning_rate": 1e-05, "utterances": 770, "total_utterances": 770, "invalid_utterances": 0, "noisy_si_sdr": 6.016738904979767, "si_sdr": 13.780594931975628, "si_sdri": 7.763856026995861, "best_si_sdri": 7.768187536491914}
{"event": "progress", "epoch": 81, "step": 0, "loss": -15.65326676097045, "seconds": 16002}
{"event": "progress", "epoch": 81, "step": 50, "loss": -15.70565653391029, "seconds": 16013}
{"event": "progress", "epoch": 81, "step": 100, "loss": -12.265687049932872, "seconds": 16024}
{"event": "progress", "epoch": 81, "step": 150, "loss": -16.46141619717202, "seconds": 16035}
{"event": "progress", "epoch": 81, "step": 200, "loss": -15.89144115428137, "seconds": 16046}
{"event": "progress", "epoch": 81, "step": 250, "loss": -15.36935116062843, "seconds": 16057}
{"event": "progress", "epoch": 81, "step": 300, "loss": -12.751371411144305, "seconds": 16068}
{"event": "progress", "epoch": 81, "step": 350, "loss": -12.516733798843443, "seconds": 16079}
{"event": "progress", "epoch": 81, "step": 400, "loss": -14.277880626213433, "seconds": 16090}
{"event": "progress", "epoch": 81, "step": 450, "loss": -13.782654276478624, "seconds": 16101}
{"event": "progress", "epoch": 81, "step": 500, "loss": -16.102467884325893, "seconds": 16112}
{"event": "progress", "epoch": 81, "step": 550, "loss": -14.976972281062993, "seconds": 16123}
{"event": "progress", "epoch": 81, "step": 600, "loss": -15.88759944236707, "seconds": 16134}
{"event": "progress", "epoch": 81, "step": 650, "loss": -13.66081813325962, "seconds": 16145}
{"event": "progress", "epoch": 81, "step": 700, "loss": -17.056716276771745, "seconds": 16156}
{"event": "progress", "epoch": 81, "step": 750, "loss": -14.366810767736869, "seconds": 16166}
{"event": "progress", "epoch": 81, "step": 800, "loss": -15.842313561403593, "seconds": 16177}
{"event": "progress", "epoch": 81, "step": 850, "loss": -12.615601972538887, "seconds": 16188}
{"event": "progress", "epoch": 81, "step": 900, "loss": -14.343429091575329, "seconds": 16199}
{"event": "epoch", "epoch": 81, "phase": "float", "loss": -15.02820442699351, "seconds": 200.62808638500064, "elapsed_seconds": 16201.724046046998, "learning_rate": 1e-05, "utterances": 770, "total_utterances": 770, "invalid_utterances": 0, "noisy_si_sdr": 6.016738904979767, "si_sdr": 13.765923442036915, "si_sdri": 7.749184537057147, "best_si_sdri": 7.768187536491914}
{"event": "progress", "epoch": 82, "step": 0, "loss": -16.44624617915989, "seconds": 16202}
{"event": "progress", "epoch": 82, "step": 50, "loss": -14.628067013474219, "seconds": 16213}
{"event": "progress", "epoch": 82, "step": 100, "loss": -16.193702049100995, "seconds": 16224}
{"event": "progress", "epoch": 82, "step": 150, "loss": -18.549969885291446, "seconds": 16235}
{"event": "progress", "epoch": 82, "step": 200, "loss": -14.955390120428591, "seconds": 16246}
{"event": "progress", "epoch": 82, "step": 250, "loss": -16.814062452848475, "seconds": 16257}
{"event": "progress", "epoch": 82, "step": 300, "loss": -14.512608647966417, "seconds": 16268}
{"event": "progress", "epoch": 82, "step": 350, "loss": -15.882568064071805, "seconds": 16279}
{"event": "progress", "epoch": 82, "step": 400, "loss": -14.625325584771243, "seconds": 16290}
{"event": "progress", "epoch": 82, "step": 450, "loss": -13.303147619244877, "seconds": 16301}
{"event": "progress", "epoch": 82, "step": 500, "loss": -14.869608651961736, "seconds": 16312}
{"event": "progress", "epoch": 82, "step": 550, "loss": -14.543562567130607, "seconds": 16323}
{"event": "progress", "epoch": 82, "step": 600, "loss": -17.857942713582336, "seconds": 16334}
{"event": "progress", "epoch": 82, "step": 650, "loss": -13.983937822873253, "seconds": 16345}
{"event": "progress", "epoch": 82, "step": 700, "loss": -13.96474319025269, "seconds": 16356}
{"event": "progress", "epoch": 82, "step": 750, "loss": -13.884177078824417, "seconds": 16366}
{"event": "progress", "epoch": 82, "step": 800, "loss": -17.557315636343237, "seconds": 16378}
{"event": "progress", "epoch": 82, "step": 850, "loss": -15.67501790278108, "seconds": 16389}
{"event": "progress", "epoch": 82, "step": 900, "loss": -15.743976553430379, "seconds": 16400}
{"event": "epoch", "epoch": 82, "phase": "float", "loss": -15.002844674517082, "seconds": 200.05343884600006, "elapsed_seconds": 16401.833630778998, "learning_rate": 1e-05, "utterances": 770, "total_utterances": 770, "invalid_utterances": 0, "noisy_si_sdr": 6.016738904979767, "si_sdr": 13.780173894886051, "si_sdri": 7.763434989906283, "best_si_sdri": 7.768187536491914}
{"event": "progress", "epoch": 83, "step": 0, "loss": -14.856524341065924, "seconds": 16402}
{"event": "progress", "epoch": 83, "step": 50, "loss": -16.966445187883068, "seconds": 16413}
{"event": "progress", "epoch": 83, "step": 100, "loss": -12.865690991697244, "seconds": 16425}
{"event": "progress", "epoch": 83, "step": 150, "loss": -15.105244229961494, "seconds": 16436}
{"event": "progress", "epoch": 83, "step": 200, "loss": -16.907333414188763, "seconds": 16447}
{"event": "progress", "epoch": 83, "step": 250, "loss": -18.367310168280234, "seconds": 16458}
{"event": "progress", "epoch": 83, "step": 300, "loss": -15.393458383976796, "seconds": 16469}
{"event": "progress", "epoch": 83, "step": 350, "loss": -13.718297923159966, "seconds": 16480}
{"event": "progress", "epoch": 83, "step": 400, "loss": -14.416789300905453, "seconds": 16491}
{"event": "progress", "epoch": 83, "step": 450, "loss": -15.425394346666664, "seconds": 16502}
{"event": "progress", "epoch": 83, "step": 500, "loss": -13.25101713392482, "seconds": 16513}
{"event": "progress", "epoch": 83, "step": 550, "loss": -17.83821718706477, "seconds": 16524}
{"event": "progress", "epoch": 83, "step": 600, "loss": -12.598719670250711, "seconds": 16535}
{"event": "progress", "epoch": 83, "step": 650, "loss": -12.907774384082632, "seconds": 16546}
{"event": "progress", "epoch": 83, "step": 700, "loss": -13.602624733405628, "seconds": 16557}
{"event": "progress", "epoch": 83, "step": 750, "loss": -15.734106606792906, "seconds": 16567}
{"event": "progress", "epoch": 83, "step": 800, "loss": -12.64453884868184, "seconds": 16578}
{"event": "progress", "epoch": 83, "step": 850, "loss": -16.28156181999066, "seconds": 16590}
{"event": "progress", "epoch": 83, "step": 900, "loss": -13.151003768922907, "seconds": 16601}
{"event": "epoch", "epoch": 83, "phase": "float", "loss": -14.948332183559115, "seconds": 201.11519087300258, "elapsed_seconds": 16603.003841259, "learning_rate": 1e-05, "utterances": 770, "total_utterances": 770, "invalid_utterances": 0, "noisy_si_sdr": 6.016738904979767, "si_sdr": 13.786642192184294, "si_sdri": 7.76990328720453, "best_si_sdri": 7.76990328720453}
{"event": "progress", "epoch": 84, "step": 0, "loss": -12.313572304582928, "seconds": 16604}
{"event": "progress", "epoch": 84, "step": 50, "loss": -15.262575996802067, "seconds": 16614}
{"event": "progress", "epoch": 84, "step": 100, "loss": -14.176058196838056, "seconds": 16626}
{"event": "progress", "epoch": 84, "step": 150, "loss": -15.661404587037618, "seconds": 16637}
{"event": "progress", "epoch": 84, "step": 200, "loss": -15.134736506629453, "seconds": 16647}
{"event": "progress", "epoch": 84, "step": 250, "loss": -13.772682697955346, "seconds": 16659}
{"event": "progress", "epoch": 84, "step": 300, "loss": -14.921675040309765, "seconds": 16670}
{"event": "progress", "epoch": 84, "step": 350, "loss": -12.470035046329869, "seconds": 16680}
{"event": "progress", "epoch": 84, "step": 400, "loss": -17.55096637372696, "seconds": 16692}
{"event": "progress", "epoch": 84, "step": 450, "loss": -15.969203478366143, "seconds": 16703}
{"event": "progress", "epoch": 84, "step": 500, "loss": -15.43902001642147, "seconds": 16714}
{"event": "progress", "epoch": 84, "step": 550, "loss": -14.961060674096666, "seconds": 16725}
{"event": "progress", "epoch": 84, "step": 600, "loss": -13.841319958062735, "seconds": 16736}
{"event": "progress", "epoch": 84, "step": 650, "loss": -15.416461073197171, "seconds": 16747}
{"event": "progress", "epoch": 84, "step": 700, "loss": -16.51300005724288, "seconds": 16758}
{"event": "progress", "epoch": 84, "step": 750, "loss": -17.88984590234851, "seconds": 16768}
{"event": "progress", "epoch": 84, "step": 800, "loss": -14.28342655683127, "seconds": 16779}
{"event": "progress", "epoch": 84, "step": 850, "loss": -16.45839374970466, "seconds": 16790}
{"event": "progress", "epoch": 84, "step": 900, "loss": -14.726291936146538, "seconds": 16801}
{"event": "epoch", "epoch": 84, "phase": "float", "loss": -15.055666202925243, "seconds": 200.0275305840005, "elapsed_seconds": 16803.137351483998, "learning_rate": 1e-05, "utterances": 770, "total_utterances": 770, "invalid_utterances": 0, "noisy_si_sdr": 6.016738904979767, "si_sdr": 13.777254549922642, "si_sdri": 7.760515644942872, "best_si_sdri": 7.76990328720453}
{"event": "progress", "epoch": 85, "step": 0, "loss": -12.608079744973889, "seconds": 16804}
{"event": "progress", "epoch": 85, "step": 50, "loss": -17.892583931055597, "seconds": 16815}
{"event": "progress", "epoch": 85, "step": 100, "loss": -15.674760733903728, "seconds": 16826}
{"event": "progress", "epoch": 85, "step": 150, "loss": -13.939276524945615, "seconds": 16837}
{"event": "progress", "epoch": 85, "step": 200, "loss": -14.35752624201444, "seconds": 16848}
{"event": "progress", "epoch": 85, "step": 250, "loss": -14.755492936505146, "seconds": 16859}
{"event": "progress", "epoch": 85, "step": 300, "loss": -13.819373341465898, "seconds": 16870}
{"event": "progress", "epoch": 85, "step": 350, "loss": -13.770231296262168, "seconds": 16881}
{"event": "progress", "epoch": 85, "step": 400, "loss": -13.303930200158604, "seconds": 16892}
{"event": "progress", "epoch": 85, "step": 450, "loss": -13.400240200618903, "seconds": 16903}
{"event": "progress", "epoch": 85, "step": 500, "loss": -13.727766622359605, "seconds": 16914}
{"event": "progress", "epoch": 85, "step": 550, "loss": -13.212780027406883, "seconds": 16925}
{"event": "progress", "epoch": 85, "step": 600, "loss": -16.620426945816646, "seconds": 16936}
{"event": "progress", "epoch": 85, "step": 650, "loss": -13.789476998481003, "seconds": 16947}
{"event": "progress", "epoch": 85, "step": 700, "loss": -14.71732710688904, "seconds": 16958}
{"event": "progress", "epoch": 85, "step": 750, "loss": -16.058121243063127, "seconds": 16968}
{"event": "progress", "epoch": 85, "step": 800, "loss": -15.7607677507348, "seconds": 16980}
{"event": "progress", "epoch": 85, "step": 850, "loss": -14.850158743906755, "seconds": 16991}
{"event": "progress", "epoch": 85, "step": 900, "loss": -13.25191486492794, "seconds": 17002}
{"event": "epoch", "epoch": 85, "phase": "float", "loss": -14.946027889220272, "seconds": 200.951545963002, "elapsed_seconds": 17004.164340527, "learning_rate": 1e-05, "utterances": 770, "total_utterances": 770, "invalid_utterances": 0, "noisy_si_sdr": 6.016738904979767, "si_sdr": 13.789240874727263, "si_sdri": 7.772501969747497, "best_si_sdri": 7.772501969747497}
{"event": "progress", "epoch": 86, "step": 0, "loss": -14.229779281845342, "seconds": 17005}
{"event": "progress", "epoch": 86, "step": 50, "loss": -14.791054773689666, "seconds": 17016}
{"event": "progress", "epoch": 86, "step": 100, "loss": -14.301443904459902, "seconds": 17027}
{"event": "progress", "epoch": 86, "step": 150, "loss": -14.511807335581205, "seconds": 17038}
{"event": "progress", "epoch": 86, "step": 200, "loss": -16.53384243670104, "seconds": 17049}
{"event": "progress", "epoch": 86, "step": 250, "loss": -15.841282566893486, "seconds": 17060}
{"event": "progress", "epoch": 86, "step": 300, "loss": -15.36295818882823, "seconds": 17071}
{"event": "progress", "epoch": 86, "step": 350, "loss": -13.449841814313572, "seconds": 17082}
{"event": "progress", "epoch": 86, "step": 400, "loss": -12.516436304967556, "seconds": 17093}
{"event": "progress", "epoch": 86, "step": 450, "loss": -13.862230345774115, "seconds": 17104}
{"event": "progress", "epoch": 86, "step": 500, "loss": -12.687926275004717, "seconds": 17115}
{"event": "progress", "epoch": 86, "step": 550, "loss": -13.065905888984853, "seconds": 17126}
{"event": "progress", "epoch": 86, "step": 600, "loss": -13.911123376431494, "seconds": 17137}
{"event": "progress", "epoch": 86, "step": 650, "loss": -15.276335558822751, "seconds": 17148}
{"event": "progress", "epoch": 86, "step": 700, "loss": -14.46522068069362, "seconds": 17159}
{"event": "progress", "epoch": 86, "step": 750, "loss": -14.967011806031223, "seconds": 17169}
{"event": "progress", "epoch": 86, "step": 800, "loss": -14.853706569932676, "seconds": 17180}
{"event": "progress", "epoch": 86, "step": 850, "loss": -15.871122369085786, "seconds": 17191}
{"event": "progress", "epoch": 86, "step": 900, "loss": -16.735705765947998, "seconds": 17202}
{"event": "epoch", "epoch": 86, "phase": "float", "loss": -15.014847845402704, "seconds": 200.20466792200023, "elapsed_seconds": 17204.475866459998, "learning_rate": 1e-05, "utterances": 770, "total_utterances": 770, "invalid_utterances": 0, "noisy_si_sdr": 6.016738904979767, "si_sdr": 13.777900762966048, "si_sdri": 7.761161857986281, "best_si_sdri": 7.772501969747497}
{"event": "progress", "epoch": 87, "step": 0, "loss": -14.015257866140988, "seconds": 17205}
{"event": "progress", "epoch": 87, "step": 50, "loss": -14.440902253800573, "seconds": 17216}
{"event": "progress", "epoch": 87, "step": 100, "loss": -13.294452969292823, "seconds": 17227}
{"event": "progress", "epoch": 87, "step": 150, "loss": -15.473587020159687, "seconds": 17238}
{"event": "progress", "epoch": 87, "step": 200, "loss": -13.554466710830349, "seconds": 17249}
{"event": "progress", "epoch": 87, "step": 250, "loss": -15.04123046019487, "seconds": 17260}
{"event": "progress", "epoch": 87, "step": 300, "loss": -13.97147898694502, "seconds": 17271}
{"event": "progress", "epoch": 87, "step": 350, "loss": -13.688566623443652, "seconds": 17282}
{"event": "progress", "epoch": 87, "step": 400, "loss": -14.366452656218527, "seconds": 17293}
{"event": "progress", "epoch": 87, "step": 450, "loss": -14.102779507208865, "seconds": 17304}
{"event": "progress", "epoch": 87, "step": 500, "loss": -15.279603442057898, "seconds": 17315}
{"event": "progress", "epoch": 87, "step": 550, "loss": -12.040458440255982, "seconds": 17326}
{"event": "progress", "epoch": 87, "step": 600, "loss": -14.448900541971543, "seconds": 17337}
{"event": "progress", "epoch": 87, "step": 650, "loss": -14.952117172309935, "seconds": 17348}
{"event": "progress", "epoch": 87, "step": 700, "loss": -16.96046411626154, "seconds": 17359}
{"event": "progress", "epoch": 87, "step": 750, "loss": -15.489007518830654, "seconds": 17370}
{"event": "progress", "epoch": 87, "step": 800, "loss": -13.736703956248428, "seconds": 17380}
{"event": "progress", "epoch": 87, "step": 850, "loss": -14.969391389409992, "seconds": 17391}
{"event": "progress", "epoch": 87, "step": 900, "loss": -20.689747756901827, "seconds": 17402}
{"event": "epoch", "epoch": 87, "phase": "float", "loss": -14.986166652129414, "seconds": 200.15369238800122, "elapsed_seconds": 17404.701964283, "learning_rate": 1e-05, "utterances": 770, "total_utterances": 770, "invalid_utterances": 0, "noisy_si_sdr": 6.016738904979767, "si_sdr": 13.77583880843116, "si_sdri": 7.759099903451393, "best_si_sdri": 7.772501969747497}
{"event": "progress", "epoch": 88, "step": 0, "loss": -15.102154708531446, "seconds": 17405}
{"event": "progress", "epoch": 88, "step": 50, "loss": -15.067695546656347, "seconds": 17416}
{"event": "progress", "epoch": 88, "step": 100, "loss": -14.902207041950291, "seconds": 17427}
{"event": "progress", "epoch": 88, "step": 150, "loss": -16.298018953760096, "seconds": 17438}
{"event": "progress", "epoch": 88, "step": 200, "loss": -15.451492404018012, "seconds": 17449}
{"event": "progress", "epoch": 88, "step": 250, "loss": -17.435452642008983, "seconds": 17460}
{"event": "progress", "epoch": 88, "step": 300, "loss": -18.878033452770367, "seconds": 17471}
{"event": "progress", "epoch": 88, "step": 350, "loss": -13.825930758629568, "seconds": 17482}
{"event": "progress", "epoch": 88, "step": 400, "loss": -14.737950771082078, "seconds": 17493}
{"event": "progress", "epoch": 88, "step": 450, "loss": -12.920352753671025, "seconds": 17504}
{"event": "progress", "epoch": 88, "step": 500, "loss": -15.804239703939032, "seconds": 17515}
{"event": "progress", "epoch": 88, "step": 550, "loss": -14.894884625894395, "seconds": 17526}
{"event": "progress", "epoch": 88, "step": 600, "loss": -15.45919576882164, "seconds": 17537}
{"event": "progress", "epoch": 88, "step": 650, "loss": -13.2539327558155, "seconds": 17548}
{"event": "progress", "epoch": 88, "step": 700, "loss": -12.74823194052476, "seconds": 17559}
{"event": "progress", "epoch": 88, "step": 750, "loss": -15.09918601873873, "seconds": 17570}
{"event": "progress", "epoch": 88, "step": 800, "loss": -11.412692138309957, "seconds": 17581}
{"event": "progress", "epoch": 88, "step": 850, "loss": -14.159912319037442, "seconds": 17591}
{"event": "progress", "epoch": 88, "step": 900, "loss": -22.013523758862462, "seconds": 17602}
{"event": "epoch", "epoch": 88, "phase": "float", "loss": -14.974007252269626, "seconds": 200.00482542100144, "elapsed_seconds": 17604.760705431, "learning_rate": 1e-05, "utterances": 770, "total_utterances": 770, "invalid_utterances": 0, "noisy_si_sdr": 6.016738904979767, "si_sdr": 13.77144506733793, "si_sdri": 7.754706162358161, "best_si_sdri": 7.772501969747497}
{"event": "progress", "epoch": 89, "step": 0, "loss": -14.877565213962502, "seconds": 17605}
{"event": "progress", "epoch": 89, "step": 50, "loss": -16.171911728559177, "seconds": 17616}
{"event": "progress", "epoch": 89, "step": 100, "loss": -13.344535778419242, "seconds": 17627}
{"event": "progress", "epoch": 89, "step": 150, "loss": -15.921457432715856, "seconds": 17638}
{"event": "progress", "epoch": 89, "step": 200, "loss": -10.49274606395428, "seconds": 17649}
{"event": "progress", "epoch": 89, "step": 250, "loss": -15.134735796697992, "seconds": 17660}
{"event": "progress", "epoch": 89, "step": 300, "loss": -13.802120785347796, "seconds": 17671}
{"event": "progress", "epoch": 89, "step": 350, "loss": -15.838172467697568, "seconds": 17682}
{"event": "progress", "epoch": 89, "step": 400, "loss": -14.956100564802433, "seconds": 17693}
{"event": "progress", "epoch": 89, "step": 450, "loss": -12.943762091701666, "seconds": 17704}
{"event": "progress", "epoch": 89, "step": 500, "loss": -15.731315123784855, "seconds": 17715}
{"event": "progress", "epoch": 89, "step": 550, "loss": -15.806143242419854, "seconds": 17726}
{"event": "progress", "epoch": 89, "step": 600, "loss": -14.083847401817957, "seconds": 17737}
{"event": "progress", "epoch": 89, "step": 650, "loss": -15.170824989883394, "seconds": 17748}
{"event": "progress", "epoch": 89, "step": 700, "loss": -14.726569425207519, "seconds": 17759}
{"event": "progress", "epoch": 89, "step": 750, "loss": -13.0871213687862, "seconds": 17770}
{"event": "progress", "epoch": 89, "step": 800, "loss": -14.279395723019428, "seconds": 17781}
{"event": "progress", "epoch": 89, "step": 850, "loss": -15.52508093255856, "seconds": 17792}
{"event": "progress", "epoch": 89, "step": 900, "loss": -14.827163225886348, "seconds": 17803}
{"event": "epoch", "epoch": 89, "phase": "float", "loss": -14.960515853853856, "seconds": 200.16853414599973, "elapsed_seconds": 17804.984746905, "learning_rate": 1e-05, "utterances": 770, "total_utterances": 770, "invalid_utterances": 0, "noisy_si_sdr": 6.016738904979767, "si_sdr": 13.778868166262455, "si_sdri": 7.762129261282689, "best_si_sdri": 7.772501969747497}
{"event": "progress", "epoch": 90, "step": 0, "loss": -13.087951083291133, "seconds": 17806}
{"event": "progress", "epoch": 90, "step": 50, "loss": -14.010509164760698, "seconds": 17817}
{"event": "progress", "epoch": 90, "step": 100, "loss": -13.787970914434176, "seconds": 17828}
{"event": "progress", "epoch": 90, "step": 150, "loss": -18.283074980716314, "seconds": 17839}
{"event": "progress", "epoch": 90, "step": 200, "loss": -13.342786204808785, "seconds": 17850}
{"event": "progress", "epoch": 90, "step": 250, "loss": -15.598395534505352, "seconds": 17861}
{"event": "progress", "epoch": 90, "step": 300, "loss": -15.133995837816395, "seconds": 17872}
{"event": "progress", "epoch": 90, "step": 350, "loss": -12.438324686688958, "seconds": 17883}
{"event": "progress", "epoch": 90, "step": 400, "loss": -16.7196975816044, "seconds": 17894}
{"event": "progress", "epoch": 90, "step": 450, "loss": -15.360370354504226, "seconds": 17905}
{"event": "progress", "epoch": 90, "step": 500, "loss": -13.815546098825402, "seconds": 17916}
{"event": "progress", "epoch": 90, "step": 550, "loss": -13.99153055994473, "seconds": 17927}
{"event": "progress", "epoch": 90, "step": 600, "loss": -14.78879774108367, "seconds": 17938}
{"event": "progress", "epoch": 90, "step": 650, "loss": -14.26791360877225, "seconds": 17949}
{"event": "progress", "epoch": 90, "step": 700, "loss": -17.120746347744927, "seconds": 17960}
{"event": "progress", "epoch": 90, "step": 750, "loss": -12.90094770203736, "seconds": 17970}
{"event": "progress", "epoch": 90, "step": 800, "loss": -16.081369318165905, "seconds": 17981}
{"event": "progress", "epoch": 90, "step": 850, "loss": -14.364008863722077, "seconds": 17992}
{"event": "progress", "epoch": 90, "step": 900, "loss": -21.706928241144894, "seconds": 18003}
{"event": "epoch", "epoch": 90, "phase": "float", "loss": -14.987991454875367, "seconds": 200.72072256499814, "elapsed_seconds": 18005.764785407, "learning_rate": 1e-05, "utterances": 770, "total_utterances": 770, "invalid_utterances": 0, "noisy_si_sdr": 6.016738904979767, "si_sdr": 13.771929853845883, "si_sdri": 7.755190948866116, "best_si_sdri": 7.772501969747497}
{"event": "progress", "epoch": 91, "step": 0, "loss": -16.727878605962687, "seconds": 18006}
{"event": "progress", "epoch": 91, "step": 50, "loss": -14.341040287175694, "seconds": 18017}
{"event": "progress", "epoch": 91, "step": 100, "loss": -17.95077356863647, "seconds": 18029}
{"event": "progress", "epoch": 91, "step": 150, "loss": -14.04777247729086, "seconds": 18040}
{"event": "progress", "epoch": 91, "step": 200, "loss": -13.259061707831771, "seconds": 18051}
{"event": "progress", "epoch": 91, "step": 250, "loss": -12.474471366770672, "seconds": 18062}
{"event": "progress", "epoch": 91, "step": 300, "loss": -15.131929648625402, "seconds": 18073}
{"event": "progress", "epoch": 91, "step": 350, "loss": -16.283409187195616, "seconds": 18084}
{"event": "progress", "epoch": 91, "step": 400, "loss": -16.51122072173421, "seconds": 18095}
{"event": "progress", "epoch": 91, "step": 450, "loss": -17.668447871479874, "seconds": 18106}
{"event": "progress", "epoch": 91, "step": 500, "loss": -14.666632921836149, "seconds": 18117}
{"event": "progress", "epoch": 91, "step": 550, "loss": -13.610875786757788, "seconds": 18128}
{"event": "progress", "epoch": 91, "step": 600, "loss": -14.810299219378088, "seconds": 18139}
{"event": "progress", "epoch": 91, "step": 650, "loss": -12.069731030023636, "seconds": 18150}
{"event": "progress", "epoch": 91, "step": 700, "loss": -13.961120576427167, "seconds": 18161}
{"event": "progress", "epoch": 91, "step": 750, "loss": -13.424063713018679, "seconds": 18171}
{"event": "progress", "epoch": 91, "step": 800, "loss": -15.59230262493501, "seconds": 18182}
{"event": "progress", "epoch": 91, "step": 850, "loss": -12.807960634214389, "seconds": 18193}
{"event": "progress", "epoch": 91, "step": 900, "loss": -12.132762555749908, "seconds": 18204}
{"event": "epoch", "epoch": 91, "phase": "float", "loss": -14.996441429672505, "seconds": 200.75437906099978, "elapsed_seconds": 18206.591031294, "learning_rate": 1e-05, "utterances": 770, "total_utterances": 770, "invalid_utterances": 0, "noisy_si_sdr": 6.016738904979767, "si_sdr": 13.773561779525311, "si_sdri": 7.756822874545545, "best_si_sdri": 7.772501969747497}
{"event": "progress", "epoch": 92, "step": 0, "loss": -13.710145555265072, "seconds": 18207}
{"event": "progress", "epoch": 92, "step": 50, "loss": -13.721096505011616, "seconds": 18218}
{"event": "progress", "epoch": 92, "step": 100, "loss": -16.065852787050346, "seconds": 18229}
{"event": "progress", "epoch": 92, "step": 150, "loss": -16.90804222572307, "seconds": 18240}
{"event": "progress", "epoch": 92, "step": 200, "loss": -14.297973495900653, "seconds": 18251}
{"event": "progress", "epoch": 92, "step": 250, "loss": -15.314598140650327, "seconds": 18262}
{"event": "progress", "epoch": 92, "step": 300, "loss": -15.701028623929975, "seconds": 18273}
{"event": "progress", "epoch": 92, "step": 350, "loss": -14.345869169761096, "seconds": 18284}
{"event": "progress", "epoch": 92, "step": 400, "loss": -15.064309287149223, "seconds": 18295}
{"event": "progress", "epoch": 92, "step": 450, "loss": -12.470850456796061, "seconds": 18306}
{"event": "progress", "epoch": 92, "step": 500, "loss": -14.67192846210181, "seconds": 18317}
{"event": "progress", "epoch": 92, "step": 550, "loss": -13.944033991864305, "seconds": 18328}
{"event": "progress", "epoch": 92, "step": 600, "loss": -16.09035090517195, "seconds": 18339}
{"event": "progress", "epoch": 92, "step": 650, "loss": -12.636120488611823, "seconds": 18350}
{"event": "progress", "epoch": 92, "step": 700, "loss": -14.945945201654155, "seconds": 18361}
{"event": "progress", "epoch": 92, "step": 750, "loss": -15.722857956532723, "seconds": 18372}
{"event": "progress", "epoch": 92, "step": 800, "loss": -16.0655760882424, "seconds": 18383}
{"event": "progress", "epoch": 92, "step": 850, "loss": -15.259542929421997, "seconds": 18393}
{"event": "progress", "epoch": 92, "step": 900, "loss": -11.538998973330965, "seconds": 18404}
{"event": "epoch", "epoch": 92, "phase": "float", "loss": -15.013190735831015, "seconds": 200.13493915800063, "elapsed_seconds": 18406.779746419, "learning_rate": 1e-05, "utterances": 770, "total_utterances": 770, "invalid_utterances": 0, "noisy_si_sdr": 6.016738904979767, "si_sdr": 13.760928042545023, "si_sdri": 7.744189137565254, "best_si_sdri": 7.772501969747497}
{"event": "progress", "epoch": 93, "step": 0, "loss": -15.428701747753573, "seconds": 18407}
{"event": "progress", "epoch": 93, "step": 50, "loss": -14.742505358446227, "seconds": 18418}
{"event": "progress", "epoch": 93, "step": 100, "loss": -16.78114963913159, "seconds": 18429}
{"event": "progress", "epoch": 93, "step": 150, "loss": -17.26729959100188, "seconds": 18440}
{"event": "progress", "epoch": 93, "step": 200, "loss": -18.09434567643564, "seconds": 18451}
{"event": "progress", "epoch": 93, "step": 250, "loss": -15.421485862336883, "seconds": 18462}
{"event": "progress", "epoch": 93, "step": 300, "loss": -13.459219763958483, "seconds": 18473}
{"event": "progress", "epoch": 93, "step": 350, "loss": -15.592267042950777, "seconds": 18484}
{"event": "progress", "epoch": 93, "step": 400, "loss": -14.163380820351627, "seconds": 18495}
{"event": "progress", "epoch": 93, "step": 450, "loss": -14.428473213034334, "seconds": 18506}
{"event": "progress", "epoch": 93, "step": 500, "loss": -13.197637697617651, "seconds": 18517}
{"event": "progress", "epoch": 93, "step": 550, "loss": -14.761098079214989, "seconds": 18528}
{"event": "progress", "epoch": 93, "step": 600, "loss": -13.489230712670945, "seconds": 18539}
{"event": "progress", "epoch": 93, "step": 650, "loss": -17.184080879631736, "seconds": 18550}
{"event": "progress", "epoch": 93, "step": 700, "loss": -11.785655059615053, "seconds": 18561}
{"event": "progress", "epoch": 93, "step": 750, "loss": -15.332137454099419, "seconds": 18572}
{"event": "progress", "epoch": 93, "step": 800, "loss": -17.144125223303625, "seconds": 18583}
{"event": "progress", "epoch": 93, "step": 850, "loss": -13.007545868989919, "seconds": 18594}
{"event": "progress", "epoch": 93, "step": 900, "loss": -14.905934572186247, "seconds": 18605}
{"event": "epoch", "epoch": 93, "phase": "float", "loss": -15.034165359770013, "seconds": 200.8103484969979, "elapsed_seconds": 18607.643086247997, "learning_rate": 1e-05, "utterances": 770, "total_utterances": 770, "invalid_utterances": 0, "noisy_si_sdr": 6.016738904979767, "si_sdr": 13.801581988954963, "si_sdri": 7.784843083975195, "best_si_sdri": 7.784843083975195}
{"event": "progress", "epoch": 94, "step": 0, "loss": -14.80393177427687, "seconds": 18608}
{"event": "progress", "epoch": 94, "step": 50, "loss": -16.91526066275474, "seconds": 18619}
{"event": "progress", "epoch": 94, "step": 100, "loss": -15.012905698961504, "seconds": 18631}
{"event": "progress", "epoch": 94, "step": 150, "loss": -15.364047590926436, "seconds": 18642}
{"event": "progress", "epoch": 94, "step": 200, "loss": -16.025979816783185, "seconds": 18653}
{"event": "progress", "epoch": 94, "step": 250, "loss": -14.351144261813108, "seconds": 18664}
{"event": "progress", "epoch": 94, "step": 300, "loss": -14.55821148591616, "seconds": 18674}
{"event": "progress", "epoch": 94, "step": 350, "loss": -14.248448761670085, "seconds": 18686}
{"event": "progress", "epoch": 94, "step": 400, "loss": -14.421872946264706, "seconds": 18697}
{"event": "progress", "epoch": 94, "step": 450, "loss": -16.569959397858202, "seconds": 18707}
{"event": "progress", "epoch": 94, "step": 500, "loss": -16.158247059039745, "seconds": 18719}
{"event": "progress", "epoch": 94, "step": 550, "loss": -16.554672081507245, "seconds": 18730}
{"event": "progress", "epoch": 94, "step": 600, "loss": -15.567596119277955, "seconds": 18741}
{"event": "progress", "epoch": 94, "step": 650, "loss": -14.274291088251903, "seconds": 18752}
{"event": "progress", "epoch": 94, "step": 700, "loss": -15.946041567543435, "seconds": 18763}
{"event": "progress", "epoch": 94, "step": 750, "loss": -13.804733393656813, "seconds": 18773}
{"event": "progress", "epoch": 94, "step": 800, "loss": -13.936682517271104, "seconds": 18784}
{"event": "progress", "epoch": 94, "step": 850, "loss": -13.914415019062398, "seconds": 18795}
{"event": "progress", "epoch": 94, "step": 900, "loss": -10.402982234964668, "seconds": 18806}
{"event": "epoch", "epoch": 94, "phase": "float", "loss": -15.018791923571559, "seconds": 200.38022325999918, "elapsed_seconds": 18808.156788483, "learning_rate": 1e-05, "utterances": 770, "total_utterances": 770, "invalid_utterances": 0, "noisy_si_sdr": 6.016738904979767, "si_sdr": 13.76855946629317, "si_sdri": 7.751820561313403, "best_si_sdri": 7.784843083975195}
{"event": "progress", "epoch": 95, "step": 0, "loss": -15.227477456985813, "seconds": 18809}
{"event": "progress", "epoch": 95, "step": 50, "loss": -16.131725458882137, "seconds": 18820}
{"event": "progress", "epoch": 95, "step": 100, "loss": -15.60148176193033, "seconds": 18831}
{"event": "progress", "epoch": 95, "step": 150, "loss": -14.628439886863712, "seconds": 18842}
{"event": "progress", "epoch": 95, "step": 200, "loss": -13.573204362690593, "seconds": 18853}
{"event": "progress", "epoch": 95, "step": 250, "loss": -14.93822954386488, "seconds": 18864}
{"event": "progress", "epoch": 95, "step": 300, "loss": -15.055824556972116, "seconds": 18875}
{"event": "progress", "epoch": 95, "step": 350, "loss": -15.77047506244617, "seconds": 18886}
{"event": "progress", "epoch": 95, "step": 400, "loss": -15.1758676155077, "seconds": 18897}
{"event": "progress", "epoch": 95, "step": 450, "loss": -13.360507428670719, "seconds": 18908}
{"event": "progress", "epoch": 95, "step": 500, "loss": -12.856617522449898, "seconds": 18919}
{"event": "progress", "epoch": 95, "step": 550, "loss": -13.960569851861417, "seconds": 18930}
{"event": "progress", "epoch": 95, "step": 600, "loss": -16.178016786448886, "seconds": 18941}
{"event": "progress", "epoch": 95, "step": 650, "loss": -15.840543350278242, "seconds": 18952}
{"event": "progress", "epoch": 95, "step": 700, "loss": -15.362014550532553, "seconds": 18963}
{"event": "progress", "epoch": 95, "step": 750, "loss": -14.582167700412132, "seconds": 18973}
{"event": "progress", "epoch": 95, "step": 800, "loss": -17.124266307594503, "seconds": 18984}
{"event": "progress", "epoch": 95, "step": 850, "loss": -15.237675119053023, "seconds": 18995}
{"event": "progress", "epoch": 95, "step": 900, "loss": -19.851847944605762, "seconds": 19006}
{"event": "epoch", "epoch": 95, "phase": "float", "loss": -15.058709169777876, "seconds": 200.2209744210013, "elapsed_seconds": 19008.432073201, "learning_rate": 1e-05, "utterances": 770, "total_utterances": 770, "invalid_utterances": 0, "noisy_si_sdr": 6.016738904979767, "si_sdr": 13.778549128284663, "si_sdri": 7.761810223304894, "best_si_sdri": 7.784843083975195}
{"event": "progress", "epoch": 96, "step": 0, "loss": -14.819948433361024, "seconds": 19009}
{"event": "progress", "epoch": 96, "step": 50, "loss": -14.896725155446255, "seconds": 19020}
{"event": "progress", "epoch": 96, "step": 100, "loss": -18.611451358805656, "seconds": 19031}
{"event": "progress", "epoch": 96, "step": 150, "loss": -11.811381409331966, "seconds": 19042}
{"event": "progress", "epoch": 96, "step": 200, "loss": -15.676913946955406, "seconds": 19053}
{"event": "progress", "epoch": 96, "step": 250, "loss": -15.32388815978888, "seconds": 19064}
{"event": "progress", "epoch": 96, "step": 300, "loss": -17.69961395308706, "seconds": 19075}
{"event": "progress", "epoch": 96, "step": 350, "loss": -16.979545592914103, "seconds": 19086}
{"event": "progress", "epoch": 96, "step": 400, "loss": -14.89772199197718, "seconds": 19097}
{"event": "progress", "epoch": 96, "step": 450, "loss": -14.034981797089486, "seconds": 19108}
{"event": "progress", "epoch": 96, "step": 500, "loss": -13.36198132356255, "seconds": 19119}
{"event": "progress", "epoch": 96, "step": 550, "loss": -11.75790115946933, "seconds": 19130}
{"event": "progress", "epoch": 96, "step": 600, "loss": -16.632071283423826, "seconds": 19141}
{"event": "progress", "epoch": 96, "step": 650, "loss": -14.624871474934295, "seconds": 19152}
{"event": "progress", "epoch": 96, "step": 700, "loss": -16.04124374768014, "seconds": 19163}
{"event": "progress", "epoch": 96, "step": 750, "loss": -13.879981971627743, "seconds": 19173}
{"event": "progress", "epoch": 96, "step": 800, "loss": -14.45444754444585, "seconds": 19184}
{"event": "progress", "epoch": 96, "step": 850, "loss": -16.286760331011397, "seconds": 19196}
{"event": "progress", "epoch": 96, "step": 900, "loss": -6.554431955379548, "seconds": 19206}
{"event": "epoch", "epoch": 96, "phase": "float", "loss": -14.981316357387996, "seconds": 200.40439983200122, "elapsed_seconds": 19208.891597306, "learning_rate": 1e-05, "utterances": 770, "total_utterances": 770, "invalid_utterances": 0, "noisy_si_sdr": 6.016738904979767, "si_sdr": 13.79354436212069, "si_sdri": 7.776805457140923, "best_si_sdri": 7.784843083975195}
{"event": "progress", "epoch": 97, "step": 0, "loss": -12.625409044267323, "seconds": 19209}
{"event": "progress", "epoch": 97, "step": 50, "loss": -17.91001505944536, "seconds": 19221}
{"event": "progress", "epoch": 97, "step": 100, "loss": -16.19401457531561, "seconds": 19232}
{"event": "progress", "epoch": 97, "step": 150, "loss": -15.504592206952275, "seconds": 19243}
{"event": "progress", "epoch": 97, "step": 200, "loss": -13.548500019716943, "seconds": 19254}
{"event": "progress", "epoch": 97, "step": 250, "loss": -15.340133086974749, "seconds": 19265}
{"event": "progress", "epoch": 97, "step": 300, "loss": -16.02243334981735, "seconds": 19276}
{"event": "progress", "epoch": 97, "step": 350, "loss": -12.959537076542308, "seconds": 19287}
{"event": "progress", "epoch": 97, "step": 400, "loss": -13.31908853954108, "seconds": 19298}
{"event": "progress", "epoch": 97, "step": 450, "loss": -15.427384238139705, "seconds": 19309}
{"event": "progress", "epoch": 97, "step": 500, "loss": -16.833574603898473, "seconds": 19320}
{"event": "progress", "epoch": 97, "step": 550, "loss": -19.39629882079035, "seconds": 19331}
{"event": "progress", "epoch": 97, "step": 600, "loss": -13.536021254808041, "seconds": 19342}
{"event": "progress", "epoch": 97, "step": 650, "loss": -17.55259077495434, "seconds": 19353}
{"event": "progress", "epoch": 97, "step": 700, "loss": -14.664846978776831, "seconds": 19364}
{"event": "progress", "epoch": 97, "step": 750, "loss": -15.300855903412756, "seconds": 19374}
{"event": "progress", "epoch": 97, "step": 800, "loss": -17.138690746646073, "seconds": 19385}
{"event": "progress", "epoch": 97, "step": 850, "loss": -19.17432861407714, "seconds": 19396}
{"event": "progress", "epoch": 97, "step": 900, "loss": -21.498890048262773, "seconds": 19407}
{"event": "epoch", "epoch": 97, "phase": "float", "loss": -14.994141467994755, "seconds": 200.50283493299867, "elapsed_seconds": 19409.465596881, "learning_rate": 1e-05, "utterances": 770, "total_utterances": 770, "invalid_utterances": 0, "noisy_si_sdr": 6.016738904979767, "si_sdr": 13.783708158451864, "si_sdri": 7.766969253472096, "best_si_sdri": 7.784843083975195}
{"event": "progress", "epoch": 98, "step": 0, "loss": -14.634866892304496, "seconds": 19410}
{"event": "progress", "epoch": 98, "step": 50, "loss": -14.058928620894292, "seconds": 19421}
{"event": "progress", "epoch": 98, "step": 100, "loss": -14.278617227941833, "seconds": 19432}
{"event": "progress", "epoch": 98, "step": 150, "loss": -16.349993628336353, "seconds": 19443}
{"event": "progress", "epoch": 98, "step": 200, "loss": -16.489603218560923, "seconds": 19454}
{"event": "progress", "epoch": 98, "step": 250, "loss": -17.408712785278134, "seconds": 19465}
{"event": "progress", "epoch": 98, "step": 300, "loss": -15.338760280762045, "seconds": 19476}
{"event": "progress", "epoch": 98, "step": 350, "loss": -13.489019984524361, "seconds": 19487}
{"event": "progress", "epoch": 98, "step": 400, "loss": -12.656293595170334, "seconds": 19498}
{"event": "progress", "epoch": 98, "step": 450, "loss": -13.928003095269625, "seconds": 19509}
{"event": "progress", "epoch": 98, "step": 500, "loss": -16.417607817726882, "seconds": 19520}
{"event": "progress", "epoch": 98, "step": 550, "loss": -13.953342428936324, "seconds": 19531}
{"event": "progress", "epoch": 98, "step": 600, "loss": -14.030939557371969, "seconds": 19542}
{"event": "progress", "epoch": 98, "step": 650, "loss": -16.377389403559867, "seconds": 19553}
{"event": "progress", "epoch": 98, "step": 700, "loss": -12.430432208460289, "seconds": 19564}
{"event": "progress", "epoch": 98, "step": 750, "loss": -15.40738479566681, "seconds": 19574}
{"event": "progress", "epoch": 98, "step": 800, "loss": -14.929715914219393, "seconds": 19585}
{"event": "progress", "epoch": 98, "step": 850, "loss": -13.627496932693052, "seconds": 19596}
{"event": "progress", "epoch": 98, "step": 900, "loss": -12.927117134736081, "seconds": 19607}
{"event": "epoch", "epoch": 98, "phase": "float", "loss": -14.969220235905066, "seconds": 200.01372880300187, "elapsed_seconds": 19609.533799004, "learning_rate": 1e-05, "utterances": 770, "total_utterances": 770, "invalid_utterances": 0, "noisy_si_sdr": 6.016738904979767, "si_sdr": 13.783130818158183, "si_sdri": 7.766391913178417, "best_si_sdri": 7.784843083975195}
{"event": "progress", "epoch": 99, "step": 0, "loss": -13.540690998383855, "seconds": 19610}
{"event": "progress", "epoch": 99, "step": 50, "loss": -17.579885197082945, "seconds": 19621}
{"event": "progress", "epoch": 99, "step": 100, "loss": -17.900971248283227, "seconds": 19632}
{"event": "progress", "epoch": 99, "step": 150, "loss": -14.727542175956387, "seconds": 19643}
{"event": "progress", "epoch": 99, "step": 200, "loss": -13.20513591357005, "seconds": 19654}
{"event": "progress", "epoch": 99, "step": 250, "loss": -14.236304290124355, "seconds": 19665}
{"event": "progress", "epoch": 99, "step": 300, "loss": -15.07795290981293, "seconds": 19676}
{"event": "progress", "epoch": 99, "step": 350, "loss": -15.021053074747517, "seconds": 19687}
{"event": "progress", "epoch": 99, "step": 400, "loss": -16.562324846550382, "seconds": 19698}
{"event": "progress", "epoch": 99, "step": 450, "loss": -14.902745889203054, "seconds": 19709}
{"event": "progress", "epoch": 99, "step": 500, "loss": -13.73008889522988, "seconds": 19720}
{"event": "progress", "epoch": 99, "step": 550, "loss": -18.018712389931274, "seconds": 19731}
{"event": "progress", "epoch": 99, "step": 600, "loss": -15.86748498191885, "seconds": 19742}
{"event": "progress", "epoch": 99, "step": 650, "loss": -13.28958305335728, "seconds": 19753}
{"event": "progress", "epoch": 99, "step": 700, "loss": -15.623973685656868, "seconds": 19764}
{"event": "progress", "epoch": 99, "step": 750, "loss": -16.142708350374726, "seconds": 19774}
{"event": "progress", "epoch": 99, "step": 800, "loss": -19.665816507906186, "seconds": 19785}
{"event": "progress", "epoch": 99, "step": 850, "loss": -15.74131557185278, "seconds": 19796}
{"event": "progress", "epoch": 99, "step": 900, "loss": -8.941638420441755, "seconds": 19807}
{"event": "epoch", "epoch": 99, "phase": "float", "loss": -15.026325935711021, "seconds": 199.99564082100187, "elapsed_seconds": 19809.583786888998, "learning_rate": 1e-05, "utterances": 770, "total_utterances": 770, "invalid_utterances": 0, "noisy_si_sdr": 6.016738904979767, "si_sdr": 13.762518574898394, "si_sdri": 7.745779669918625, "best_si_sdri": 7.784843083975195}
{"event": "progress", "epoch": 100, "step": 0, "loss": -14.401021434824765, "seconds": 19810}
{"event": "progress", "epoch": 100, "step": 50, "loss": -16.589286984673073, "seconds": 19821}
{"event": "progress", "epoch": 100, "step": 100, "loss": -14.207838909186467, "seconds": 19832}
{"event": "progress", "epoch": 100, "step": 150, "loss": -14.770808639579414, "seconds": 19843}
{"event": "progress", "epoch": 100, "step": 200, "loss": -12.130153151843615, "seconds": 19854}
{"event": "progress", "epoch": 100, "step": 250, "loss": -14.490870500615666, "seconds": 19865}
{"event": "progress", "epoch": 100, "step": 300, "loss": -13.936545727031794, "seconds": 19876}
{"event": "progress", "epoch": 100, "step": 350, "loss": -16.40479000433141, "seconds": 19887}
{"event": "progress", "epoch": 100, "step": 400, "loss": -14.178252374549547, "seconds": 19898}
{"event": "progress", "epoch": 100, "step": 450, "loss": -12.41078910026198, "seconds": 19909}
{"event": "progress", "epoch": 100, "step": 500, "loss": -13.016561044030988, "seconds": 19920}
{"event": "progress", "epoch": 100, "step": 550, "loss": -16.977214547847908, "seconds": 19931}
{"event": "progress", "epoch": 100, "step": 600, "loss": -12.38448175307369, "seconds": 19942}
{"event": "progress", "epoch": 100, "step": 650, "loss": -14.557029489716044, "seconds": 19953}
{"event": "progress", "epoch": 100, "step": 700, "loss": -18.276760101480278, "seconds": 19964}
{"event": "progress", "epoch": 100, "step": 750, "loss": -13.883336889708284, "seconds": 19975}
{"event": "progress", "epoch": 100, "step": 800, "loss": -15.864026158602565, "seconds": 19986}
{"event": "progress", "epoch": 100, "step": 850, "loss": -15.932512103759601, "seconds": 19997}
{"event": "progress", "epoch": 100, "step": 900, "loss": -12.957734333441934, "seconds": 20008}
{"event": "epoch", "epoch": 100, "phase": "float", "loss": -15.025474652647633, "seconds": 200.29667567499928, "elapsed_seconds": 20009.935011947, "learning_rate": 1e-05, "utterances": 770, "total_utterances": 770, "invalid_utterances": 0, "noisy_si_sdr": 6.016738904979767, "si_sdr": 13.78456669816292, "si_sdri": 7.7678277931831525, "best_si_sdri": 7.784843083975195}
{"event": "progress", "epoch": 101, "step": 0, "loss": -12.5661698189047, "seconds": 20010}
{"event": "progress", "epoch": 101, "step": 50, "loss": -13.719650663696038, "seconds": 20022}
{"event": "progress", "epoch": 101, "step": 100, "loss": -14.544249859420223, "seconds": 20033}
{"event": "progress", "epoch": 101, "step": 150, "loss": -16.37293850259058, "seconds": 20044}
{"event": "progress", "epoch": 101, "step": 200, "loss": -13.949776055942156, "seconds": 20055}
{"event": "progress", "epoch": 101, "step": 250, "loss": -16.121056708461683, "seconds": 20066}
{"event": "progress", "epoch": 101, "step": 300, "loss": -14.480207729432717, "seconds": 20077}
{"event": "progress", "epoch": 101, "step": 350, "loss": -12.172105094464799, "seconds": 20088}
{"event": "progress", "epoch": 101, "step": 400, "loss": -16.344352620292334, "seconds": 20099}
{"event": "progress", "epoch": 101, "step": 450, "loss": -17.132141056375147, "seconds": 20110}
{"event": "progress", "epoch": 101, "step": 500, "loss": -15.74472712744064, "seconds": 20121}
{"event": "progress", "epoch": 101, "step": 550, "loss": -13.42218439036936, "seconds": 20132}
{"event": "progress", "epoch": 101, "step": 600, "loss": -14.254719775789818, "seconds": 20143}
{"event": "progress", "epoch": 101, "step": 650, "loss": -16.263354076656913, "seconds": 20154}
{"event": "progress", "epoch": 101, "step": 700, "loss": -14.549688706333265, "seconds": 20165}
{"event": "progress", "epoch": 101, "step": 750, "loss": -14.002446707731602, "seconds": 20175}
{"event": "progress", "epoch": 101, "step": 800, "loss": -13.679731536757927, "seconds": 20186}
{"event": "progress", "epoch": 101, "step": 850, "loss": -15.494173610491927, "seconds": 20198}
{"event": "progress", "epoch": 101, "step": 900, "loss": -13.614642055538825, "seconds": 20208}
{"event": "epoch", "epoch": 101, "phase": "float", "loss": -15.006226223104584, "seconds": 200.65207068200107, "elapsed_seconds": 20210.642307292, "learning_rate": 1e-05, "utterances": 770, "total_utterances": 770, "invalid_utterances": 0, "noisy_si_sdr": 6.016738904979767, "si_sdr": 13.813036288145101, "si_sdri": 7.796297383165334, "best_si_sdri": 7.796297383165334}
{"event": "progress", "epoch": 102, "step": 0, "loss": -17.130323911498838, "seconds": 20211}
{"event": "progress", "epoch": 102, "step": 50, "loss": -15.25287338053891, "seconds": 20222}
{"event": "progress", "epoch": 102, "step": 100, "loss": -15.385570787162372, "seconds": 20233}
{"event": "progress", "epoch": 102, "step": 150, "loss": -16.652393342969276, "seconds": 20244}
{"event": "progress", "epoch": 102, "step": 200, "loss": -13.261036938561697, "seconds": 20255}
{"event": "progress", "epoch": 102, "step": 250, "loss": -15.025881779673298, "seconds": 20266}
{"event": "progress", "epoch": 102, "step": 300, "loss": -16.15607051763302, "seconds": 20277}
{"event": "progress", "epoch": 102, "step": 350, "loss": -16.720557071384835, "seconds": 20288}
{"event": "progress", "epoch": 102, "step": 400, "loss": -14.30321574568362, "seconds": 20299}
{"event": "progress", "epoch": 102, "step": 450, "loss": -16.573465059444047, "seconds": 20310}
{"event": "progress", "epoch": 102, "step": 500, "loss": -15.558000230418594, "seconds": 20321}
{"event": "progress", "epoch": 102, "step": 550, "loss": -12.547456485464005, "seconds": 20332}
{"event": "progress", "epoch": 102, "step": 600, "loss": -14.403459953441896, "seconds": 20343}
{"event": "progress", "epoch": 102, "step": 650, "loss": -18.459736727405605, "seconds": 20354}
{"event": "progress", "epoch": 102, "step": 700, "loss": -15.561566109617296, "seconds": 20365}
{"event": "progress", "epoch": 102, "step": 750, "loss": -14.029836594889005, "seconds": 20376}
{"event": "progress", "epoch": 102, "step": 800, "loss": -14.025769478260557, "seconds": 20387}
{"event": "progress", "epoch": 102, "step": 850, "loss": -15.304051573313233, "seconds": 20398}
{"event": "progress", "epoch": 102, "step": 900, "loss": -9.890138464109144, "seconds": 20408}
{"event": "epoch", "epoch": 102, "phase": "float", "loss": -15.018574889501798, "seconds": 200.11845224599892, "elapsed_seconds": 20410.86831797, "learning_rate": 1e-05, "utterances": 770, "total_utterances": 770, "invalid_utterances": 0, "noisy_si_sdr": 6.016738904979767, "si_sdr": 13.789003279211414, "si_sdri": 7.772264374231649, "best_si_sdri": 7.796297383165334}
{"event": "progress", "epoch": 103, "step": 0, "loss": -15.699411407740401, "seconds": 20411}
{"event": "progress", "epoch": 103, "step": 50, "loss": -13.686101605109046, "seconds": 20423}
{"event": "progress", "epoch": 103, "step": 100, "loss": -14.787432283434272, "seconds": 20433}
{"event": "progress", "epoch": 103, "step": 150, "loss": -13.427686637487195, "seconds": 20444}
{"event": "progress", "epoch": 103, "step": 200, "loss": -15.429603642424647, "seconds": 20456}
{"event": "progress", "epoch": 103, "step": 250, "loss": -17.782394973030854, "seconds": 20467}
{"event": "progress", "epoch": 103, "step": 300, "loss": -13.701380639504013, "seconds": 20478}
{"event": "progress", "epoch": 103, "step": 350, "loss": -14.05130774887117, "seconds": 20489}
{"event": "progress", "epoch": 103, "step": 400, "loss": -15.29101496439278, "seconds": 20500}
{"event": "progress", "epoch": 103, "step": 450, "loss": -13.494472616906814, "seconds": 20511}
{"event": "progress", "epoch": 103, "step": 500, "loss": -14.822889985729063, "seconds": 20522}
{"event": "progress", "epoch": 103, "step": 550, "loss": -16.526622988896467, "seconds": 20533}
{"event": "progress", "epoch": 103, "step": 600, "loss": -15.188912745105506, "seconds": 20544}
{"event": "progress", "epoch": 103, "step": 650, "loss": -14.728497377211013, "seconds": 20555}
{"event": "progress", "epoch": 103, "step": 700, "loss": -14.94809113228518, "seconds": 20566}
{"event": "progress", "epoch": 103, "step": 750, "loss": -17.68147223239236, "seconds": 20576}
{"event": "progress", "epoch": 103, "step": 800, "loss": -14.175377615214927, "seconds": 20587}
{"event": "progress", "epoch": 103, "step": 850, "loss": -12.724013226883502, "seconds": 20598}
{"event": "progress", "epoch": 103, "step": 900, "loss": -11.338184140992109, "seconds": 20609}
{"event": "epoch", "epoch": 103, "phase": "float", "loss": -15.001915508363915, "seconds": 200.45558708299723, "elapsed_seconds": 20611.395624845998, "learning_rate": 1e-05, "utterances": 770, "total_utterances": 770, "invalid_utterances": 0, "noisy_si_sdr": 6.016738904979767, "si_sdr": 13.805785010649153, "si_sdri": 7.789046105669385, "best_si_sdri": 7.796297383165334}
{"event": "progress", "epoch": 104, "step": 0, "loss": -12.344315916755868, "seconds": 20612}
{"event": "progress", "epoch": 104, "step": 50, "loss": -14.4667427463218, "seconds": 20623}
{"event": "progress", "epoch": 104, "step": 100, "loss": -12.53195668118428, "seconds": 20634}
{"event": "progress", "epoch": 104, "step": 150, "loss": -15.212219608219328, "seconds": 20645}
{"event": "progress", "epoch": 104, "step": 200, "loss": -17.492574712646586, "seconds": 20656}
{"event": "progress", "epoch": 104, "step": 250, "loss": -14.250465268900962, "seconds": 20667}
{"event": "progress", "epoch": 104, "step": 300, "loss": -15.06059524667867, "seconds": 20679}
{"event": "progress", "epoch": 104, "step": 350, "loss": -16.345672123202583, "seconds": 20689}
{"event": "progress", "epoch": 104, "step": 400, "loss": -14.99390847935458, "seconds": 20700}
{"event": "progress", "epoch": 104, "step": 450, "loss": -13.28990584002175, "seconds": 20711}
{"event": "progress", "epoch": 104, "step": 500, "loss": -16.86990229826685, "seconds": 20722}
{"event": "progress", "epoch": 104, "step": 550, "loss": -15.393887542719085, "seconds": 20733}
{"event": "progress", "epoch": 104, "step": 600, "loss": -15.97188101340806, "seconds": 20744}
{"event": "progress", "epoch": 104, "step": 650, "loss": -13.570804782350303, "seconds": 20755}
{"event": "progress", "epoch": 104, "step": 700, "loss": -15.986448069843984, "seconds": 20767}
{"event": "progress", "epoch": 104, "step": 750, "loss": -15.942200257089784, "seconds": 20777}
{"event": "progress", "epoch": 104, "step": 800, "loss": -16.974534655025664, "seconds": 20788}
{"event": "progress", "epoch": 104, "step": 850, "loss": -14.830910968630764, "seconds": 20799}
{"event": "progress", "epoch": 104, "step": 900, "loss": -13.250371393199387, "seconds": 20810}
{"event": "epoch", "epoch": 104, "phase": "float", "loss": -15.00546972330393, "seconds": 200.59000787100013, "elapsed_seconds": 20812.041275274998, "learning_rate": 1e-05, "utterances": 770, "total_utterances": 770, "invalid_utterances": 0, "noisy_si_sdr": 6.016738904979767, "si_sdr": 13.788852938325938, "si_sdri": 7.772114033346171, "best_si_sdri": 7.796297383165334}
{"event": "progress", "epoch": 105, "step": 0, "loss": -13.914029162325885, "seconds": 20813}
{"event": "progress", "epoch": 105, "step": 50, "loss": -16.41728825938499, "seconds": 20824}
{"event": "progress", "epoch": 105, "step": 100, "loss": -15.543398009827932, "seconds": 20835}
{"event": "progress", "epoch": 105, "step": 150, "loss": -17.1256348550799, "seconds": 20846}
{"event": "progress", "epoch": 105, "step": 200, "loss": -13.527811934066253, "seconds": 20857}
{"event": "progress", "epoch": 105, "step": 250, "loss": -14.563309340824995, "seconds": 20868}
{"event": "progress", "epoch": 105, "step": 300, "loss": -16.166050067214734, "seconds": 20879}
{"event": "progress", "epoch": 105, "step": 350, "loss": -13.794017220290183, "seconds": 20890}
{"event": "progress", "epoch": 105, "step": 400, "loss": -12.041677328426275, "seconds": 20901}
{"event": "progress", "epoch": 105, "step": 450, "loss": -12.851734049394338, "seconds": 20912}
{"event": "progress", "epoch": 105, "step": 500, "loss": -13.35748207026089, "seconds": 20923}
{"event": "progress", "epoch": 105, "step": 550, "loss": -13.37310768257087, "seconds": 20934}
{"event": "progress", "epoch": 105, "step": 600, "loss": -14.077688510125778, "seconds": 20945}
{"event": "progress", "epoch": 105, "step": 650, "loss": -14.672097764953396, "seconds": 20956}
{"event": "progress", "epoch": 105, "step": 700, "loss": -15.319498720026454, "seconds": 20967}
{"event": "progress", "epoch": 105, "step": 750, "loss": -15.572676107576068, "seconds": 20977}
{"event": "progress", "epoch": 105, "step": 800, "loss": -13.919381365717463, "seconds": 20988}
{"event": "progress", "epoch": 105, "step": 850, "loss": -15.227464977984832, "seconds": 20999}
{"event": "progress", "epoch": 105, "step": 900, "loss": -11.245330569077732, "seconds": 21010}
{"event": "epoch", "epoch": 105, "phase": "float", "loss": -14.979849456077527, "seconds": 200.2399016950003, "elapsed_seconds": 21012.357058048998, "learning_rate": 1e-05, "utterances": 770, "total_utterances": 770, "invalid_utterances": 0, "noisy_si_sdr": 6.016738904979767, "si_sdr": 13.760633553458707, "si_sdri": 7.743894648478943, "best_si_sdri": 7.796297383165334}
{"event": "progress", "epoch": 106, "step": 0, "loss": -13.826393014456125, "seconds": 21013}
{"event": "progress", "epoch": 106, "step": 50, "loss": -14.758613899922722, "seconds": 21024}
{"event": "progress", "epoch": 106, "step": 100, "loss": -14.805562867706394, "seconds": 21035}
{"event": "progress", "epoch": 106, "step": 150, "loss": -12.52274414270052, "seconds": 21046}
{"event": "progress", "epoch": 106, "step": 200, "loss": -13.790613822215125, "seconds": 21057}
{"event": "progress", "epoch": 106, "step": 250, "loss": -13.443885306672252, "seconds": 21068}
{"event": "progress", "epoch": 106, "step": 300, "loss": -19.477717258761743, "seconds": 21079}
{"event": "progress", "epoch": 106, "step": 350, "loss": -14.011748673902972, "seconds": 21090}
{"event": "progress", "epoch": 106, "step": 400, "loss": -17.000739727751206, "seconds": 21101}
{"event": "progress", "epoch": 106, "step": 450, "loss": -12.965476914909411, "seconds": 21112}
{"event": "progress", "epoch": 106, "step": 500, "loss": -19.406930698568058, "seconds": 21123}
{"event": "progress", "epoch": 106, "step": 550, "loss": -12.591085575837889, "seconds": 21134}
{"event": "progress", "epoch": 106, "step": 600, "loss": -15.970407517889829, "seconds": 21145}
{"event": "progress", "epoch": 106, "step": 650, "loss": -15.538339572506931, "seconds": 21156}
{"event": "progress", "epoch": 106, "step": 700, "loss": -14.44925449421898, "seconds": 21167}
{"event": "progress", "epoch": 106, "step": 750, "loss": -17.51822731093567, "seconds": 21177}
{"event": "progress", "epoch": 106, "step": 800, "loss": -11.963021531417315, "seconds": 21188}
{"event": "progress", "epoch": 106, "step": 850, "loss": -14.085399647130098, "seconds": 21199}
{"event": "progress", "epoch": 106, "step": 900, "loss": -16.96224610431667, "seconds": 21210}
{"event": "epoch", "epoch": 106, "phase": "float", "loss": -15.024232480188285, "seconds": 199.9442371969999, "elapsed_seconds": 21212.355506470998, "learning_rate": 1e-05, "utterances": 770, "total_utterances": 770, "invalid_utterances": 0, "noisy_si_sdr": 6.016738904979767, "si_sdr": 13.774919432130796, "si_sdri": 7.758180527151029, "best_si_sdri": 7.796297383165334}
{"event": "progress", "epoch": 107, "step": 0, "loss": -14.50374395100103, "seconds": 21213}
{"event": "progress", "epoch": 107, "step": 50, "loss": -13.77294684471678, "seconds": 21224}
{"event": "progress", "epoch": 107, "step": 100, "loss": -17.14298513138863, "seconds": 21235}
{"event": "progress", "epoch": 107, "step": 150, "loss": -15.891691985621705, "seconds": 21246}
{"event": "progress", "epoch": 107, "step": 200, "loss": -13.4806696191665, "seconds": 21257}
{"event": "progress", "epoch": 107, "step": 250, "loss": -18.74006013916437, "seconds": 21268}
{"event": "progress", "epoch": 107, "step": 300, "loss": -17.071744781010626, "seconds": 21279}
{"event": "progress", "epoch": 107, "step": 350, "loss": -11.626281935864478, "seconds": 21290}
{"event": "progress", "epoch": 107, "step": 400, "loss": -15.956850036398563, "seconds": 21301}
{"event": "progress", "epoch": 107, "step": 450, "loss": -14.25381152627675, "seconds": 21312}
{"event": "progress", "epoch": 107, "step": 500, "loss": -17.677683012280287, "seconds": 21323}
{"event": "progress", "epoch": 107, "step": 550, "loss": -11.454281730585702, "seconds": 21334}
{"event": "progress", "epoch": 107, "step": 600, "loss": -15.080607450682365, "seconds": 21345}
{"event": "progress", "epoch": 107, "step": 650, "loss": -14.905068861699968, "seconds": 21356}
{"event": "progress", "epoch": 107, "step": 700, "loss": -15.180562273610104, "seconds": 21367}
{"event": "progress", "epoch": 107, "step": 750, "loss": -14.063629487881116, "seconds": 21377}
{"event": "progress", "epoch": 107, "step": 800, "loss": -14.622046564775548, "seconds": 21388}
{"event": "progress", "epoch": 107, "step": 850, "loss": -15.999430249683204, "seconds": 21399}
{"event": "progress", "epoch": 107, "step": 900, "loss": -12.647134221645365, "seconds": 21410}
{"event": "epoch", "epoch": 107, "phase": "float", "loss": -15.028448091949251, "seconds": 200.19403830699957, "elapsed_seconds": 21412.617424550997, "learning_rate": 1e-05, "utterances": 770, "total_utterances": 770, "invalid_utterances": 0, "noisy_si_sdr": 6.016738904979767, "si_sdr": 13.78446003288433, "si_sdri": 7.7677211279045615, "best_si_sdri": 7.796297383165334}
{"event": "progress", "epoch": 108, "step": 0, "loss": -14.053584080489568, "seconds": 21413}
{"event": "progress", "epoch": 108, "step": 50, "loss": -18.21721362253048, "seconds": 21424}
{"event": "progress", "epoch": 108, "step": 100, "loss": -14.724137422571562, "seconds": 21435}
{"event": "progress", "epoch": 108, "step": 150, "loss": -14.063538527300924, "seconds": 21446}
{"event": "progress", "epoch": 108, "step": 200, "loss": -13.66577841712789, "seconds": 21457}
{"event": "progress", "epoch": 108, "step": 250, "loss": -15.917692237913759, "seconds": 21468}
{"event": "progress", "epoch": 108, "step": 300, "loss": -18.394041702514194, "seconds": 21479}
{"event": "progress", "epoch": 108, "step": 350, "loss": -18.26358338488194, "seconds": 21490}
{"event": "progress", "epoch": 108, "step": 400, "loss": -14.054657422302336, "seconds": 21501}
{"event": "progress", "epoch": 108, "step": 450, "loss": -15.404470774847477, "seconds": 21512}
{"event": "progress", "epoch": 108, "step": 500, "loss": -14.333139898997388, "seconds": 21523}
{"event": "progress", "epoch": 108, "step": 550, "loss": -17.004054275601423, "seconds": 21534}
{"event": "progress", "epoch": 108, "step": 600, "loss": -16.021245961593234, "seconds": 21545}
{"event": "progress", "epoch": 108, "step": 650, "loss": -13.041405642770835, "seconds": 21556}
{"event": "progress", "epoch": 108, "step": 700, "loss": -13.819439357175469, "seconds": 21568}
{"event": "progress", "epoch": 108, "step": 750, "loss": -11.410752063358949, "seconds": 21578}
{"event": "progress", "epoch": 108, "step": 800, "loss": -16.725138165412663, "seconds": 21589}
{"event": "progress", "epoch": 108, "step": 850, "loss": -14.399060362150937, "seconds": 21600}
{"event": "progress", "epoch": 108, "step": 900, "loss": -12.009285634139035, "seconds": 21610}
{"event": "epoch", "epoch": 108, "phase": "float", "loss": -14.962928488793247, "seconds": 200.19432571400102, "elapsed_seconds": 21612.866482638998, "learning_rate": 1e-05, "utterances": 770, "total_utterances": 770, "invalid_utterances": 0, "noisy_si_sdr": 6.016738904979767, "si_sdr": 13.79454371949734, "si_sdri": 7.777804814517572, "best_si_sdri": 7.796297383165334}
{"event": "progress", "epoch": 109, "step": 0, "loss": -13.809618564758313, "seconds": 21613}
{"event": "progress", "epoch": 109, "step": 50, "loss": -15.5054404262578, "seconds": 21625}
{"event": "progress", "epoch": 109, "step": 100, "loss": -14.057634995167911, "seconds": 21635}
{"event": "progress", "epoch": 109, "step": 150, "loss": -13.641483340602067, "seconds": 21646}
{"event": "progress", "epoch": 109, "step": 200, "loss": -12.535072921976331, "seconds": 21658}
{"event": "progress", "epoch": 109, "step": 250, "loss": -15.656085239461532, "seconds": 21668}
{"event": "progress", "epoch": 109, "step": 300, "loss": -11.794720853411926, "seconds": 21680}
{"event": "progress", "epoch": 109, "step": 350, "loss": -17.96291525579329, "seconds": 21691}
{"event": "progress", "epoch": 109, "step": 400, "loss": -17.226410951003047, "seconds": 21702}
{"event": "progress", "epoch": 109, "step": 450, "loss": -16.49655229157239, "seconds": 21713}
{"event": "progress", "epoch": 109, "step": 500, "loss": -16.392580639864043, "seconds": 21724}
{"event": "progress", "epoch": 109, "step": 550, "loss": -16.45074789105962, "seconds": 21735}
{"event": "progress", "epoch": 109, "step": 600, "loss": -18.064086836700383, "seconds": 21746}
{"event": "progress", "epoch": 109, "step": 650, "loss": -13.558111036798351, "seconds": 21757}
{"event": "progress", "epoch": 109, "step": 700, "loss": -16.078673334513823, "seconds": 21768}
{"event": "progress", "epoch": 109, "step": 750, "loss": -15.24374321340176, "seconds": 21778}
{"event": "progress", "epoch": 109, "step": 800, "loss": -14.175745006281815, "seconds": 21789}
{"event": "progress", "epoch": 109, "step": 850, "loss": -17.676669695232412, "seconds": 21800}
{"event": "progress", "epoch": 109, "step": 900, "loss": -12.420347691641187, "seconds": 21810}
{"event": "epoch", "epoch": 109, "phase": "float", "loss": -14.9729701312214, "seconds": 199.33919846700155, "elapsed_seconds": 21812.261037269, "learning_rate": 1e-05, "utterances": 770, "total_utterances": 770, "invalid_utterances": 0, "noisy_si_sdr": 6.016738904979767, "si_sdr": 13.780924502003394, "si_sdri": 7.764185597023628, "best_si_sdri": 7.796297383165334}
{"event": "progress", "epoch": 110, "step": 0, "loss": -14.081716872977559, "seconds": 21813}
{"event": "progress", "epoch": 110, "step": 50, "loss": -13.02837787841545, "seconds": 21823}
{"event": "progress", "epoch": 110, "step": 100, "loss": -17.810925280147508, "seconds": 21834}
{"event": "progress", "epoch": 110, "step": 150, "loss": -16.720436740224017, "seconds": 21844}
{"event": "progress", "epoch": 110, "step": 200, "loss": -14.412964632604517, "seconds": 21855}
{"event": "progress", "epoch": 110, "step": 250, "loss": -13.188074437668309, "seconds": 21865}
{"event": "progress", "epoch": 110, "step": 300, "loss": -15.796856407633209, "seconds": 21876}
{"event": "progress", "epoch": 110, "step": 350, "loss": -16.667307103326237, "seconds": 21886}
{"event": "progress", "epoch": 110, "step": 400, "loss": -15.316792305403386, "seconds": 21897}
{"event": "progress", "epoch": 110, "step": 450, "loss": -13.893938688570877, "seconds": 21907}
{"event": "progress", "epoch": 110, "step": 500, "loss": -12.251355816915328, "seconds": 21918}
{"event": "progress", "epoch": 110, "step": 550, "loss": -12.54109240425483, "seconds": 21928}
{"event": "progress", "epoch": 110, "step": 600, "loss": -17.315770513785623, "seconds": 21939}
{"event": "progress", "epoch": 110, "step": 650, "loss": -15.379741715948501, "seconds": 21949}
{"event": "progress", "epoch": 110, "step": 700, "loss": -12.204333831507675, "seconds": 21960}
{"event": "progress", "epoch": 110, "step": 750, "loss": -13.140053379891835, "seconds": 21970}
{"event": "progress", "epoch": 110, "step": 800, "loss": -15.467637090619363, "seconds": 21980}
{"event": "progress", "epoch": 110, "step": 850, "loss": -14.35993645801886, "seconds": 21991}
{"event": "progress", "epoch": 110, "step": 900, "loss": -12.951937249412282, "seconds": 22001}
{"event": "epoch", "epoch": 110, "phase": "float", "loss": -15.050764447277434, "seconds": 190.9757542260013, "elapsed_seconds": 22003.293023005, "learning_rate": 1e-05, "utterances": 770, "total_utterances": 770, "invalid_utterances": 0, "noisy_si_sdr": 6.016738904979767, "si_sdr": 13.788875349950201, "si_sdri": 7.7721364449704335, "best_si_sdri": 7.796297383165334}
{"event": "progress", "epoch": 111, "step": 0, "loss": -14.654751337892943, "seconds": 22004}
{"event": "progress", "epoch": 111, "step": 50, "loss": -14.294257125528333, "seconds": 22014}
{"event": "progress", "epoch": 111, "step": 100, "loss": -14.41115610688755, "seconds": 22025}
{"event": "progress", "epoch": 111, "step": 150, "loss": -13.454406267533415, "seconds": 22036}
{"event": "progress", "epoch": 111, "step": 200, "loss": -17.69755556568375, "seconds": 22046}
{"event": "progress", "epoch": 111, "step": 250, "loss": -14.64240820561706, "seconds": 22057}
{"event": "progress", "epoch": 111, "step": 300, "loss": -14.722001143633772, "seconds": 22067}
{"event": "progress", "epoch": 111, "step": 350, "loss": -14.367942619682886, "seconds": 22078}
{"event": "progress", "epoch": 111, "step": 400, "loss": -16.60546848427594, "seconds": 22088}
{"event": "progress", "epoch": 111, "step": 450, "loss": -15.329953404915983, "seconds": 22099}
{"event": "progress", "epoch": 111, "step": 500, "loss": -14.503726448123318, "seconds": 22109}
{"event": "progress", "epoch": 111, "step": 550, "loss": -14.062366535101186, "seconds": 22120}
{"event": "progress", "epoch": 111, "step": 600, "loss": -14.305516824774736, "seconds": 22130}
{"event": "progress", "epoch": 111, "step": 650, "loss": -14.728245221638163, "seconds": 22141}
{"event": "progress", "epoch": 111, "step": 700, "loss": -16.787860145935767, "seconds": 22151}
{"event": "progress", "epoch": 111, "step": 750, "loss": -16.111163075962835, "seconds": 22161}
{"event": "progress", "epoch": 111, "step": 800, "loss": -14.372788806946573, "seconds": 22171}
{"event": "progress", "epoch": 111, "step": 850, "loss": -13.8241830996561, "seconds": 22182}
{"event": "progress", "epoch": 111, "step": 900, "loss": -13.816324065591669, "seconds": 22192}
{"event": "epoch", "epoch": 111, "phase": "float", "loss": -15.046111677938912, "seconds": 191.2863981499977, "elapsed_seconds": 22194.63324502, "learning_rate": 1e-05, "utterances": 770, "total_utterances": 770, "invalid_utterances": 0, "noisy_si_sdr": 6.016738904979767, "si_sdr": 13.797459563149681, "si_sdri": 7.780720658169913, "best_si_sdri": 7.796297383165334}
{"event": "progress", "epoch": 112, "step": 0, "loss": -19.21172652945554, "seconds": 22195}
{"event": "progress", "epoch": 112, "step": 50, "loss": -13.118602545613086, "seconds": 22206}
{"event": "progress", "epoch": 112, "step": 100, "loss": -12.667474576044322, "seconds": 22216}
{"event": "progress", "epoch": 112, "step": 150, "loss": -15.627056347243368, "seconds": 22227}
{"event": "progress", "epoch": 112, "step": 200, "loss": -16.284852667754418, "seconds": 22237}
{"event": "progress", "epoch": 112, "step": 250, "loss": -17.765079979492572, "seconds": 22248}
{"event": "progress", "epoch": 112, "step": 300, "loss": -14.523622734121355, "seconds": 22258}
{"event": "progress", "epoch": 112, "step": 350, "loss": -15.186673619964388, "seconds": 22269}
{"event": "progress", "epoch": 112, "step": 400, "loss": -15.495424552990649, "seconds": 22279}
{"event": "progress", "epoch": 112, "step": 450, "loss": -15.415418051050446, "seconds": 22290}
{"event": "progress", "epoch": 112, "step": 500, "loss": -13.027025978494919, "seconds": 22300}
{"event": "progress", "epoch": 112, "step": 550, "loss": -16.93921193497986, "seconds": 22311}
{"event": "progress", "epoch": 112, "step": 600, "loss": -14.506772247452611, "seconds": 22321}
{"event": "progress", "epoch": 112, "step": 650, "loss": -14.78778664808825, "seconds": 22332}
{"event": "progress", "epoch": 112, "step": 700, "loss": -14.810012819508902, "seconds": 22342}
{"event": "progress", "epoch": 112, "step": 750, "loss": -14.95018423128937, "seconds": 22352}
{"event": "progress", "epoch": 112, "step": 800, "loss": -14.432676430313421, "seconds": 22363}
{"event": "progress", "epoch": 112, "step": 850, "loss": -13.935238131400293, "seconds": 22373}
{"event": "progress", "epoch": 112, "step": 900, "loss": -14.231399722473768, "seconds": 22383}
{"event": "epoch", "epoch": 112, "phase": "float", "loss": -15.007767040553293, "seconds": 191.0607715219994, "elapsed_seconds": 22385.757891113, "learning_rate": 1e-05, "utterances": 770, "total_utterances": 770, "invalid_utterances": 0, "noisy_si_sdr": 6.016738904979767, "si_sdr": 13.783887230551388, "si_sdri": 7.76714832557162, "best_si_sdri": 7.796297383165334}
{"event": "progress", "epoch": 113, "step": 0, "loss": -12.548010832330975, "seconds": 22386}
{"event": "progress", "epoch": 113, "step": 50, "loss": -15.383888371075496, "seconds": 22397}
{"event": "progress", "epoch": 113, "step": 100, "loss": -16.072315849612966, "seconds": 22408}
{"event": "progress", "epoch": 113, "step": 150, "loss": -14.622219133575337, "seconds": 22418}
{"event": "progress", "epoch": 113, "step": 200, "loss": -13.490174523518366, "seconds": 22429}
{"event": "progress", "epoch": 113, "step": 250, "loss": -17.320877967169903, "seconds": 22439}
{"event": "progress", "epoch": 113, "step": 300, "loss": -15.645676064821401, "seconds": 22450}
{"event": "progress", "epoch": 113, "step": 350, "loss": -16.534886582873874, "seconds": 22460}
{"event": "progress", "epoch": 113, "step": 400, "loss": -13.883663121620263, "seconds": 22471}
{"event": "progress", "epoch": 113, "step": 450, "loss": -13.836113630661924, "seconds": 22481}
{"event": "progress", "epoch": 113, "step": 500, "loss": -13.826535966548334, "seconds": 22492}
{"event": "progress", "epoch": 113, "step": 550, "loss": -15.388196899554192, "seconds": 22502}
{"event": "progress", "epoch": 113, "step": 600, "loss": -17.59264657992402, "seconds": 22513}
{"event": "progress", "epoch": 113, "step": 650, "loss": -15.598663318428322, "seconds": 22523}
{"event": "progress", "epoch": 113, "step": 700, "loss": -14.194901401079274, "seconds": 22534}
{"event": "progress", "epoch": 113, "step": 750, "loss": -14.92541262941484, "seconds": 22543}
{"event": "progress", "epoch": 113, "step": 800, "loss": -16.260102174468315, "seconds": 22554}
{"event": "progress", "epoch": 113, "step": 850, "loss": -15.045699953968683, "seconds": 22565}
{"event": "progress", "epoch": 113, "step": 900, "loss": -14.767865658637625, "seconds": 22575}
{"event": "epoch", "epoch": 113, "phase": "float", "loss": -15.03485541415669, "seconds": 191.71246396599963, "elapsed_seconds": 22577.524574663, "learning_rate": 1e-05, "utterances": 770, "total_utterances": 770, "invalid_utterances": 0, "noisy_si_sdr": 6.016738904979767, "si_sdr": 13.774134865067447, "si_sdri": 7.757395960087678, "best_si_sdri": 7.796297383165334}
{"event": "progress", "epoch": 114, "step": 0, "loss": -16.48746351092565, "seconds": 22578}
{"event": "progress", "epoch": 114, "step": 50, "loss": -14.603133250194134, "seconds": 22589}
{"event": "progress", "epoch": 114, "step": 100, "loss": -15.399502133094561, "seconds": 22599}
{"event": "progress", "epoch": 114, "step": 150, "loss": -15.35491551749675, "seconds": 22610}
{"event": "progress", "epoch": 114, "step": 200, "loss": -15.48462757098729, "seconds": 22620}
{"event": "progress", "epoch": 114, "step": 250, "loss": -15.65955816293905, "seconds": 22631}
{"event": "progress", "epoch": 114, "step": 300, "loss": -13.605665995808417, "seconds": 22641}
{"event": "progress", "epoch": 114, "step": 350, "loss": -15.111545012244125, "seconds": 22652}
{"event": "progress", "epoch": 114, "step": 400, "loss": -14.488486174166198, "seconds": 22662}
{"event": "progress", "epoch": 114, "step": 450, "loss": -15.45035278417171, "seconds": 22673}
{"event": "progress", "epoch": 114, "step": 500, "loss": -14.49058144872077, "seconds": 22683}
{"event": "progress", "epoch": 114, "step": 550, "loss": -15.627769337297345, "seconds": 22694}
{"event": "progress", "epoch": 114, "step": 600, "loss": -12.675652452586172, "seconds": 22704}
{"event": "progress", "epoch": 114, "step": 650, "loss": -15.405520772611101, "seconds": 22715}
{"event": "progress", "epoch": 114, "step": 700, "loss": -13.3274595989299, "seconds": 22725}
{"event": "progress", "epoch": 114, "step": 750, "loss": -12.567929797935435, "seconds": 22735}
{"event": "progress", "epoch": 114, "step": 800, "loss": -17.274301537142463, "seconds": 22746}
{"event": "progress", "epoch": 114, "step": 850, "loss": -13.700280786523795, "seconds": 22756}
{"event": "progress", "epoch": 114, "step": 900, "loss": -15.338095319254407, "seconds": 22766}
{"event": "epoch", "epoch": 114, "phase": "float", "loss": -15.04720494271751, "seconds": 191.16395361299874, "elapsed_seconds": 22768.744825293, "learning_rate": 1e-05, "utterances": 770, "total_utterances": 770, "invalid_utterances": 0, "noisy_si_sdr": 6.016738904979767, "si_sdr": 13.752085849990634, "si_sdri": 7.735346945010865, "best_si_sdri": 7.796297383165334}
{"event": "progress", "epoch": 115, "step": 0, "loss": -14.041452345933127, "seconds": 22769}
{"event": "progress", "epoch": 115, "step": 50, "loss": -17.107679072737586, "seconds": 22780}
{"event": "progress", "epoch": 115, "step": 100, "loss": -15.974303276608484, "seconds": 22791}
{"event": "progress", "epoch": 115, "step": 150, "loss": -15.163466110679469, "seconds": 22801}
{"event": "progress", "epoch": 115, "step": 200, "loss": -14.596310746894957, "seconds": 22812}
{"event": "progress", "epoch": 115, "step": 250, "loss": -15.280252101451, "seconds": 22822}
{"event": "progress", "epoch": 115, "step": 300, "loss": -16.308591470961858, "seconds": 22833}
{"event": "progress", "epoch": 115, "step": 350, "loss": -14.06762137719969, "seconds": 22843}
{"event": "progress", "epoch": 115, "step": 400, "loss": -15.549645360838696, "seconds": 22854}
{"event": "progress", "epoch": 115, "step": 450, "loss": -14.995614604489043, "seconds": 22864}
{"event": "progress", "epoch": 115, "step": 500, "loss": -13.811526038574005, "seconds": 22875}
{"event": "progress", "epoch": 115, "step": 550, "loss": -16.019037818350675, "seconds": 22885}
{"event": "progress", "epoch": 115, "step": 600, "loss": -12.872130498237485, "seconds": 22896}
{"event": "progress", "epoch": 115, "step": 650, "loss": -13.067042497988474, "seconds": 22906}
{"event": "progress", "epoch": 115, "step": 700, "loss": -16.846615263218887, "seconds": 22917}
{"event": "progress", "epoch": 115, "step": 750, "loss": -12.924981019584841, "seconds": 22926}
{"event": "progress", "epoch": 115, "step": 800, "loss": -15.240342476598688, "seconds": 22937}
{"event": "progress", "epoch": 115, "step": 850, "loss": -10.473505920762515, "seconds": 22948}
{"event": "progress", "epoch": 115, "step": 900, "loss": -14.041663525272858, "seconds": 22959}
{"event": "epoch", "epoch": 115, "phase": "float", "loss": -15.02768524906844, "seconds": 192.1794142079998, "elapsed_seconds": 22960.978930618, "learning_rate": 1e-05, "utterances": 770, "total_utterances": 770, "invalid_utterances": 0, "noisy_si_sdr": 6.016738904979767, "si_sdr": 13.769828676225488, "si_sdri": 7.753089771245719, "best_si_sdri": 7.796297383165334}
{"event": "progress", "epoch": 116, "step": 0, "loss": -14.118948044512928, "seconds": 22961}
{"event": "progress", "epoch": 116, "step": 50, "loss": -14.375673268834582, "seconds": 22972}
{"event": "progress", "epoch": 116, "step": 100, "loss": -14.44802606013351, "seconds": 22983}
{"event": "progress", "epoch": 116, "step": 150, "loss": -14.07328484633561, "seconds": 22994}
{"event": "progress", "epoch": 116, "step": 200, "loss": -17.518316646421347, "seconds": 23005}
{"event": "progress", "epoch": 116, "step": 250, "loss": -14.338473136024122, "seconds": 23015}
{"event": "progress", "epoch": 116, "step": 300, "loss": -17.01743537758962, "seconds": 23026}
{"event": "progress", "epoch": 116, "step": 350, "loss": -15.231009931702406, "seconds": 23037}
{"event": "progress", "epoch": 116, "step": 400, "loss": -13.908113744547025, "seconds": 23047}
{"event": "progress", "epoch": 116, "step": 450, "loss": -14.078026326363435, "seconds": 23058}
{"event": "progress", "epoch": 116, "step": 500, "loss": -14.225286572138389, "seconds": 23069}
{"event": "progress", "epoch": 116, "step": 550, "loss": -15.770361627701229, "seconds": 23079}
{"event": "progress", "epoch": 116, "step": 600, "loss": -18.3160812140865, "seconds": 23089}
{"event": "progress", "epoch": 116, "step": 650, "loss": -12.494673602442813, "seconds": 23100}
{"event": "progress", "epoch": 116, "step": 700, "loss": -16.901349813138246, "seconds": 23111}
{"event": "progress", "epoch": 116, "step": 750, "loss": -14.264104313140724, "seconds": 23120}
{"event": "progress", "epoch": 116, "step": 800, "loss": -13.252430559585342, "seconds": 23131}
{"event": "progress", "epoch": 116, "step": 850, "loss": -17.386722078900167, "seconds": 23141}
{"event": "progress", "epoch": 116, "step": 900, "loss": -20.771803740749604, "seconds": 23152}
{"event": "epoch", "epoch": 116, "phase": "float", "loss": -15.087037422350067, "seconds": 192.79986701600137, "elapsed_seconds": 23153.833134719, "learning_rate": 1e-05, "utterances": 770, "total_utterances": 770, "invalid_utterances": 0, "noisy_si_sdr": 6.016738904979767, "si_sdr": 13.769399304697341, "si_sdri": 7.7526603997175725, "best_si_sdri": 7.796297383165334}
{"event": "progress", "epoch": 117, "step": 0, "loss": -13.878126028943555, "seconds": 23154}
{"event": "progress", "epoch": 117, "step": 50, "loss": -17.060376354640148, "seconds": 23165}
{"event": "progress", "epoch": 117, "step": 100, "loss": -15.800999558558381, "seconds": 23176}
{"event": "progress", "epoch": 117, "step": 150, "loss": -18.677199791887467, "seconds": 23187}
{"event": "progress", "epoch": 117, "step": 200, "loss": -14.850879077820588, "seconds": 23197}
{"event": "progress", "epoch": 117, "step": 250, "loss": -16.70816034768493, "seconds": 23208}
{"event": "progress", "epoch": 117, "step": 300, "loss": -14.789628469972167, "seconds": 23219}
{"event": "progress", "epoch": 117, "step": 350, "loss": -16.87737161913474, "seconds": 23230}
{"event": "progress", "epoch": 117, "step": 400, "loss": -14.313473286356228, "seconds": 23241}
{"event": "progress", "epoch": 117, "step": 450, "loss": -16.062185551735716, "seconds": 23252}
{"event": "progress", "epoch": 117, "step": 500, "loss": -13.96979050291056, "seconds": 23262}
{"event": "progress", "epoch": 117, "step": 550, "loss": -15.088551135634521, "seconds": 23273}
{"event": "progress", "epoch": 117, "step": 600, "loss": -15.91300159692282, "seconds": 23283}
{"event": "progress", "epoch": 117, "step": 650, "loss": -13.612493306165328, "seconds": 23294}
{"event": "progress", "epoch": 117, "step": 700, "loss": -14.272398676786858, "seconds": 23304}
{"event": "progress", "epoch": 117, "step": 750, "loss": -15.480480093190979, "seconds": 23314}
{"event": "progress", "epoch": 117, "step": 800, "loss": -17.368378377120997, "seconds": 23324}
{"event": "progress", "epoch": 117, "step": 850, "loss": -15.953099006541118, "seconds": 23335}
{"event": "progress", "epoch": 117, "step": 900, "loss": -15.468653987420563, "seconds": 23345}
{"event": "epoch", "epoch": 117, "phase": "float", "loss": -15.100668306190952, "seconds": 193.6239741069985, "elapsed_seconds": 23347.513655750998, "learning_rate": 1e-05, "utterances": 770, "total_utterances": 770, "invalid_utterances": 0, "noisy_si_sdr": 6.016738904979767, "si_sdr": 13.788708597875278, "si_sdri": 7.771969692895512, "best_si_sdri": 7.796297383165334}
{"event": "progress", "epoch": 118, "step": 0, "loss": -13.996539115250629, "seconds": 23348}
{"event": "progress", "epoch": 118, "step": 50, "loss": -15.893367098016359, "seconds": 23359}
{"event": "progress", "epoch": 118, "step": 100, "loss": -14.480595217527735, "seconds": 23369}
{"event": "progress", "epoch": 118, "step": 150, "loss": -14.499229882056312, "seconds": 23380}
{"event": "progress", "epoch": 118, "step": 200, "loss": -13.832570308874892, "seconds": 23390}
{"event": "progress", "epoch": 118, "step": 250, "loss": -12.691713666569825, "seconds": 23401}
{"event": "progress", "epoch": 118, "step": 300, "loss": -14.05121161419409, "seconds": 23411}
{"event": "progress", "epoch": 118, "step": 350, "loss": -16.469299055140738, "seconds": 23422}
{"event": "progress", "epoch": 118, "step": 400, "loss": -15.238060984357414, "seconds": 23432}
{"event": "progress", "epoch": 118, "step": 450, "loss": -15.160835570227578, "seconds": 23443}
{"event": "progress", "epoch": 118, "step": 500, "loss": -16.189891465313327, "seconds": 23453}
{"event": "progress", "epoch": 118, "step": 550, "loss": -13.946112977355916, "seconds": 23464}
{"event": "progress", "epoch": 118, "step": 600, "loss": -11.727557805936472, "seconds": 23474}
{"event": "progress", "epoch": 118, "step": 650, "loss": -16.17923058941982, "seconds": 23485}
{"event": "progress", "epoch": 118, "step": 700, "loss": -12.703403328715888, "seconds": 23495}
{"event": "progress", "epoch": 118, "step": 750, "loss": -14.42752515452059, "seconds": 23505}
{"event": "progress", "epoch": 118, "step": 800, "loss": -14.712015302112253, "seconds": 23516}
{"event": "progress", "epoch": 118, "step": 850, "loss": -13.873394541778499, "seconds": 23526}
{"event": "progress", "epoch": 118, "step": 900, "loss": -14.012055580439446, "seconds": 23536}
{"event": "epoch", "epoch": 118, "phase": "float", "loss": -15.033460153027528, "seconds": 191.15344688200275, "elapsed_seconds": 23538.723639552998, "learning_rate": 1e-05, "utterances": 770, "total_utterances": 770, "invalid_utterances": 0, "noisy_si_sdr": 6.016738904979767, "si_sdr": 13.7866947012475, "si_sdri": 7.769955796267733, "best_si_sdri": 7.796297383165334}
{"event": "progress", "epoch": 119, "step": 0, "loss": -14.661526441079388, "seconds": 23539}
{"event": "progress", "epoch": 119, "step": 50, "loss": -13.55440994775623, "seconds": 23550}
{"event": "progress", "epoch": 119, "step": 100, "loss": -13.706222589712244, "seconds": 23561}
{"event": "progress", "epoch": 119, "step": 150, "loss": -14.775857793680359, "seconds": 23571}
{"event": "progress", "epoch": 119, "step": 200, "loss": -13.46014450477334, "seconds": 23582}
{"event": "progress", "epoch": 119, "step": 250, "loss": -13.372628396374768, "seconds": 23593}
{"event": "progress", "epoch": 119, "step": 300, "loss": -13.249752096047398, "seconds": 23604}
{"event": "progress", "epoch": 119, "step": 350, "loss": -15.50397869937834, "seconds": 23614}
{"event": "progress", "epoch": 119, "step": 400, "loss": -18.01109504458392, "seconds": 23625}
{"event": "progress", "epoch": 119, "step": 450, "loss": -15.59395779897036, "seconds": 23635}
{"event": "progress", "epoch": 119, "step": 500, "loss": -16.57413694459694, "seconds": 23646}
{"event": "progress", "epoch": 119, "step": 550, "loss": -16.489951805948074, "seconds": 23656}
{"event": "progress", "epoch": 119, "step": 600, "loss": -12.877972146926448, "seconds": 23667}
{"event": "progress", "epoch": 119, "step": 650, "loss": -15.200765139946377, "seconds": 23677}
{"event": "progress", "epoch": 119, "step": 700, "loss": -15.029886849834066, "seconds": 23688}
{"event": "progress", "epoch": 119, "step": 750, "loss": -15.22515898551972, "seconds": 23697}
{"event": "progress", "epoch": 119, "step": 800, "loss": -16.478115138224332, "seconds": 23708}
{"event": "progress", "epoch": 119, "step": 850, "loss": -12.864190626785714, "seconds": 23718}
{"event": "progress", "epoch": 119, "step": 900, "loss": -14.147067462771183, "seconds": 23729}
{"event": "epoch", "epoch": 119, "phase": "float", "loss": -15.094072441538591, "seconds": 192.2289406680029, "elapsed_seconds": 23731.006602482, "learning_rate": 1e-05, "utterances": 770, "total_utterances": 770, "invalid_utterances": 0, "noisy_si_sdr": 6.016738904979767, "si_sdr": 13.78582415962551, "si_sdri": 7.769085254645742, "best_si_sdri": 7.796297383165334}
{"event": "progress", "epoch": 120, "step": 0, "loss": -18.2593639984735, "seconds": 23732}
{"event": "progress", "epoch": 120, "step": 50, "loss": -15.747344331460546, "seconds": 23742}
{"event": "progress", "epoch": 120, "step": 100, "loss": -14.523296728162961, "seconds": 23753}
{"event": "progress", "epoch": 120, "step": 150, "loss": -15.077314403902324, "seconds": 23764}
{"event": "progress", "epoch": 120, "step": 200, "loss": -14.952657938014056, "seconds": 23774}
{"event": "progress", "epoch": 120, "step": 250, "loss": -14.70073794881666, "seconds": 23785}
{"event": "progress", "epoch": 120, "step": 300, "loss": -16.838239093362095, "seconds": 23795}
{"event": "progress", "epoch": 120, "step": 350, "loss": -14.807306235343066, "seconds": 23806}
{"event": "progress", "epoch": 120, "step": 400, "loss": -12.554080414828073, "seconds": 23816}
{"event": "progress", "epoch": 120, "step": 450, "loss": -16.25119493176048, "seconds": 23827}
{"event": "progress", "epoch": 120, "step": 500, "loss": -15.435960144865987, "seconds": 23837}
{"event": "progress", "epoch": 120, "step": 550, "loss": -16.7768148235284, "seconds": 23848}
{"event": "progress", "epoch": 120, "step": 600, "loss": -15.538651488638983, "seconds": 23858}
{"event": "progress", "epoch": 120, "step": 650, "loss": -16.1082786530602, "seconds": 23869}
{"event": "progress", "epoch": 120, "step": 700, "loss": -16.025788684753582, "seconds": 23879}
{"event": "progress", "epoch": 120, "step": 750, "loss": -15.426867582711882, "seconds": 23889}
{"event": "progress", "epoch": 120, "step": 800, "loss": -15.152009607136748, "seconds": 23900}
{"event": "progress", "epoch": 120, "step": 850, "loss": -17.705586043227633, "seconds": 23910}
{"event": "progress", "epoch": 120, "step": 900, "loss": -15.360488727088665, "seconds": 23921}
{"event": "epoch", "epoch": 120, "phase": "float", "loss": -14.963235690253011, "seconds": 192.19645183299872, "elapsed_seconds": 23923.257165506, "learning_rate": 1e-05, "utterances": 770, "total_utterances": 770, "invalid_utterances": 0, "noisy_si_sdr": 6.016738904979767, "si_sdr": 13.768377550043926, "si_sdri": 7.7516386450641575, "best_si_sdri": 7.796297383165334}
{"event": "progress", "epoch": 121, "step": 0, "loss": -14.930624473267017, "seconds": 23924}
{"event": "progress", "epoch": 121, "step": 50, "loss": -17.0341584728869, "seconds": 23935}
{"event": "progress", "epoch": 121, "step": 100, "loss": -14.893260392323558, "seconds": 23945}
{"event": "progress", "epoch": 121, "step": 150, "loss": -14.727899265479167, "seconds": 23956}
{"event": "progress", "epoch": 121, "step": 200, "loss": -14.137891183029355, "seconds": 23966}
{"event": "progress", "epoch": 121, "step": 250, "loss": -13.897316429831182, "seconds": 23977}
{"event": "progress", "epoch": 121, "step": 300, "loss": -17.186291176634946, "seconds": 23987}
{"event": "progress", "epoch": 121, "step": 350, "loss": -12.450420418319112, "seconds": 23998}
{"event": "progress", "epoch": 121, "step": 400, "loss": -13.202179622212315, "seconds": 24008}
{"event": "progress", "epoch": 121, "step": 450, "loss": -15.938097817847543, "seconds": 24019}
{"event": "progress", "epoch": 121, "step": 500, "loss": -15.216384781635075, "seconds": 24029}
{"event": "progress", "epoch": 121, "step": 550, "loss": -15.549373593400867, "seconds": 24040}
{"event": "progress", "epoch": 121, "step": 600, "loss": -13.026962445913698, "seconds": 24050}
{"event": "progress", "epoch": 121, "step": 650, "loss": -13.182379623478472, "seconds": 24061}
{"event": "progress", "epoch": 121, "step": 700, "loss": -12.936221446417216, "seconds": 24071}
{"event": "progress", "epoch": 121, "step": 750, "loss": -11.731819360345877, "seconds": 24081}
{"event": "progress", "epoch": 121, "step": 800, "loss": -14.447779678564533, "seconds": 24092}
{"event": "progress", "epoch": 121, "step": 850, "loss": -11.988971606674664, "seconds": 24103}
{"event": "progress", "epoch": 121, "step": 900, "loss": -14.9112062137126, "seconds": 24113}
{"event": "epoch", "epoch": 121, "phase": "float", "loss": -14.95408509189589, "seconds": 191.88161844799833, "elapsed_seconds": 24115.193294107, "learning_rate": 1e-05, "utterances": 770, "total_utterances": 770, "invalid_utterances": 0, "noisy_si_sdr": 6.016738904979767, "si_sdr": 13.776840101389924, "si_sdri": 7.760101196410158, "best_si_sdri": 7.796297383165334}
{"event": "progress", "epoch": 122, "step": 0, "loss": -11.901548042557938, "seconds": 24116}
{"event": "progress", "epoch": 122, "step": 50, "loss": -15.409305799378489, "seconds": 24126}
{"event": "progress", "epoch": 122, "step": 100, "loss": -15.319795135152663, "seconds": 24137}
{"event": "progress", "epoch": 122, "step": 150, "loss": -14.482717395340902, "seconds": 24147}
{"event": "progress", "epoch": 122, "step": 200, "loss": -16.079995805646718, "seconds": 24158}
{"event": "progress", "epoch": 122, "step": 250, "loss": -13.716244009629245, "seconds": 24168}
{"event": "progress", "epoch": 122, "step": 300, "loss": -13.037307354536368, "seconds": 24179}
{"event": "progress", "epoch": 122, "step": 350, "loss": -14.73509775489974, "seconds": 24189}
{"event": "progress", "epoch": 122, "step": 400, "loss": -12.944521902703574, "seconds": 24200}
{"event": "progress", "epoch": 122, "step": 450, "loss": -16.7616703024856, "seconds": 24210}
{"event": "progress", "epoch": 122, "step": 500, "loss": -14.1934382279847, "seconds": 24221}
{"event": "progress", "epoch": 122, "step": 550, "loss": -16.191172550571455, "seconds": 24231}
{"event": "progress", "epoch": 122, "step": 600, "loss": -14.8695968920714, "seconds": 24242}
{"event": "progress", "epoch": 122, "step": 650, "loss": -12.572894868763775, "seconds": 24252}
{"event": "progress", "epoch": 122, "step": 700, "loss": -11.889868408726858, "seconds": 24263}
{"event": "progress", "epoch": 122, "step": 750, "loss": -13.589946864576195, "seconds": 24272}
{"event": "progress", "epoch": 122, "step": 800, "loss": -14.020683696335405, "seconds": 24283}
{"event": "progress", "epoch": 122, "step": 850, "loss": -16.434252022705873, "seconds": 24294}
{"event": "progress", "epoch": 122, "step": 900, "loss": -10.30748605888247, "seconds": 24305}
{"event": "epoch", "epoch": 122, "phase": "float", "loss": -15.026604096223581, "seconds": 191.52203785700112, "elapsed_seconds": 24306.771782742, "learning_rate": 1e-05, "utterances": 770, "total_utterances": 770, "invalid_utterances": 0, "noisy_si_sdr": 6.016738904979767, "si_sdr": 13.767330092863768, "si_sdri": 7.750591187884003, "best_si_sdri": 7.796297383165334}
{"event": "progress", "epoch": 123, "step": 0, "loss": -15.812760274678908, "seconds": 24307}
{"event": "progress", "epoch": 123, "step": 50, "loss": -18.40483262483238, "seconds": 24318}
{"event": "progress", "epoch": 123, "step": 100, "loss": -16.438915248107282, "seconds": 24328}
{"event": "progress", "epoch": 123, "step": 150, "loss": -15.025529474486866, "seconds": 24339}
{"event": "progress", "epoch": 123, "step": 200, "loss": -14.080659089257134, "seconds": 24349}
{"event": "progress", "epoch": 123, "step": 250, "loss": -13.53874051249796, "seconds": 24360}
{"event": "progress", "epoch": 123, "step": 300, "loss": -15.502063738927262, "seconds": 24370}
{"event": "progress", "epoch": 123, "step": 350, "loss": -17.21637641499714, "seconds": 24381}
{"event": "progress", "epoch": 123, "step": 400, "loss": -17.076069233774035, "seconds": 24391}
{"event": "progress", "epoch": 123, "step": 450, "loss": -13.834687543999104, "seconds": 24402}
{"event": "progress", "epoch": 123, "step": 500, "loss": -14.196113610311581, "seconds": 24412}
{"event": "progress", "epoch": 123, "step": 550, "loss": -13.26271958507154, "seconds": 24423}
{"event": "progress", "epoch": 123, "step": 600, "loss": -13.048990689064734, "seconds": 24433}
{"event": "progress", "epoch": 123, "step": 650, "loss": -15.80396755281292, "seconds": 24444}
{"event": "progress", "epoch": 123, "step": 700, "loss": -16.373367877090722, "seconds": 24454}
{"event": "progress", "epoch": 123, "step": 750, "loss": -12.72825800233457, "seconds": 24464}
{"event": "progress", "epoch": 123, "step": 800, "loss": -13.462304924099683, "seconds": 24475}
{"event": "progress", "epoch": 123, "step": 850, "loss": -17.07792087120346, "seconds": 24486}
{"event": "progress", "epoch": 123, "step": 900, "loss": -16.516097186702297, "seconds": 24496}
{"event": "epoch", "epoch": 123, "phase": "float", "loss": -14.934285992192594, "seconds": 191.28010528600134, "elapsed_seconds": 24498.106620497998, "learning_rate": 1e-05, "utterances": 770, "total_utterances": 770, "invalid_utterances": 0, "noisy_si_sdr": 6.016738904979767, "si_sdr": 13.783510063092049, "si_sdri": 7.766771158112283, "best_si_sdri": 7.796297383165334}
{"event": "progress", "epoch": 124, "step": 0, "loss": -15.919242169257373, "seconds": 24499}
{"event": "progress", "epoch": 124, "step": 50, "loss": -15.822363630562293, "seconds": 24509}
{"event": "progress", "epoch": 124, "step": 100, "loss": -14.127316089780038, "seconds": 24520}
{"event": "progress", "epoch": 124, "step": 150, "loss": -12.28839872161177, "seconds": 24530}
{"event": "progress", "epoch": 124, "step": 200, "loss": -13.287359130779116, "seconds": 24541}
{"event": "progress", "epoch": 124, "step": 250, "loss": -13.290344938864779, "seconds": 24551}
{"event": "progress", "epoch": 124, "step": 300, "loss": -15.906878787216005, "seconds": 24562}
{"event": "progress", "epoch": 124, "step": 350, "loss": -16.82968453619631, "seconds": 24572}
{"event": "progress", "epoch": 124, "step": 400, "loss": -11.535422447064413, "seconds": 24583}
{"event": "progress", "epoch": 124, "step": 450, "loss": -15.344470153958657, "seconds": 24593}
{"event": "progress", "epoch": 124, "step": 500, "loss": -15.951351650586247, "seconds": 24604}
{"event": "progress", "epoch": 124, "step": 550, "loss": -16.139231987725488, "seconds": 24614}
{"event": "progress", "epoch": 124, "step": 600, "loss": -15.135025505385352, "seconds": 24625}
{"event": "progress", "epoch": 124, "step": 650, "loss": -13.870279486371846, "seconds": 24635}
{"event": "progress", "epoch": 124, "step": 700, "loss": -13.713571114999185, "seconds": 24646}
{"event": "progress", "epoch": 124, "step": 750, "loss": -18.510217623876215, "seconds": 24655}
{"event": "progress", "epoch": 124, "step": 800, "loss": -15.196054057834498, "seconds": 24666}
{"event": "progress", "epoch": 124, "step": 850, "loss": -14.347810615210316, "seconds": 24677}
{"event": "progress", "epoch": 124, "step": 900, "loss": -15.230657198693018, "seconds": 24687}
{"event": "epoch", "epoch": 124, "phase": "float", "loss": -14.973092658925285, "seconds": 190.99883110200244, "elapsed_seconds": 24689.160294524998, "learning_rate": 1e-05, "utterances": 770, "total_utterances": 770, "invalid_utterances": 0, "noisy_si_sdr": 6.016738904979767, "si_sdr": 13.784382176128494, "si_sdri": 7.767643271148727, "best_si_sdri": 7.796297383165334}
{"event": "progress", "epoch": 125, "step": 0, "loss": -13.965928496971703, "seconds": 24690}
{"event": "progress", "epoch": 125, "step": 50, "loss": -17.580559217395333, "seconds": 24700}
{"event": "progress", "epoch": 125, "step": 100, "loss": -15.245480217807884, "seconds": 24711}
{"event": "progress", "epoch": 125, "step": 150, "loss": -16.063985889494905, "seconds": 24722}
{"event": "progress", "epoch": 125, "step": 200, "loss": -12.164846906112391, "seconds": 24733}
{"event": "progress", "epoch": 125, "step": 250, "loss": -11.529916220911659, "seconds": 24744}
{"event": "progress", "epoch": 125, "step": 300, "loss": -12.38138108636516, "seconds": 24754}
{"event": "progress", "epoch": 125, "step": 350, "loss": -11.488196487434504, "seconds": 24765}
{"event": "progress", "epoch": 125, "step": 400, "loss": -16.427293651015354, "seconds": 24776}
{"event": "progress", "epoch": 125, "step": 450, "loss": -15.957554496202278, "seconds": 24786}
{"event": "progress", "epoch": 125, "step": 500, "loss": -16.61388306856344, "seconds": 24797}
{"event": "progress", "epoch": 125, "step": 550, "loss": -15.019549598601268, "seconds": 24807}
{"event": "progress", "epoch": 125, "step": 600, "loss": -13.492119655187153, "seconds": 24818}
{"event": "progress", "epoch": 125, "step": 650, "loss": -15.394811989400626, "seconds": 24828}
{"event": "progress", "epoch": 125, "step": 700, "loss": -14.337086823682306, "seconds": 24839}
{"event": "progress", "epoch": 125, "step": 750, "loss": -14.964938204034755, "seconds": 24849}
{"event": "progress", "epoch": 125, "step": 800, "loss": -13.332756339697909, "seconds": 24859}
{"event": "progress", "epoch": 125, "step": 850, "loss": -13.788732234701332, "seconds": 24870}
{"event": "progress", "epoch": 125, "step": 900, "loss": -14.720631093066967, "seconds": 24880}
{"event": "epoch", "epoch": 125, "phase": "float", "loss": -14.88440210727275, "seconds": 192.94287931500003, "elapsed_seconds": 24882.160146372, "learning_rate": 1e-05, "utterances": 770, "total_utterances": 770, "invalid_utterances": 0, "noisy_si_sdr": 6.016738904979767, "si_sdr": 13.793158747733646, "si_sdri": 7.776419842753878, "best_si_sdri": 7.796297383165334}
{"event": "progress", "epoch": 126, "step": 0, "loss": -12.8845223982393, "seconds": 24883}
{"event": "progress", "epoch": 126, "step": 50, "loss": -14.33341195873296, "seconds": 24893}
{"event": "progress", "epoch": 126, "step": 100, "loss": -16.342815421024905, "seconds": 24904}
{"event": "progress", "epoch": 126, "step": 150, "loss": -15.463722438582609, "seconds": 24915}
{"event": "progress", "epoch": 126, "step": 200, "loss": -16.397525821624445, "seconds": 24926}
{"event": "progress", "epoch": 126, "step": 250, "loss": -13.269358858279917, "seconds": 24936}
{"event": "progress", "epoch": 126, "step": 300, "loss": -14.709696777770244, "seconds": 24947}
{"event": "progress", "epoch": 126, "step": 350, "loss": -13.720370660180897, "seconds": 24958}
{"event": "progress", "epoch": 126, "step": 400, "loss": -17.15328682619939, "seconds": 24968}
{"event": "progress", "epoch": 126, "step": 450, "loss": -15.478185366527786, "seconds": 24979}
{"event": "progress", "epoch": 126, "step": 500, "loss": -15.441762033244007, "seconds": 24989}
{"event": "progress", "epoch": 126, "step": 550, "loss": -19.190186939667143, "seconds": 25000}
{"event": "progress", "epoch": 126, "step": 600, "loss": -16.84888085601701, "seconds": 25010}
{"event": "progress", "epoch": 126, "step": 650, "loss": -16.610366438108294, "seconds": 25021}
{"event": "progress", "epoch": 126, "step": 700, "loss": -16.444312245353096, "seconds": 25031}
{"event": "progress", "epoch": 126, "step": 750, "loss": -13.211707525782604, "seconds": 25041}
{"event": "progress", "epoch": 126, "step": 800, "loss": -14.366003656121126, "seconds": 25051}
{"event": "progress", "epoch": 126, "step": 850, "loss": -13.48005949614656, "seconds": 25062}
{"event": "progress", "epoch": 126, "step": 900, "loss": -12.55836328794177, "seconds": 25072}
{"event": "epoch", "epoch": 126, "phase": "float", "loss": -15.112953497417145, "seconds": 192.00178028700248, "elapsed_seconds": 25074.218073739998, "learning_rate": 1e-05, "utterances": 770, "total_utterances": 770, "invalid_utterances": 0, "noisy_si_sdr": 6.016738904979767, "si_sdr": 13.783514301849257, "si_sdri": 7.76677539686949, "best_si_sdri": 7.796297383165334}
{"event": "progress", "epoch": 127, "step": 0, "loss": -15.511032528746284, "seconds": 25075}
{"event": "progress", "epoch": 127, "step": 50, "loss": -15.217337888483238, "seconds": 25085}
{"event": "progress", "epoch": 127, "step": 100, "loss": -15.107703546106904, "seconds": 25096}
{"event": "progress", "epoch": 127, "step": 150, "loss": -15.886346443067666, "seconds": 25106}
{"event": "progress", "epoch": 127, "step": 200, "loss": -15.971936299361904, "seconds": 25117}
{"event": "progress", "epoch": 127, "step": 250, "loss": -16.349128718868045, "seconds": 25127}
{"event": "progress", "epoch": 127, "step": 300, "loss": -14.056138610079064, "seconds": 25138}
{"event": "progress", "epoch": 127, "step": 350, "loss": -15.96037219000502, "seconds": 25148}
{"event": "progress", "epoch": 127, "step": 400, "loss": -16.068009805394368, "seconds": 25159}
{"event": "progress", "epoch": 127, "step": 450, "loss": -14.190579808652778, "seconds": 25169}
{"event": "progress", "epoch": 127, "step": 500, "loss": -13.782958388135146, "seconds": 25180}
{"event": "progress", "epoch": 127, "step": 550, "loss": -14.391034701497716, "seconds": 25190}
{"event": "progress", "epoch": 127, "step": 600, "loss": -12.241521335376422, "seconds": 25201}
{"event": "progress", "epoch": 127, "step": 650, "loss": -14.240618205134753, "seconds": 25211}
{"event": "progress", "epoch": 127, "step": 700, "loss": -16.443311417256332, "seconds": 25222}
{"event": "progress", "epoch": 127, "step": 750, "loss": -15.216727660673026, "seconds": 25231}
{"event": "progress", "epoch": 127, "step": 800, "loss": -15.732520530140281, "seconds": 25242}
{"event": "progress", "epoch": 127, "step": 850, "loss": -16.271269890340317, "seconds": 25252}
{"event": "progress", "epoch": 127, "step": 900, "loss": -13.97877420775534, "seconds": 25263}
{"event": "epoch", "epoch": 127, "phase": "float", "loss": -14.984493933296251, "seconds": 190.79040663699925, "elapsed_seconds": 25265.066247127, "learning_rate": 1e-05, "utterances": 770, "total_utterances": 770, "invalid_utterances": 0, "noisy_si_sdr": 6.016738904979767, "si_sdr": 13.793897691033294, "si_sdri": 7.777158786053528, "best_si_sdri": 7.796297383165334}
{"event": "progress", "epoch": 128, "step": 0, "loss": -16.24090352621952, "seconds": 25266}
{"event": "progress", "epoch": 128, "step": 50, "loss": -17.26918149927219, "seconds": 25276}
{"event": "progress", "epoch": 128, "step": 100, "loss": -13.898562993846959, "seconds": 25287}
{"event": "progress", "epoch": 128, "step": 150, "loss": -17.18745825829955, "seconds": 25297}
{"event": "progress", "epoch": 128, "step": 200, "loss": -17.62258071127019, "seconds": 25308}
{"event": "progress", "epoch": 128, "step": 250, "loss": -15.659738893328154, "seconds": 25318}
{"event": "progress", "epoch": 128, "step": 300, "loss": -15.170244642635637, "seconds": 25329}
{"event": "progress", "epoch": 128, "step": 350, "loss": -13.926083826024797, "seconds": 25339}
{"event": "progress", "epoch": 128, "step": 400, "loss": -17.822848027315516, "seconds": 25350}
{"event": "progress", "epoch": 128, "step": 450, "loss": -13.99327270355612, "seconds": 25360}
{"event": "progress", "epoch": 128, "step": 500, "loss": -13.772150650785363, "seconds": 25371}
{"event": "progress", "epoch": 128, "step": 550, "loss": -14.952549077397496, "seconds": 25381}
{"event": "progress", "epoch": 128, "step": 600, "loss": -14.687219364370709, "seconds": 25392}
{"event": "progress", "epoch": 128, "step": 650, "loss": -17.888247128528782, "seconds": 25402}
{"event": "progress", "epoch": 128, "step": 700, "loss": -12.204955315177124, "seconds": 25413}
{"event": "progress", "epoch": 128, "step": 750, "loss": -13.382909701559663, "seconds": 25422}
{"event": "progress", "epoch": 128, "step": 800, "loss": -14.164055197965435, "seconds": 25433}
{"event": "progress", "epoch": 128, "step": 850, "loss": -16.294741180198073, "seconds": 25444}
{"event": "progress", "epoch": 128, "step": 900, "loss": -13.669979916792325, "seconds": 25454}
{"event": "epoch", "epoch": 128, "phase": "float", "loss": -14.971902512608725, "seconds": 191.03966984200088, "elapsed_seconds": 25456.160798246998, "learning_rate": 1e-05, "utterances": 770, "total_utterances": 770, "invalid_utterances": 0, "noisy_si_sdr": 6.016738904979767, "si_sdr": 13.784527599434824, "si_sdri": 7.767788694455058, "best_si_sdri": 7.796297383165334}
{"event": "progress", "epoch": 129, "step": 0, "loss": -10.608033966144347, "seconds": 25457}
{"event": "progress", "epoch": 129, "step": 50, "loss": -14.601932934804466, "seconds": 25467}
{"event": "progress", "epoch": 129, "step": 100, "loss": -13.210068966186265, "seconds": 25478}
{"event": "progress", "epoch": 129, "step": 150, "loss": -13.047197879808161, "seconds": 25488}
{"event": "progress", "epoch": 129, "step": 200, "loss": -18.050111402259407, "seconds": 25499}
{"event": "progress", "epoch": 129, "step": 250, "loss": -15.340042425071037, "seconds": 25509}
{"event": "progress", "epoch": 129, "step": 300, "loss": -19.11167651677464, "seconds": 25520}
{"event": "progress", "epoch": 129, "step": 350, "loss": -15.86785390826391, "seconds": 25530}
{"event": "progress", "epoch": 129, "step": 400, "loss": -14.217525841421509, "seconds": 25541}
{"event": "progress", "epoch": 129, "step": 450, "loss": -15.362481415400875, "seconds": 25551}
{"event": "progress", "epoch": 129, "step": 500, "loss": -15.751031600498923, "seconds": 25562}
{"event": "progress", "epoch": 129, "step": 550, "loss": -14.266986056463082, "seconds": 25572}
{"event": "progress", "epoch": 129, "step": 600, "loss": -15.883944862025936, "seconds": 25583}
{"event": "progress", "epoch": 129, "step": 650, "loss": -16.564627323978605, "seconds": 25593}
{"event": "progress", "epoch": 129, "step": 700, "loss": -18.035692794650497, "seconds": 25604}
{"event": "progress", "epoch": 129, "step": 750, "loss": -16.701586286729473, "seconds": 25613}
{"event": "progress", "epoch": 129, "step": 800, "loss": -13.258286526883992, "seconds": 25624}
{"event": "progress", "epoch": 129, "step": 850, "loss": -17.8682548734461, "seconds": 25634}
{"event": "progress", "epoch": 129, "step": 900, "loss": -11.74977557365624, "seconds": 25645}
{"event": "epoch", "epoch": 129, "phase": "float", "loss": -15.031112500177434, "seconds": 190.8251892849985, "elapsed_seconds": 25647.040456172, "learning_rate": 1e-05, "utterances": 770, "total_utterances": 770, "invalid_utterances": 0, "noisy_si_sdr": 6.016738904979767, "si_sdr": 13.754771033422076, "si_sdri": 7.738032128442308, "best_si_sdri": 7.796297383165334}
{"event": "progress", "epoch": 130, "step": 0, "loss": -14.6600601676847, "seconds": 25648}
{"event": "progress", "epoch": 130, "step": 50, "loss": -12.671531113619437, "seconds": 25658}
{"event": "progress", "epoch": 130, "step": 100, "loss": -12.19393485107569, "seconds": 25669}
{"event": "progress", "epoch": 130, "step": 150, "loss": -16.04596623006836, "seconds": 25679}
{"event": "progress", "epoch": 130, "step": 200, "loss": -14.243497742872684, "seconds": 25690}
{"event": "progress", "epoch": 130, "step": 250, "loss": -13.729565751313714, "seconds": 25700}
{"event": "progress", "epoch": 130, "step": 300, "loss": -16.95834289071709, "seconds": 25711}
{"event": "progress", "epoch": 130, "step": 350, "loss": -14.325892193942119, "seconds": 25721}
{"event": "progress", "epoch": 130, "step": 400, "loss": -14.545588371154901, "seconds": 25732}
{"event": "progress", "epoch": 130, "step": 450, "loss": -14.341348351568858, "seconds": 25742}
{"event": "progress", "epoch": 130, "step": 500, "loss": -13.628798055837757, "seconds": 25753}
{"event": "progress", "epoch": 130, "step": 550, "loss": -16.516573333834792, "seconds": 25763}
{"event": "progress", "epoch": 130, "step": 600, "loss": -15.550029411689374, "seconds": 25774}
{"event": "progress", "epoch": 130, "step": 650, "loss": -16.504966941746474, "seconds": 25784}
{"event": "progress", "epoch": 130, "step": 700, "loss": -13.788695761219689, "seconds": 25795}
{"event": "progress", "epoch": 130, "step": 750, "loss": -14.604475980659103, "seconds": 25804}
{"event": "progress", "epoch": 130, "step": 800, "loss": -17.99934305058666, "seconds": 25815}
{"event": "progress", "epoch": 130, "step": 850, "loss": -13.919800271483718, "seconds": 25825}
{"event": "progress", "epoch": 130, "step": 900, "loss": -14.35959948970006, "seconds": 25836}
{"event": "epoch", "epoch": 130, "phase": "float", "loss": -14.97614509532802, "seconds": 191.05881470200256, "elapsed_seconds": 25838.160310029998, "learning_rate": 1e-05, "utterances": 770, "total_utterances": 770, "invalid_utterances": 0, "noisy_si_sdr": 6.016738904979767, "si_sdr": 13.801511345537593, "si_sdri": 7.784772440557826, "best_si_sdri": 7.796297383165334}
{"event": "progress", "epoch": 131, "step": 0, "loss": -13.615677563309292, "seconds": 25839}
{"event": "progress", "epoch": 131, "step": 50, "loss": -15.348278493849588, "seconds": 25849}
{"event": "progress", "epoch": 131, "step": 100, "loss": -15.447599101728978, "seconds": 25860}
{"event": "progress", "epoch": 131, "step": 150, "loss": -15.13745880250442, "seconds": 25871}
{"event": "progress", "epoch": 131, "step": 200, "loss": -14.560968343115094, "seconds": 25881}
{"event": "progress", "epoch": 131, "step": 250, "loss": -13.509683430472066, "seconds": 25892}
{"event": "progress", "epoch": 131, "step": 300, "loss": -17.781958069419396, "seconds": 25902}
{"event": "progress", "epoch": 131, "step": 350, "loss": -15.06822260185227, "seconds": 25913}
{"event": "progress", "epoch": 131, "step": 400, "loss": -12.677066818772788, "seconds": 25923}
{"event": "progress", "epoch": 131, "step": 450, "loss": -12.783108941331935, "seconds": 25934}
{"event": "progress", "epoch": 131, "step": 500, "loss": -15.43896220471797, "seconds": 25944}
{"event": "progress", "epoch": 131, "step": 550, "loss": -14.726589398130326, "seconds": 25955}
{"event": "progress", "epoch": 131, "step": 600, "loss": -15.378036268738237, "seconds": 25965}
{"event": "progress", "epoch": 131, "step": 650, "loss": -18.38357303158088, "seconds": 25976}
{"event": "progress", "epoch": 131, "step": 700, "loss": -16.440312649437875, "seconds": 25986}
{"event": "progress", "epoch": 131, "step": 750, "loss": -15.347789295842684, "seconds": 25996}
{"event": "progress", "epoch": 131, "step": 800, "loss": -14.965292088262089, "seconds": 26006}
{"event": "progress", "epoch": 131, "step": 850, "loss": -12.84955509814954, "seconds": 26017}
{"event": "progress", "epoch": 131, "step": 900, "loss": -7.368473237397437, "seconds": 26027}
{"event": "epoch", "epoch": 131, "phase": "float", "loss": -14.942444334515281, "seconds": 191.35039644900098, "elapsed_seconds": 26029.574889994, "learning_rate": 1e-05, "utterances": 770, "total_utterances": 770, "invalid_utterances": 0, "noisy_si_sdr": 6.016738904979767, "si_sdr": 13.767908973040537, "si_sdri": 7.7511700680607705, "best_si_sdri": 7.796297383165334}
{"event": "progress", "epoch": 132, "step": 0, "loss": -16.065521106070086, "seconds": 26030}
{"event": "progress", "epoch": 132, "step": 50, "loss": -14.26801567325145, "seconds": 26041}
{"event": "progress", "epoch": 132, "step": 100, "loss": -14.35383808862158, "seconds": 26051}
{"event": "progress", "epoch": 132, "step": 150, "loss": -14.376363773484366, "seconds": 26062}
{"event": "progress", "epoch": 132, "step": 200, "loss": -15.412411690368723, "seconds": 26072}
{"event": "progress", "epoch": 132, "step": 250, "loss": -13.355424533975299, "seconds": 26083}
{"event": "progress", "epoch": 132, "step": 300, "loss": -16.75867044293266, "seconds": 26093}
{"event": "progress", "epoch": 132, "step": 350, "loss": -15.644910226715158, "seconds": 26104}
{"event": "progress", "epoch": 132, "step": 400, "loss": -15.214653846024335, "seconds": 26114}
{"event": "progress", "epoch": 132, "step": 450, "loss": -17.366507480835097, "seconds": 26125}
{"event": "progress", "epoch": 132, "step": 500, "loss": -15.451362138911161, "seconds": 26135}
{"event": "progress", "epoch": 132, "step": 550, "loss": -18.49777300327262, "seconds": 26146}
{"event": "progress", "epoch": 132, "step": 600, "loss": -16.018829894346858, "seconds": 26156}
{"event": "progress", "epoch": 132, "step": 650, "loss": -14.376383701656351, "seconds": 26167}
{"event": "progress", "epoch": 132, "step": 700, "loss": -14.749703666098785, "seconds": 26177}
{"event": "progress", "epoch": 132, "step": 750, "loss": -11.722375445981545, "seconds": 26187}
{"event": "progress", "epoch": 132, "step": 800, "loss": -13.025740670379678, "seconds": 26197}
{"event": "progress", "epoch": 132, "step": 850, "loss": -14.339653599483947, "seconds": 26208}
{"event": "progress", "epoch": 132, "step": 900, "loss": -16.425523816884922, "seconds": 26218}
{"event": "epoch", "epoch": 132, "phase": "float", "loss": -15.01060786036562, "seconds": 190.90186294200248, "elapsed_seconds": 26220.531047728, "learning_rate": 1e-05, "utterances": 770, "total_utterances": 770, "invalid_utterances": 0, "noisy_si_sdr": 6.016738904979767, "si_sdr": 13.804996862766437, "si_sdri": 7.788257957786668, "best_si_sdri": 7.796297383165334}
{"event": "progress", "epoch": 133, "step": 0, "loss": -18.365270611439048, "seconds": 26221}
{"event": "progress", "epoch": 133, "step": 50, "loss": -15.806441158963807, "seconds": 26232}
{"event": "progress", "epoch": 133, "step": 100, "loss": -14.308521788639874, "seconds": 26242}
{"event": "progress", "epoch": 133, "step": 150, "loss": -13.843530087687826, "seconds": 26253}
{"event": "progress", "epoch": 133, "step": 200, "loss": -17.48131881858852, "seconds": 26263}
{"event": "progress", "epoch": 133, "step": 250, "loss": -14.983601489335578, "seconds": 26274}
{"event": "progress", "epoch": 133, "step": 300, "loss": -15.353219414200483, "seconds": 26284}
{"event": "progress", "epoch": 133, "step": 350, "loss": -14.212048941721026, "seconds": 26295}
{"event": "progress", "epoch": 133, "step": 400, "loss": -14.804131504274256, "seconds": 26305}
{"event": "progress", "epoch": 133, "step": 450, "loss": -14.580743841678075, "seconds": 26316}
{"event": "progress", "epoch": 133, "step": 500, "loss": -14.914220659607277, "seconds": 26326}
{"event": "progress", "epoch": 133, "step": 550, "loss": -15.49477520469354, "seconds": 26337}
{"event": "progress", "epoch": 133, "step": 600, "loss": -14.966340996860973, "seconds": 26348}
{"event": "progress", "epoch": 133, "step": 650, "loss": -15.328330996240002, "seconds": 26358}
{"event": "progress", "epoch": 133, "step": 700, "loss": -16.162245317215877, "seconds": 26369}
{"event": "progress", "epoch": 133, "step": 750, "loss": -14.61406106123871, "seconds": 26378}
{"event": "progress", "epoch": 133, "step": 800, "loss": -14.256906442805246, "seconds": 26389}
{"event": "progress", "epoch": 133, "step": 850, "loss": -14.519535379689255, "seconds": 26400}
{"event": "progress", "epoch": 133, "step": 900, "loss": -13.634965662051837, "seconds": 26410}
{"event": "epoch", "epoch": 133, "phase": "float", "loss": -15.130807643427891, "seconds": 191.65039974700267, "elapsed_seconds": 26412.238435353, "learning_rate": 1e-05, "utterances": 770, "total_utterances": 770, "invalid_utterances": 0, "noisy_si_sdr": 6.016738904979767, "si_sdr": 13.81300307976861, "si_sdri": 7.796264174788844, "best_si_sdri": 7.796297383165334}
{"event": "progress", "epoch": 134, "step": 0, "loss": -13.574561482564892, "seconds": 26413}
{"event": "progress", "epoch": 134, "step": 50, "loss": -13.413386571478378, "seconds": 26424}
{"event": "progress", "epoch": 134, "step": 100, "loss": -15.744886620651389, "seconds": 26434}
{"event": "progress", "epoch": 134, "step": 150, "loss": -16.044371666497792, "seconds": 26445}
{"event": "progress", "epoch": 134, "step": 200, "loss": -17.38739033582176, "seconds": 26456}
{"event": "progress", "epoch": 134, "step": 250, "loss": -16.800946266871332, "seconds": 26467}
{"event": "progress", "epoch": 134, "step": 300, "loss": -14.139857946476614, "seconds": 26477}
{"event": "progress", "epoch": 134, "step": 350, "loss": -16.769024193075218, "seconds": 26488}
{"event": "progress", "epoch": 134, "step": 400, "loss": -15.99881175342692, "seconds": 26498}
{"event": "progress", "epoch": 134, "step": 450, "loss": -16.078282358398415, "seconds": 26509}
{"event": "progress", "epoch": 134, "step": 500, "loss": -16.073306939275326, "seconds": 26519}
{"event": "progress", "epoch": 134, "step": 550, "loss": -14.698444022202917, "seconds": 26530}
{"event": "progress", "epoch": 134, "step": 600, "loss": -17.25211223349093, "seconds": 26540}
{"event": "progress", "epoch": 134, "step": 650, "loss": -17.152227433922178, "seconds": 26551}
{"event": "progress", "epoch": 134, "step": 700, "loss": -13.181913747387032, "seconds": 26561}
{"event": "progress", "epoch": 134, "step": 750, "loss": -12.460673489931617, "seconds": 26571}
{"event": "progress", "epoch": 134, "step": 800, "loss": -17.522736820296572, "seconds": 26582}
{"event": "progress", "epoch": 134, "step": 850, "loss": -13.32889762448459, "seconds": 26592}
{"event": "progress", "epoch": 134, "step": 900, "loss": -17.55184191632536, "seconds": 26603}
{"event": "epoch", "epoch": 134, "phase": "float", "loss": -14.968540984719326, "seconds": 192.56845546399563, "elapsed_seconds": 26604.87769111, "learning_rate": 1e-05, "utterances": 770, "total_utterances": 770, "invalid_utterances": 0, "noisy_si_sdr": 6.016738904979767, "si_sdr": 13.802652048994624, "si_sdri": 7.785913144014856, "best_si_sdri": 7.796297383165334}
{"event": "progress", "epoch": 135, "step": 0, "loss": -18.034178444979794, "seconds": 26605}
{"event": "progress", "epoch": 135, "step": 50, "loss": -16.606911472865484, "seconds": 26616}
{"event": "progress", "epoch": 135, "step": 100, "loss": -15.14429083689183, "seconds": 26626}
{"event": "progress", "epoch": 135, "step": 150, "loss": -15.780569552804543, "seconds": 26637}
{"event": "progress", "epoch": 135, "step": 200, "loss": -13.875840923693781, "seconds": 26647}
{"event": "progress", "epoch": 135, "step": 250, "loss": -15.46026671920756, "seconds": 26658}
{"event": "progress", "epoch": 135, "step": 300, "loss": -13.382089625520308, "seconds": 26668}
{"event": "progress", "epoch": 135, "step": 350, "loss": -15.678268145107404, "seconds": 26679}
{"event": "progress", "epoch": 135, "step": 400, "loss": -15.061604471606774, "seconds": 26689}
{"event": "progress", "epoch": 135, "step": 450, "loss": -12.962414449395974, "seconds": 26700}
{"event": "progress", "epoch": 135, "step": 500, "loss": -15.730169246640536, "seconds": 26710}
{"event": "progress", "epoch": 135, "step": 550, "loss": -15.138215939965542, "seconds": 26721}
{"event": "progress", "epoch": 135, "step": 600, "loss": -15.770613991129284, "seconds": 26731}
{"event": "progress", "epoch": 135, "step": 650, "loss": -14.429892353447912, "seconds": 26742}
{"event": "progress", "epoch": 135, "step": 700, "loss": -16.934858795784752, "seconds": 26753}
{"event": "progress", "epoch": 135, "step": 750, "loss": -14.101081837204356, "seconds": 26762}
{"event": "progress", "epoch": 135, "step": 800, "loss": -13.599496360822025, "seconds": 26773}
{"event": "progress", "epoch": 135, "step": 850, "loss": -14.702425916457756, "seconds": 26783}
{"event": "progress", "epoch": 135, "step": 900, "loss": -11.384697884027632, "seconds": 26794}
{"event": "epoch", "epoch": 135, "phase": "float", "loss": -14.975210560628852, "seconds": 190.92652923599962, "elapsed_seconds": 26795.858397677002, "learning_rate": 1e-05, "utterances": 770, "total_utterances": 770, "invalid_utterances": 0, "noisy_si_sdr": 6.016738904979767, "si_sdr": 13.808595814065393, "si_sdri": 7.7918569090856264, "best_si_sdri": 7.796297383165334}
{"event": "progress", "epoch": 136, "step": 0, "loss": -14.760517738131721, "seconds": 26796}
{"event": "progress", "epoch": 136, "step": 50, "loss": -15.552130995883676, "seconds": 26807}
{"event": "progress", "epoch": 136, "step": 100, "loss": -17.709279664793897, "seconds": 26818}
{"event": "progress", "epoch": 136, "step": 150, "loss": -12.848645805144004, "seconds": 26829}
{"event": "progress", "epoch": 136, "step": 200, "loss": -15.012894593801258, "seconds": 26839}
{"event": "progress", "epoch": 136, "step": 250, "loss": -16.725933883690505, "seconds": 26850}
{"event": "progress", "epoch": 136, "step": 300, "loss": -13.980984523741952, "seconds": 26860}
{"event": "progress", "epoch": 136, "step": 350, "loss": -15.643812480815889, "seconds": 26871}
{"event": "progress", "epoch": 136, "step": 400, "loss": -15.461861231969545, "seconds": 26881}
{"event": "progress", "epoch": 136, "step": 450, "loss": -14.235529060423644, "seconds": 26892}
{"event": "progress", "epoch": 136, "step": 500, "loss": -15.256712187656259, "seconds": 26902}
{"event": "progress", "epoch": 136, "step": 550, "loss": -14.35335060406932, "seconds": 26913}
{"event": "progress", "epoch": 136, "step": 600, "loss": -14.68596219751879, "seconds": 26924}
{"event": "progress", "epoch": 136, "step": 650, "loss": -16.967283305974846, "seconds": 26934}
{"event": "progress", "epoch": 136, "step": 700, "loss": -15.909702742083951, "seconds": 26945}
{"event": "progress", "epoch": 136, "step": 750, "loss": -15.014387722143574, "seconds": 26954}
{"event": "progress", "epoch": 136, "step": 800, "loss": -12.628236567209541, "seconds": 26965}
{"event": "progress", "epoch": 136, "step": 850, "loss": -14.600897678083715, "seconds": 26975}
{"event": "progress", "epoch": 136, "step": 900, "loss": -14.080936932182782, "seconds": 26985}
{"event": "epoch", "epoch": 136, "phase": "float", "loss": -15.107368080500802, "seconds": 191.81300742099847, "elapsed_seconds": 26987.738989059, "learning_rate": 1e-05, "utterances": 770, "total_utterances": 770, "invalid_utterances": 0, "noisy_si_sdr": 6.016738904979767, "si_sdr": 13.79590643813986, "si_sdri": 7.779167533160093, "best_si_sdri": 7.796297383165334}
{"event": "progress", "epoch": 137, "step": 0, "loss": -15.566537895662812, "seconds": 26988}
{"event": "progress", "epoch": 137, "step": 50, "loss": -17.22770232153592, "seconds": 26999}
{"event": "progress", "epoch": 137, "step": 100, "loss": -16.234805638922722, "seconds": 27009}
{"event": "progress", "epoch": 137, "step": 150, "loss": -13.46400391136036, "seconds": 27020}
{"event": "progress", "epoch": 137, "step": 200, "loss": -14.79368146782873, "seconds": 27030}
{"event": "progress", "epoch": 137, "step": 250, "loss": -15.188732282238457, "seconds": 27041}
{"event": "progress", "epoch": 137, "step": 300, "loss": -15.848950310633683, "seconds": 27051}
{"event": "progress", "epoch": 137, "step": 350, "loss": -14.601568250596005, "seconds": 27062}
{"event": "progress", "epoch": 137, "step": 400, "loss": -16.600068816891316, "seconds": 27072}
{"event": "progress", "epoch": 137, "step": 450, "loss": -14.726671440357311, "seconds": 27083}
{"event": "progress", "epoch": 137, "step": 500, "loss": -13.267626660945115, "seconds": 27093}
{"event": "progress", "epoch": 137, "step": 550, "loss": -17.260654216047485, "seconds": 27104}
{"event": "progress", "epoch": 137, "step": 600, "loss": -13.429970214961084, "seconds": 27114}
{"event": "progress", "epoch": 137, "step": 650, "loss": -16.202502725822715, "seconds": 27125}
{"event": "progress", "epoch": 137, "step": 700, "loss": -14.561339900052321, "seconds": 27135}
{"event": "progress", "epoch": 137, "step": 750, "loss": -13.969513165387603, "seconds": 27145}
{"event": "progress", "epoch": 137, "step": 800, "loss": -13.875956683586423, "seconds": 27156}
{"event": "progress", "epoch": 137, "step": 850, "loss": -13.1266853721208, "seconds": 27166}
{"event": "progress", "epoch": 137, "step": 900, "loss": -9.986768875395697, "seconds": 27177}
{"event": "epoch", "epoch": 137, "phase": "float", "loss": -15.095908928320895, "seconds": 191.02580106200185, "elapsed_seconds": 27178.819255613, "learning_rate": 1e-05, "utterances": 770, "total_utterances": 770, "invalid_utterances": 0, "noisy_si_sdr": 6.016738904979767, "si_sdr": 13.806092981374576, "si_sdri": 7.789354076394808, "best_si_sdri": 7.796297383165334}
{"event": "progress", "epoch": 138, "step": 0, "loss": -15.266552945464605, "seconds": 27179}
{"event": "progress", "epoch": 138, "step": 50, "loss": -14.319262891179918, "seconds": 27190}
{"event": "progress", "epoch": 138, "step": 100, "loss": -16.54750963726392, "seconds": 27200}
{"event": "progress", "epoch": 138, "step": 150, "loss": -13.27090016433856, "seconds": 27211}
{"event": "progress", "epoch": 138, "step": 200, "loss": -15.007079673642467, "seconds": 27221}
{"event": "progress", "epoch": 138, "step": 250, "loss": -12.354974631195873, "seconds": 27232}
{"event": "progress", "epoch": 138, "step": 300, "loss": -16.444436123396944, "seconds": 27242}
{"event": "progress", "epoch": 138, "step": 350, "loss": -16.13461079948086, "seconds": 27253}
{"event": "progress", "epoch": 138, "step": 400, "loss": -13.081583232012784, "seconds": 27263}
{"event": "progress", "epoch": 138, "step": 450, "loss": -14.029493646306344, "seconds": 27274}
{"event": "progress", "epoch": 138, "step": 500, "loss": -14.938093078901836, "seconds": 27284}
{"event": "progress", "epoch": 138, "step": 550, "loss": -12.399861920977672, "seconds": 27295}
{"event": "progress", "epoch": 138, "step": 600, "loss": -15.618236078590087, "seconds": 27305}
{"event": "progress", "epoch": 138, "step": 650, "loss": -12.917430518644792, "seconds": 27316}
{"event": "progress", "epoch": 138, "step": 700, "loss": -13.171238845829878, "seconds": 27326}
{"event": "progress", "epoch": 138, "step": 750, "loss": -15.622233210201752, "seconds": 27336}
{"event": "progress", "epoch": 138, "step": 800, "loss": -15.33977496826391, "seconds": 27347}
{"event": "progress", "epoch": 138, "step": 850, "loss": -13.901379886829128, "seconds": 27357}
{"event": "progress", "epoch": 138, "step": 900, "loss": -13.877935631725546, "seconds": 27368}
{"event": "epoch", "epoch": 138, "phase": "float", "loss": -15.017853968909147, "seconds": 191.60216467000282, "elapsed_seconds": 27370.484430359997, "learning_rate": 1e-05, "utterances": 770, "total_utterances": 770, "invalid_utterances": 0, "noisy_si_sdr": 6.016738904979767, "si_sdr": 13.796024655731038, "si_sdri": 7.7792857507512725, "best_si_sdri": 7.796297383165334}
{"event": "progress", "epoch": 139, "step": 0, "loss": -13.178708789003084, "seconds": 27371}
{"event": "progress", "epoch": 139, "step": 50, "loss": -13.243979206646433, "seconds": 27382}
{"event": "progress", "epoch": 139, "step": 100, "loss": -17.857953074499562, "seconds": 27393}
{"event": "progress", "epoch": 139, "step": 150, "loss": -13.363148881920871, "seconds": 27403}
{"event": "progress", "epoch": 139, "step": 200, "loss": -16.228342271142154, "seconds": 27414}
{"event": "progress", "epoch": 139, "step": 250, "loss": -16.787769175512494, "seconds": 27425}
{"event": "progress", "epoch": 139, "step": 300, "loss": -14.676434533228532, "seconds": 27435}
{"event": "progress", "epoch": 139, "step": 350, "loss": -17.56454505387515, "seconds": 27446}
{"event": "progress", "epoch": 139, "step": 400, "loss": -14.161561472216626, "seconds": 27456}
{"event": "progress", "epoch": 139, "step": 450, "loss": -14.387422381679585, "seconds": 27467}
{"event": "progress", "epoch": 139, "step": 500, "loss": -13.688133524070441, "seconds": 27477}
{"event": "progress", "epoch": 139, "step": 550, "loss": -15.743478482324765, "seconds": 27488}
{"event": "progress", "epoch": 139, "step": 600, "loss": -13.94280906475446, "seconds": 27498}
{"event": "progress", "epoch": 139, "step": 650, "loss": -15.390487281874492, "seconds": 27509}
{"event": "progress", "epoch": 139, "step": 700, "loss": -14.920183089460112, "seconds": 27519}
{"event": "progress", "epoch": 139, "step": 750, "loss": -15.37753004314948, "seconds": 27529}
{"event": "progress", "epoch": 139, "step": 800, "loss": -15.247704478499688, "seconds": 27539}
{"event": "progress", "epoch": 139, "step": 850, "loss": -15.798403300836151, "seconds": 27550}
{"event": "progress", "epoch": 139, "step": 900, "loss": -10.273828594525092, "seconds": 27560}
{"event": "epoch", "epoch": 139, "phase": "float", "loss": -15.08816625966654, "seconds": 191.84921889099496, "elapsed_seconds": 27562.390943223, "learning_rate": 1e-05, "utterances": 770, "total_utterances": 770, "invalid_utterances": 0, "noisy_si_sdr": 6.016738904979767, "si_sdr": 13.80032313240617, "si_sdri": 7.7835842274264015, "best_si_sdri": 7.796297383165334}
{"event": "progress", "epoch": 140, "step": 0, "loss": -15.754404050042526, "seconds": 27563}
{"event": "progress", "epoch": 140, "step": 50, "loss": -15.091428109209652, "seconds": 27573}
{"event": "progress", "epoch": 140, "step": 100, "loss": -16.58721321037172, "seconds": 27584}
{"event": "progress", "epoch": 140, "step": 150, "loss": -16.264264122719904, "seconds": 27594}
{"event": "progress", "epoch": 140, "step": 200, "loss": -15.659881660955861, "seconds": 27605}
{"event": "progress", "epoch": 140, "step": 250, "loss": -13.676077902717772, "seconds": 27615}
{"event": "progress", "epoch": 140, "step": 300, "loss": -16.39302960972381, "seconds": 27626}
{"event": "progress", "epoch": 140, "step": 350, "loss": -13.342954209074954, "seconds": 27636}
{"event": "progress", "epoch": 140, "step": 400, "loss": -14.764765135454272, "seconds": 27647}
{"event": "progress", "epoch": 140, "step": 450, "loss": -13.242698137088787, "seconds": 27657}
{"event": "progress", "epoch": 140, "step": 500, "loss": -15.759296569668338, "seconds": 27668}
{"event": "progress", "epoch": 140, "step": 550, "loss": -16.194066575301594, "seconds": 27678}
{"event": "progress", "epoch": 140, "step": 600, "loss": -16.20704066548864, "seconds": 27689}
{"event": "progress", "epoch": 140, "step": 650, "loss": -15.071894583419283, "seconds": 27699}
{"event": "progress", "epoch": 140, "step": 700, "loss": -14.22037844563025, "seconds": 27710}
{"event": "progress", "epoch": 140, "step": 750, "loss": -16.564217638219446, "seconds": 27720}
{"event": "progress", "epoch": 140, "step": 800, "loss": -17.840810528853254, "seconds": 27730}
{"event": "progress", "epoch": 140, "step": 850, "loss": -13.73509088452333, "seconds": 27741}
{"event": "progress", "epoch": 140, "step": 900, "loss": -12.43535687883304, "seconds": 27751}
{"event": "epoch", "epoch": 140, "phase": "float", "loss": -15.038769072105259, "seconds": 190.71043448599812, "elapsed_seconds": 27753.156783630002, "learning_rate": 1e-05, "utterances": 770, "total_utterances": 770, "invalid_utterances": 0, "noisy_si_sdr": 6.016738904979767, "si_sdr": 13.795067134110921, "si_sdri": 7.778328229131155, "best_si_sdri": 7.796297383165334}
{"event": "progress", "epoch": 141, "step": 0, "loss": -16.305831579633654, "seconds": 27754}
{"event": "progress", "epoch": 141, "step": 50, "loss": -12.478462164660975, "seconds": 27765}
{"event": "progress", "epoch": 141, "step": 100, "loss": -14.191765285236485, "seconds": 27776}
{"event": "progress", "epoch": 141, "step": 150, "loss": -14.661119789698393, "seconds": 27786}
{"event": "progress", "epoch": 141, "step": 200, "loss": -14.510880924026688, "seconds": 27797}
{"event": "progress", "epoch": 141, "step": 250, "loss": -19.210752981504672, "seconds": 27808}
{"event": "progress", "epoch": 141, "step": 300, "loss": -12.545514288734793, "seconds": 27819}
{"event": "progress", "epoch": 141, "step": 350, "loss": -15.791550990914171, "seconds": 27830}
{"event": "progress", "epoch": 141, "step": 400, "loss": -15.579685884330019, "seconds": 27840}
{"event": "progress", "epoch": 141, "step": 450, "loss": -15.686708894142194, "seconds": 27851}
{"event": "progress", "epoch": 141, "step": 500, "loss": -11.946610272968096, "seconds": 27861}
{"event": "progress", "epoch": 141, "step": 550, "loss": -15.291299099864762, "seconds": 27872}
{"event": "progress", "epoch": 141, "step": 600, "loss": -13.210912420683666, "seconds": 27882}
{"event": "progress", "epoch": 141, "step": 650, "loss": -13.328935436134401, "seconds": 27893}
{"event": "progress", "epoch": 141, "step": 700, "loss": -16.229103711511424, "seconds": 27903}
{"event": "progress", "epoch": 141, "step": 750, "loss": -17.559403539217175, "seconds": 27913}
{"event": "progress", "epoch": 141, "step": 800, "loss": -14.608764640652613, "seconds": 27924}
{"event": "progress", "epoch": 141, "step": 850, "loss": -13.523607481181637, "seconds": 27934}
{"event": "progress", "epoch": 141, "step": 900, "loss": -17.29670954028893, "seconds": 27945}
{"event": "epoch", "epoch": 141, "phase": "float", "loss": -14.944244350431491, "seconds": 193.558345903999, "elapsed_seconds": 27946.770283778, "learning_rate": 1e-05, "utterances": 770, "total_utterances": 770, "invalid_utterances": 0, "noisy_si_sdr": 6.016738904979767, "si_sdr": 13.802424736425335, "si_sdri": 7.785685831445568, "best_si_sdri": 7.796297383165334}
{"event": "progress", "epoch": 142, "step": 0, "loss": -13.481725719354971, "seconds": 27947}
{"event": "progress", "epoch": 142, "step": 50, "loss": -16.005653341254153, "seconds": 27958}
{"event": "progress", "epoch": 142, "step": 100, "loss": -16.522870034466855, "seconds": 27968}
{"event": "progress", "epoch": 142, "step": 150, "loss": -14.635700027802537, "seconds": 27979}
{"event": "progress", "epoch": 142, "step": 200, "loss": -17.838616279142283, "seconds": 27989}
{"event": "progress", "epoch": 142, "step": 250, "loss": -13.520796372436303, "seconds": 28000}
{"event": "progress", "epoch": 142, "step": 300, "loss": -15.328475694743924, "seconds": 28010}
{"event": "progress", "epoch": 142, "step": 350, "loss": -14.55956891382554, "seconds": 28021}
{"event": "progress", "epoch": 142, "step": 400, "loss": -16.286438584518724, "seconds": 28031}
{"event": "progress", "epoch": 142, "step": 450, "loss": -14.818674284299934, "seconds": 28042}
{"event": "progress", "epoch": 142, "step": 500, "loss": -16.83991817214443, "seconds": 28052}
{"event": "progress", "epoch": 142, "step": 550, "loss": -16.594297085478768, "seconds": 28063}
{"event": "progress", "epoch": 142, "step": 600, "loss": -14.471205576156963, "seconds": 28073}
{"event": "progress", "epoch": 142, "step": 650, "loss": -17.105984303956777, "seconds": 28084}
{"event": "progress", "epoch": 142, "step": 700, "loss": -15.654672149218396, "seconds": 28094}
{"event": "progress", "epoch": 142, "step": 750, "loss": -17.19577343744544, "seconds": 28104}
{"event": "progress", "epoch": 142, "step": 800, "loss": -17.45830947331589, "seconds": 28115}
{"event": "progress", "epoch": 142, "step": 850, "loss": -13.917875211978991, "seconds": 28125}
{"event": "progress", "epoch": 142, "step": 900, "loss": -6.590626481268972, "seconds": 28136}
{"event": "epoch", "epoch": 142, "phase": "float", "loss": -15.094776663583303, "seconds": 191.1043640719945, "elapsed_seconds": 28137.92909946, "learning_rate": 1e-05, "utterances": 770, "total_utterances": 770, "invalid_utterances": 0, "noisy_si_sdr": 6.016738904979767, "si_sdr": 13.810373319302602, "si_sdri": 7.7936344143228355, "best_si_sdri": 7.796297383165334}
{"event": "progress", "epoch": 143, "step": 0, "loss": -12.951494538410518, "seconds": 28138}
{"event": "progress", "epoch": 143, "step": 50, "loss": -19.031579257539544, "seconds": 28149}
{"event": "progress", "epoch": 143, "step": 100, "loss": -18.204646861521724, "seconds": 28159}
{"event": "progress", "epoch": 143, "step": 150, "loss": -15.270266440598935, "seconds": 28170}
{"event": "progress", "epoch": 143, "step": 200, "loss": -15.338565120718371, "seconds": 28181}
{"event": "progress", "epoch": 143, "step": 250, "loss": -14.87871874195829, "seconds": 28191}
{"event": "progress", "epoch": 143, "step": 300, "loss": -13.71201916436857, "seconds": 28202}
{"event": "progress", "epoch": 143, "step": 350, "loss": -15.777722716628228, "seconds": 28212}
{"event": "progress", "epoch": 143, "step": 400, "loss": -11.36432854183684, "seconds": 28223}
{"event": "progress", "epoch": 143, "step": 450, "loss": -14.11415089451837, "seconds": 28233}
{"event": "progress", "epoch": 143, "step": 500, "loss": -15.57708367754201, "seconds": 28244}
{"event": "progress", "epoch": 143, "step": 550, "loss": -14.621660793448743, "seconds": 28254}
{"event": "progress", "epoch": 143, "step": 600, "loss": -14.543474349924274, "seconds": 28265}
{"event": "progress", "epoch": 143, "step": 650, "loss": -17.31337299932858, "seconds": 28275}
{"event": "progress", "epoch": 143, "step": 700, "loss": -15.437895680221887, "seconds": 28286}
{"event": "progress", "epoch": 143, "step": 750, "loss": -14.634365522156958, "seconds": 28295}
{"event": "progress", "epoch": 143, "step": 800, "loss": -15.028366183321426, "seconds": 28306}
{"event": "progress", "epoch": 143, "step": 850, "loss": -15.866917579005952, "seconds": 28317}
{"event": "progress", "epoch": 143, "step": 900, "loss": -14.587779587489116, "seconds": 28327}
{"event": "epoch", "epoch": 143, "phase": "float", "loss": -15.048702945796057, "seconds": 191.40313840199815, "elapsed_seconds": 28329.386260827, "learning_rate": 1e-05, "utterances": 770, "total_utterances": 770, "invalid_utterances": 0, "noisy_si_sdr": 6.016738904979767, "si_sdr": 13.7639463488159, "si_sdri": 7.74720744383613, "best_si_sdri": 7.796297383165334}
{"event": "progress", "epoch": 144, "step": 0, "loss": -16.06978249050055, "seconds": 28330}
{"event": "progress", "epoch": 144, "step": 50, "loss": -13.657954091492991, "seconds": 28340}
{"event": "progress", "epoch": 144, "step": 100, "loss": -15.446531182585236, "seconds": 28351}
{"event": "progress", "epoch": 144, "step": 150, "loss": -15.37907363859648, "seconds": 28361}
{"event": "progress", "epoch": 144, "step": 200, "loss": -15.331496297091928, "seconds": 28372}
{"event": "progress", "epoch": 144, "step": 250, "loss": -13.543347365257498, "seconds": 28382}
{"event": "progress", "epoch": 144, "step": 300, "loss": -14.918388404476843, "seconds": 28393}
{"event": "progress", "epoch": 144, "step": 350, "loss": -14.938378779737967, "seconds": 28403}
{"event": "progress", "epoch": 144, "step": 400, "loss": -14.261242125096695, "seconds": 28414}
{"event": "progress", "epoch": 144, "step": 450, "loss": -13.340425594715683, "seconds": 28424}
{"event": "progress", "epoch": 144, "step": 500, "loss": -16.33197367248618, "seconds": 28435}
{"event": "progress", "epoch": 144, "step": 550, "loss": -15.160770239690613, "seconds": 28445}
{"event": "progress", "epoch": 144, "step": 600, "loss": -17.903900596423814, "seconds": 28456}
{"event": "progress", "epoch": 144, "step": 650, "loss": -16.241232337848984, "seconds": 28466}
{"event": "progress", "epoch": 144, "step": 700, "loss": -13.155643379287383, "seconds": 28477}
{"event": "progress", "epoch": 144, "step": 750, "loss": -13.400904996456655, "seconds": 28487}
{"event": "progress", "epoch": 144, "step": 800, "loss": -15.969636547047802, "seconds": 28497}
{"event": "progress", "epoch": 144, "step": 850, "loss": -18.939266476582972, "seconds": 28507}
{"event": "progress", "epoch": 144, "step": 900, "loss": -17.170821541644322, "seconds": 28518}
{"event": "epoch", "epoch": 144, "phase": "float", "loss": -15.021263116493518, "seconds": 190.60512987699622, "elapsed_seconds": 28520.044625283997, "learning_rate": 1e-05, "utterances": 770, "total_utterances": 770, "invalid_utterances": 0, "noisy_si_sdr": 6.016738904979767, "si_sdr": 13.796862919935238, "si_sdri": 7.7801240149554705, "best_si_sdri": 7.796297383165334}
{"event": "progress", "epoch": 145, "step": 0, "loss": -15.77542793566072, "seconds": 28521}
{"event": "progress", "epoch": 145, "step": 50, "loss": -14.196776616420877, "seconds": 28531}
{"event": "progress", "epoch": 145, "step": 100, "loss": -14.987280580471083, "seconds": 28542}
{"event": "progress", "epoch": 145, "step": 150, "loss": -15.293380229620633, "seconds": 28552}
{"event": "progress", "epoch": 145, "step": 200, "loss": -10.332156191099372, "seconds": 28563}
{"event": "progress", "epoch": 145, "step": 250, "loss": -13.001813579043588, "seconds": 28573}
{"event": "progress", "epoch": 145, "step": 300, "loss": -19.01027521889815, "seconds": 28584}
{"event": "progress", "epoch": 145, "step": 350, "loss": -15.878380486937505, "seconds": 28594}
{"event": "progress", "epoch": 145, "step": 400, "loss": -15.689618818436816, "seconds": 28605}
{"event": "progress", "epoch": 145, "step": 450, "loss": -17.64085132968485, "seconds": 28615}
{"event": "progress", "epoch": 145, "step": 500, "loss": -13.662083396357874, "seconds": 28626}
{"event": "progress", "epoch": 145, "step": 550, "loss": -12.547908532019486, "seconds": 28636}
{"event": "progress", "epoch": 145, "step": 600, "loss": -15.63741308296133, "seconds": 28647}
{"event": "progress", "epoch": 145, "step": 650, "loss": -13.879669088583762, "seconds": 28657}
{"event": "progress", "epoch": 145, "step": 700, "loss": -15.026886724345847, "seconds": 28668}
{"event": "progress", "epoch": 145, "step": 750, "loss": -15.898996777320125, "seconds": 28678}
{"event": "progress", "epoch": 145, "step": 800, "loss": -13.68869992520251, "seconds": 28688}
{"event": "progress", "epoch": 145, "step": 850, "loss": -14.027430398131091, "seconds": 28699}
{"event": "progress", "epoch": 145, "step": 900, "loss": -10.30361666661295, "seconds": 28710}
{"event": "epoch", "epoch": 145, "phase": "float", "loss": -15.061423021594903, "seconds": 191.82925271300337, "elapsed_seconds": 28711.936193014997, "learning_rate": 1e-05, "utterances": 770, "total_utterances": 770, "invalid_utterances": 0, "noisy_si_sdr": 6.016738904979767, "si_sdr": 13.799239487927794, "si_sdri": 7.782500582948027, "best_si_sdri": 7.796297383165334}
{"event": "progress", "epoch": 146, "step": 0, "loss": -16.17485534396955, "seconds": 28712}
{"event": "progress", "epoch": 146, "step": 50, "loss": -13.789665304211683, "seconds": 28723}
{"event": "progress", "epoch": 146, "step": 100, "loss": -14.187962676681632, "seconds": 28733}
{"event": "progress", "epoch": 146, "step": 150, "loss": -13.047128149046793, "seconds": 28744}
{"event": "progress", "epoch": 146, "step": 200, "loss": -14.46139327912142, "seconds": 28755}
{"event": "progress", "epoch": 146, "step": 250, "loss": -17.927201332969638, "seconds": 28765}
{"event": "progress", "epoch": 146, "step": 300, "loss": -13.86532354249427, "seconds": 28776}
{"event": "progress", "epoch": 146, "step": 350, "loss": -13.270666257620741, "seconds": 28786}
{"event": "progress", "epoch": 146, "step": 400, "loss": -15.813200613972029, "seconds": 28797}
{"event": "progress", "epoch": 146, "step": 450, "loss": -15.61262176742952, "seconds": 28807}
{"event": "progress", "epoch": 146, "step": 500, "loss": -17.038119352350098, "seconds": 28818}
{"event": "progress", "epoch": 146, "step": 550, "loss": -17.200889504895642, "seconds": 28828}
{"event": "progress", "epoch": 146, "step": 600, "loss": -13.467294316728095, "seconds": 28839}
{"event": "progress", "epoch": 146, "step": 650, "loss": -12.905033812901596, "seconds": 28849}
{"event": "progress", "epoch": 146, "step": 700, "loss": -16.688952826380113, "seconds": 28860}
{"event": "progress", "epoch": 146, "step": 750, "loss": -16.180125272874808, "seconds": 28869}
{"event": "progress", "epoch": 146, "step": 800, "loss": -15.700051774252366, "seconds": 28880}
{"event": "progress", "epoch": 146, "step": 850, "loss": -13.81182326853756, "seconds": 28890}
{"event": "progress", "epoch": 146, "step": 900, "loss": -15.424787696671304, "seconds": 28901}
{"event": "epoch", "epoch": 146, "phase": "float", "loss": -14.978064997639551, "seconds": 190.95401125599892, "elapsed_seconds": 28902.947801385002, "learning_rate": 1e-05, "utterances": 770, "total_utterances": 770, "invalid_utterances": 0, "noisy_si_sdr": 6.016738904979767, "si_sdr": 13.80222494330151, "si_sdri": 7.785486038321743, "best_si_sdri": 7.796297383165334}
{"event": "progress", "epoch": 147, "step": 0, "loss": -14.34730342599996, "seconds": 28903}
{"event": "progress", "epoch": 147, "step": 50, "loss": -13.402015895358875, "seconds": 28914}
{"event": "progress", "epoch": 147, "step": 100, "loss": -15.344263062949924, "seconds": 28924}
{"event": "progress", "epoch": 147, "step": 150, "loss": -11.195591425746638, "seconds": 28935}
{"event": "progress", "epoch": 147, "step": 200, "loss": -13.196996304767456, "seconds": 28946}
{"event": "progress", "epoch": 147, "step": 250, "loss": -14.80147832532429, "seconds": 28956}
{"event": "progress", "epoch": 147, "step": 300, "loss": -15.712160463190061, "seconds": 28967}
{"event": "progress", "epoch": 147, "step": 350, "loss": -16.78691205614128, "seconds": 28977}
{"event": "progress", "epoch": 147, "step": 400, "loss": -15.99141739303493, "seconds": 28988}
{"event": "progress", "epoch": 147, "step": 450, "loss": -15.894173209821634, "seconds": 28998}
{"event": "progress", "epoch": 147, "step": 500, "loss": -15.823807566143024, "seconds": 29009}
{"event": "progress", "epoch": 147, "step": 550, "loss": -14.495491268919091, "seconds": 29019}
{"event": "progress", "epoch": 147, "step": 600, "loss": -18.50906778915927, "seconds": 29030}
{"event": "progress", "epoch": 147, "step": 650, "loss": -14.407053842023018, "seconds": 29040}
{"event": "progress", "epoch": 147, "step": 700, "loss": -15.331839909959122, "seconds": 29051}
{"event": "progress", "epoch": 147, "step": 750, "loss": -13.328917046727746, "seconds": 29060}
{"event": "progress", "epoch": 147, "step": 800, "loss": -13.626503066406649, "seconds": 29071}
{"event": "progress", "epoch": 147, "step": 850, "loss": -14.261582800654235, "seconds": 29081}
{"event": "progress", "epoch": 147, "step": 900, "loss": -14.430737233376945, "seconds": 29092}
{"event": "epoch", "epoch": 147, "phase": "float", "loss": -15.045568669997763, "seconds": 190.83354054099618, "elapsed_seconds": 29093.856542859998, "learning_rate": 1e-05, "utterances": 770, "total_utterances": 770, "invalid_utterances": 0, "noisy_si_sdr": 6.016738904979767, "si_sdr": 13.777662848193671, "si_sdri": 7.760923943213902, "best_si_sdri": 7.796297383165334}
{"event": "progress", "epoch": 148, "step": 0, "loss": -14.535433559553606, "seconds": 29094}
{"event": "progress", "epoch": 148, "step": 50, "loss": -16.81280545551803, "seconds": 29105}
{"event": "progress", "epoch": 148, "step": 100, "loss": -18.835612032464063, "seconds": 29116}
{"event": "progress", "epoch": 148, "step": 150, "loss": -13.503142842826756, "seconds": 29127}
{"event": "progress", "epoch": 148, "step": 200, "loss": -16.875061649018704, "seconds": 29138}
{"event": "progress", "epoch": 148, "step": 250, "loss": -16.201336978556263, "seconds": 29148}
{"event": "progress", "epoch": 148, "step": 300, "loss": -14.335562035880876, "seconds": 29159}
{"event": "progress", "epoch": 148, "step": 350, "loss": -14.114952845054924, "seconds": 29169}
{"event": "progress", "epoch": 148, "step": 400, "loss": -14.509228065251907, "seconds": 29180}
{"event": "progress", "epoch": 148, "step": 450, "loss": -13.912503085722827, "seconds": 29190}
{"event": "progress", "epoch": 148, "step": 500, "loss": -12.69309053780356, "seconds": 29201}
{"event": "progress", "epoch": 148, "step": 550, "loss": -13.528952203861083, "seconds": 29212}
{"event": "progress", "epoch": 148, "step": 600, "loss": -19.1968306605279, "seconds": 29222}
{"event": "progress", "epoch": 148, "step": 650, "loss": -14.812722912531374, "seconds": 29233}
{"event": "progress", "epoch": 148, "step": 700, "loss": -13.639796845873335, "seconds": 29243}
{"event": "progress", "epoch": 148, "step": 750, "loss": -14.881090267495079, "seconds": 29253}
{"event": "progress", "epoch": 148, "step": 800, "loss": -18.093746296684415, "seconds": 29263}
{"event": "progress", "epoch": 148, "step": 850, "loss": -15.98470983018104, "seconds": 29274}
{"event": "progress", "epoch": 148, "step": 900, "loss": -14.1333280037603, "seconds": 29284}
{"event": "epoch", "epoch": 148, "phase": "float", "loss": -15.097120715062806, "seconds": 192.51394305400026, "elapsed_seconds": 29286.425010802, "learning_rate": 1e-05, "utterances": 770, "total_utterances": 770, "invalid_utterances": 0, "noisy_si_sdr": 6.016738904979767, "si_sdr": 13.787109989357047, "si_sdri": 7.770371084377279, "best_si_sdri": 7.796297383165334}
{"event": "progress", "epoch": 149, "step": 0, "loss": -14.718582924303526, "seconds": 29287}
{"event": "progress", "epoch": 149, "step": 50, "loss": -16.47471382939718, "seconds": 29297}
{"event": "progress", "epoch": 149, "step": 100, "loss": -14.883357709577263, "seconds": 29308}
{"event": "progress", "epoch": 149, "step": 150, "loss": -13.284063807276283, "seconds": 29318}
{"event": "progress", "epoch": 149, "step": 200, "loss": -15.453646638199098, "seconds": 29329}
{"event": "progress", "epoch": 149, "step": 250, "loss": -14.866232995481079, "seconds": 29339}
{"event": "progress", "epoch": 149, "step": 300, "loss": -16.295419629850073, "seconds": 29350}
{"event": "progress", "epoch": 149, "step": 350, "loss": -16.235857956245937, "seconds": 29360}
{"event": "progress", "epoch": 149, "step": 400, "loss": -18.258526630228623, "seconds": 29371}
{"event": "progress", "epoch": 149, "step": 450, "loss": -14.342181138063061, "seconds": 29381}
{"event": "progress", "epoch": 149, "step": 500, "loss": -15.360269993179418, "seconds": 29392}
{"event": "progress", "epoch": 149, "step": 550, "loss": -17.597631541158208, "seconds": 29402}
{"event": "progress", "epoch": 149, "step": 600, "loss": -13.951579968489023, "seconds": 29413}
{"event": "progress", "epoch": 149, "step": 650, "loss": -15.975467487182536, "seconds": 29424}
{"event": "progress", "epoch": 149, "step": 700, "loss": -15.949994527457273, "seconds": 29434}
{"event": "progress", "epoch": 149, "step": 750, "loss": -14.664704505407038, "seconds": 29444}
{"event": "progress", "epoch": 149, "step": 800, "loss": -13.080501943134259, "seconds": 29454}
{"event": "progress", "epoch": 149, "step": 850, "loss": -18.215856144737476, "seconds": 29465}
{"event": "progress", "epoch": 149, "step": 900, "loss": -15.303854195839675, "seconds": 29475}
{"event": "epoch", "epoch": 149, "phase": "float", "loss": -15.15027987362652, "seconds": 191.06281663700065, "elapsed_seconds": 29477.545071130997, "learning_rate": 1e-05, "utterances": 770, "total_utterances": 770, "invalid_utterances": 0, "noisy_si_sdr": 6.016738904979767, "si_sdr": 13.785095912979882, "si_sdri": 7.768357008000115, "best_si_sdri": 7.796297383165334}
{"event": "progress", "epoch": 150, "step": 0, "loss": -15.976616760573297, "seconds": 29478}
{"event": "progress", "epoch": 150, "step": 50, "loss": -13.659534379297833, "seconds": 29489}
{"event": "progress", "epoch": 150, "step": 100, "loss": -15.444537672458253, "seconds": 29500}
{"event": "progress", "epoch": 150, "step": 150, "loss": -13.73547039432539, "seconds": 29510}
{"event": "progress", "epoch": 150, "step": 200, "loss": -13.268090873153238, "seconds": 29521}
{"event": "progress", "epoch": 150, "step": 250, "loss": -12.832814862912599, "seconds": 29531}
{"event": "progress", "epoch": 150, "step": 300, "loss": -16.139856912378352, "seconds": 29542}
{"event": "progress", "epoch": 150, "step": 350, "loss": -17.091705573516965, "seconds": 29552}
{"event": "progress", "epoch": 150, "step": 400, "loss": -12.992214727735774, "seconds": 29563}
{"event": "progress", "epoch": 150, "step": 450, "loss": -16.336065309939194, "seconds": 29573}
{"event": "progress", "epoch": 150, "step": 500, "loss": -15.1001236471342, "seconds": 29584}
{"event": "progress", "epoch": 150, "step": 550, "loss": -14.248341914329053, "seconds": 29594}
{"event": "progress", "epoch": 150, "step": 600, "loss": -14.892014428253066, "seconds": 29605}
{"event": "progress", "epoch": 150, "step": 650, "loss": -14.025577908484099, "seconds": 29615}
{"event": "progress", "epoch": 150, "step": 700, "loss": -13.356584625710903, "seconds": 29626}
{"event": "progress", "epoch": 150, "step": 750, "loss": -13.516254968253747, "seconds": 29636}
{"event": "progress", "epoch": 150, "step": 800, "loss": -15.419280366693878, "seconds": 29646}
{"event": "progress", "epoch": 150, "step": 850, "loss": -14.75317916504633, "seconds": 29657}
{"event": "progress", "epoch": 150, "step": 900, "loss": -16.99898380088666, "seconds": 29667}
{"event": "epoch", "epoch": 150, "phase": "float", "loss": -15.014305074859646, "seconds": 191.53107758600527, "elapsed_seconds": 29669.130890579, "learning_rate": 1e-05, "utterances": 770, "total_utterances": 770, "invalid_utterances": 0, "noisy_si_sdr": 6.016738904979767, "si_sdr": 13.766272333261247, "si_sdri": 7.74953342828148, "best_si_sdri": 7.796297383165334}
{"event": "progress", "epoch": 151, "step": 0, "loss": -12.849973333583318, "seconds": 29670}
{"event": "progress", "epoch": 151, "step": 50, "loss": -15.597098798658681, "seconds": 29681}
{"event": "progress", "epoch": 151, "step": 100, "loss": -14.676617629902129, "seconds": 29691}
{"event": "progress", "epoch": 151, "step": 150, "loss": -14.125599170800982, "seconds": 29702}
{"event": "progress", "epoch": 151, "step": 200, "loss": -14.098299334020632, "seconds": 29712}
{"event": "progress", "epoch": 151, "step": 250, "loss": -13.31183077841549, "seconds": 29723}
{"event": "progress", "epoch": 151, "step": 300, "loss": -16.509219786463092, "seconds": 29733}
{"event": "progress", "epoch": 151, "step": 350, "loss": -15.54677867356897, "seconds": 29744}
{"event": "progress", "epoch": 151, "step": 400, "loss": -14.296611651163907, "seconds": 29754}
{"event": "progress", "epoch": 151, "step": 450, "loss": -15.028146697559023, "seconds": 29765}
{"event": "progress", "epoch": 151, "step": 500, "loss": -12.30151434068045, "seconds": 29775}
{"event": "progress", "epoch": 151, "step": 550, "loss": -15.027639546961684, "seconds": 29786}
{"event": "progress", "epoch": 151, "step": 600, "loss": -14.506392961741607, "seconds": 29796}
{"event": "progress", "epoch": 151, "step": 650, "loss": -15.604797767884765, "seconds": 29807}
{"event": "progress", "epoch": 151, "step": 700, "loss": -16.102782708150514, "seconds": 29817}
{"event": "progress", "epoch": 151, "step": 750, "loss": -14.816155496807845, "seconds": 29827}
{"event": "progress", "epoch": 151, "step": 800, "loss": -14.776087479874422, "seconds": 29838}
{"event": "progress", "epoch": 151, "step": 850, "loss": -14.586608946216737, "seconds": 29848}
{"event": "progress", "epoch": 151, "step": 900, "loss": -17.190316175961396, "seconds": 29858}
{"event": "epoch", "epoch": 151, "phase": "float", "loss": -15.024092051890744, "seconds": 191.47247101099492, "elapsed_seconds": 29860.658307701997, "learning_rate": 1e-05, "utterances": 770, "total_utterances": 770, "invalid_utterances": 0, "noisy_si_sdr": 6.016738904979767, "si_sdr": 13.79495024440572, "si_sdri": 7.778211339425954, "best_si_sdri": 7.796297383165334}
{"event": "progress", "epoch": 152, "step": 0, "loss": -15.28892273490562, "seconds": 29861}
{"event": "progress", "epoch": 152, "step": 50, "loss": -14.434950651998662, "seconds": 29872}
{"event": "progress", "epoch": 152, "step": 100, "loss": -14.792687879982012, "seconds": 29883}
{"event": "progress", "epoch": 152, "step": 150, "loss": -14.794271491530008, "seconds": 29893}
{"event": "progress", "epoch": 152, "step": 200, "loss": -17.54646220389209, "seconds": 29904}
{"event": "progress", "epoch": 152, "step": 250, "loss": -15.974253532958949, "seconds": 29915}
{"event": "progress", "epoch": 152, "step": 300, "loss": -13.375309909939588, "seconds": 29926}
{"event": "progress", "epoch": 152, "step": 350, "loss": -11.418437853249467, "seconds": 29937}
