{"event": "start", "device": "cuda", "torch": "2.11.0+cu128", "model": {"learned_parameters": 84738, "convolution_weights": 83392, "macs_per_second": 5212000.0, "context_frames": 127, "neural_state_bytes_int8": 8064}, "gpu": "NVIDIA L4", "test_used_for_selection": false, "selection_metric": "mean utterance SI-SDR improvement", "validation_is_partial": false, "calibration": null, "train_utterances": 10802, "validation_utterances": 770, "train_speakers": ["p227", "p228", "p230", "p231", "p233", "p236", "p239", "p243", "p244", "p250", "p254", "p256", "p258", "p259", "p267", "p268", "p269", "p270", "p273", "p274", "p276", "p277", "p278", "p279", "p282", "p286"], "validation_speakers": ["p226", "p287"], "phase": "float"}
{"event": "initial_validation", "utterances": 770, "total_utterances": 770, "invalid_utterances": 0, "noisy_si_sdr": 6.016738904979767, "si_sdr": 6.016738687284277, "si_sdri": -2.176954912763959e-07}
{"event": "progress", "epoch": 1, "step": 0, "loss": -7.436436621088023, "seconds": 4}
{"event": "progress", "epoch": 1, "step": 50, "loss": -9.832962437227685, "seconds": 5}
{"event": "progress", "epoch": 1, "step": 100, "loss": -11.479816673672705, "seconds": 7}
{"event": "progress", "epoch": 1, "step": 150, "loss": -12.649156017859749, "seconds": 8}
{"event": "progress", "epoch": 1, "step": 200, "loss": -11.715775307286762, "seconds": 10}
{"event": "progress", "epoch": 1, "step": 250, "loss": -8.592482247143149, "seconds": 12}
{"event": "progress", "epoch": 1, "step": 300, "loss": -11.245411287516696, "seconds": 13}
{"event": "epoch", "epoch": 1, "phase": "float", "loss": -10.92074993086221, "seconds": 12.754162765999808, "elapsed_seconds": 15.866428168000311, "learning_rate": 0.001, "utterances": 770, "total_utterances": 770, "invalid_utterances": 0, "noisy_si_sdr": 6.016738904979767, "si_sdr": 11.674702812849775, "si_sdri": 5.657963907870008, "best_si_sdri": 5.657963907870008}
{"event": "progress", "epoch": 2, "step": 0, "loss": -12.92510068426195, "seconds": 16}
{"event": "progress", "epoch": 2, "step": 50, "loss": -11.408395766320522, "seconds": 18}
{"event": "progress", "epoch": 2, "step": 100, "loss": -14.076534534621942, "seconds": 19}
{"event": "progress", "epoch": 2, "step": 150, "loss": -11.591149537967139, "seconds": 20}
{"event": "progress", "epoch": 2, "step": 200, "loss": -11.700713369044834, "seconds": 22}
{"event": "progress", "epoch": 2, "step": 250, "loss": -11.21438967209902, "seconds": 24}
{"event": "progress", "epoch": 2, "step": 300, "loss": -12.223053478912341, "seconds": 25}
{"event": "epoch", "epoch": 2, "phase": "float", "loss": -12.168290283260074, "seconds": 12.074774456999876, "elapsed_seconds": 27.98393364200001, "learning_rate": 0.001, "utterances": 770, "total_utterances": 770, "invalid_utterances": 0, "noisy_si_sdr": 6.016738904979767, "si_sdr": 12.077377631390052, "si_sdri": 6.060638726410284, "best_si_sdri": 6.060638726410284}
{"event": "progress", "epoch": 3, "step": 0, "loss": -12.314267434010183, "seconds": 28}
{"event": "progress", "epoch": 3, "step": 50, "loss": -12.972259072392664, "seconds": 30}
{"event": "progress", "epoch": 3, "step": 100, "loss": -11.418482758926668, "seconds": 31}
{"event": "progress", "epoch": 3, "step": 150, "loss": -11.343454689199355, "seconds": 33}
{"event": "progress", "epoch": 3, "step": 200, "loss": -12.552291759726277, "seconds": 34}
{"event": "progress", "epoch": 3, "step": 250, "loss": -12.410550611194829, "seconds": 36}
{"event": "progress", "epoch": 3, "step": 300, "loss": -13.697818830998719, "seconds": 37}
{"event": "epoch", "epoch": 3, "phase": "float", "loss": -12.51328164887998, "seconds": 12.21354674200029, "elapsed_seconds": 40.2293777660002, "learning_rate": 0.001, "utterances": 770, "total_utterances": 770, "invalid_utterances": 0, "noisy_si_sdr": 6.016738904979767, "si_sdr": 12.198693095593738, "si_sdri": 6.181954190613968, "best_si_sdri": 6.181954190613968}
{"event": "progress", "epoch": 4, "step": 0, "loss": -12.09835692769888, "seconds": 41}
{"event": "progress", "epoch": 4, "step": 50, "loss": -15.156832172515617, "seconds": 42}
{"event": "progress", "epoch": 4, "step": 100, "loss": -12.767025559488127, "seconds": 44}
{"event": "progress", "epoch": 4, "step": 150, "loss": -10.894878261498523, "seconds": 45}
{"event": "progress", "epoch": 4, "step": 200, "loss": -11.829318309912106, "seconds": 47}
{"event": "progress", "epoch": 4, "step": 250, "loss": -13.20870560167179, "seconds": 49}
{"event": "progress", "epoch": 4, "step": 300, "loss": -12.737686920696621, "seconds": 50}
{"event": "epoch", "epoch": 4, "phase": "float", "loss": -12.811645534982176, "seconds": 13.078941589999886, "elapsed_seconds": 53.36220002400023, "learning_rate": 0.001, "utterances": 770, "total_utterances": 770, "invalid_utterances": 0, "noisy_si_sdr": 6.016738904979767, "si_sdr": 12.479196581598886, "si_sdri": 6.462457676619117, "best_si_sdri": 6.462457676619117}
{"event": "progress", "epoch": 5, "step": 0, "loss": -14.203671678273487, "seconds": 54}
{"event": "progress", "epoch": 5, "step": 50, "loss": -13.258955453293623, "seconds": 55}
{"event": "progress", "epoch": 5, "step": 100, "loss": -11.64671214491427, "seconds": 57}
{"event": "progress", "epoch": 5, "step": 150, "loss": -11.018446599753492, "seconds": 58}
{"event": "progress", "epoch": 5, "step": 200, "loss": -12.022197334209341, "seconds": 60}
{"event": "progress", "epoch": 5, "step": 250, "loss": -13.440608771721017, "seconds": 61}
{"event": "progress", "epoch": 5, "step": 300, "loss": -12.731411365316664, "seconds": 63}
{"event": "epoch", "epoch": 5, "phase": "float", "loss": -12.94030857747335, "seconds": 12.612053989999822, "elapsed_seconds": 66.00764633800009, "learning_rate": 0.001, "utterances": 770, "total_utterances": 770, "invalid_utterances": 0, "noisy_si_sdr": 6.016738904979767, "si_sdr": 12.594441048993886, "si_sdri": 6.577702144014119, "best_si_sdri": 6.577702144014119}
{"event": "progress", "epoch": 6, "step": 0, "loss": -12.678649355987668, "seconds": 66}
{"event": "progress", "epoch": 6, "step": 50, "loss": -11.629021234754402, "seconds": 68}
{"event": "progress", "epoch": 6, "step": 100, "loss": -14.372718694475125, "seconds": 69}
{"event": "progress", "epoch": 6, "step": 150, "loss": -13.841132672838338, "seconds": 71}
{"event": "progress", "epoch": 6, "step": 200, "loss": -12.757409485306168, "seconds": 73}
{"event": "progress", "epoch": 6, "step": 250, "loss": -12.883979011984565, "seconds": 74}
{"event": "progress", "epoch": 6, "step": 300, "loss": -13.32717558412145, "seconds": 76}
{"event": "epoch", "epoch": 6, "phase": "float", "loss": -13.062291436572702, "seconds": 12.157979831000375, "elapsed_seconds": 78.197648802, "learning_rate": 0.001, "utterances": 770, "total_utterances": 770, "invalid_utterances": 0, "noisy_si_sdr": 6.016738904979767, "si_sdr": 12.636839912011537, "si_sdri": 6.620101007031768, "best_si_sdri": 6.620101007031768}
{"event": "progress", "epoch": 7, "step": 0, "loss": -13.569047969034834, "seconds": 78}
{"event": "progress", "epoch": 7, "step": 50, "loss": -14.039603392145656, "seconds": 80}
{"event": "progress", "epoch": 7, "step": 100, "loss": -13.220497331534157, "seconds": 81}
{"event": "progress", "epoch": 7, "step": 150, "loss": -13.020601310524587, "seconds": 83}
{"event": "progress", "epoch": 7, "step": 200, "loss": -12.100122541357354, "seconds": 85}
{"event": "progress", "epoch": 7, "step": 250, "loss": -12.893204537789659, "seconds": 86}
{"event": "progress", "epoch": 7, "step": 300, "loss": -14.270699730945609, "seconds": 88}
{"event": "epoch", "epoch": 7, "phase": "float", "loss": -13.269340915597725, "seconds": 12.112369642999965, "elapsed_seconds": 90.34181986700014, "learning_rate": 0.001, "utterances": 770, "total_utterances": 770, "invalid_utterances": 0, "noisy_si_sdr": 6.016738904979767, "si_sdr": 12.593019906313446, "si_sdri": 6.576281001333679, "best_si_sdri": 6.620101007031768}
{"event": "progress", "epoch": 8, "step": 0, "loss": -12.750256801364435, "seconds": 91}
{"event": "progress", "epoch": 8, "step": 50, "loss": -14.440770395771821, "seconds": 92}
{"event": "progress", "epoch": 8, "step": 100, "loss": -14.319849086320646, "seconds": 94}
{"event": "progress", "epoch": 8, "step": 150, "loss": -13.197132593935482, "seconds": 95}
{"event": "progress", "epoch": 8, "step": 200, "loss": -13.060623125922609, "seconds": 97}
{"event": "progress", "epoch": 8, "step": 250, "loss": -15.333841169438475, "seconds": 98}
{"event": "progress", "epoch": 8, "step": 300, "loss": -12.441382159821968, "seconds": 100}
{"event": "epoch", "epoch": 8, "phase": "float", "loss": -13.488061568831341, "seconds": 12.183618372000183, "elapsed_seconds": 102.53721935900012, "learning_rate": 0.001, "utterances": 770, "total_utterances": 770, "invalid_utterances": 0, "noisy_si_sdr": 6.016738904979767, "si_sdr": 12.724369262456435, "si_sdri": 6.707630357476666, "best_si_sdri": 6.707630357476666}
{"event": "progress", "epoch": 9, "step": 0, "loss": -13.544909820543488, "seconds": 103}
{"event": "progress", "epoch": 9, "step": 50, "loss": -11.88276907279675, "seconds": 104}
{"event": "progress", "epoch": 9, "step": 100, "loss": -12.833124198058417, "seconds": 106}
{"event": "progress", "epoch": 9, "step": 150, "loss": -11.904686088258593, "seconds": 107}
{"event": "progress", "epoch": 9, "step": 200, "loss": -13.743621993914687, "seconds": 109}
{"event": "progress", "epoch": 9, "step": 250, "loss": -14.948570173084352, "seconds": 110}
{"event": "progress", "epoch": 9, "step": 300, "loss": -11.55510440162253, "seconds": 112}
{"event": "epoch", "epoch": 9, "phase": "float", "loss": -13.549666688366601, "seconds": 12.166834031000235, "elapsed_seconds": 114.740681279, "learning_rate": 0.001, "utterances": 770, "total_utterances": 770, "invalid_utterances": 0, "noisy_si_sdr": 6.016738904979767, "si_sdr": 12.695284221960863, "si_sdri": 6.678545316981097, "best_si_sdri": 6.707630357476666}
{"event": "progress", "epoch": 10, "step": 0, "loss": -14.628760134157814, "seconds": 115}
{"event": "progress", "epoch": 10, "step": 50, "loss": -13.271337878149623, "seconds": 117}
{"event": "progress", "epoch": 10, "step": 100, "loss": -13.042546966362423, "seconds": 118}
{"event": "progress", "epoch": 10, "step": 150, "loss": -14.054232387830162, "seconds": 119}
{"event": "progress", "epoch": 10, "step": 200, "loss": -14.648079678020492, "seconds": 121}
{"event": "progress", "epoch": 10, "step": 250, "loss": -15.732865403935339, "seconds": 123}
{"event": "progress", "epoch": 10, "step": 300, "loss": -12.993582172518149, "seconds": 124}
{"event": "epoch", "epoch": 10, "phase": "float", "loss": -13.633853339335882, "seconds": 12.152813164000236, "elapsed_seconds": 126.9148984780004, "learning_rate": 0.001, "utterances": 770, "total_utterances": 770, "invalid_utterances": 0, "noisy_si_sdr": 6.016738904979767, "si_sdr": 12.890891051416503, "si_sdri": 6.874152146436736, "best_si_sdri": 6.874152146436736}
{"event": "progress", "epoch": 11, "step": 0, "loss": -13.883053767398518, "seconds": 127}
{"event": "progress", "epoch": 11, "step": 50, "loss": -14.276592148602774, "seconds": 129}
{"event": "progress", "epoch": 11, "step": 100, "loss": -14.357792970443834, "seconds": 130}
{"event": "progress", "epoch": 11, "step": 150, "loss": -12.102666634596373, "seconds": 132}
{"event": "progress", "epoch": 11, "step": 200, "loss": -14.17785418034278, "seconds": 133}
{"event": "progress", "epoch": 11, "step": 250, "loss": -13.237415488423073, "seconds": 135}
{"event": "progress", "epoch": 11, "step": 300, "loss": -13.719583091544774, "seconds": 136}
{"event": "epoch", "epoch": 11, "phase": "float", "loss": -13.750129880509204, "seconds": 12.079181113999766, "elapsed_seconds": 139.023443262, "learning_rate": 0.001, "utterances": 770, "total_utterances": 770, "invalid_utterances": 0, "noisy_si_sdr": 6.016738904979767, "si_sdr": 12.909473299672669, "si_sdri": 6.892734394692903, "best_si_sdri": 6.892734394692903}
{"event": "progress", "epoch": 12, "step": 0, "loss": -13.202493714491144, "seconds": 139}
{"event": "progress", "epoch": 12, "step": 50, "loss": -13.58842420586022, "seconds": 141}
{"event": "progress", "epoch": 12, "step": 100, "loss": -14.25297752472148, "seconds": 142}
{"event": "progress", "epoch": 12, "step": 150, "loss": -14.688190154451858, "seconds": 144}
{"event": "progress", "epoch": 12, "step": 200, "loss": -14.266868595828468, "seconds": 145}
{"event": "progress", "epoch": 12, "step": 250, "loss": -13.663758700465628, "seconds": 147}
{"event": "progress", "epoch": 12, "step": 300, "loss": -13.37044616697398, "seconds": 148}
{"event": "epoch", "epoch": 12, "phase": "float", "loss": -13.696777283858939, "seconds": 12.134778445999927, "elapsed_seconds": 151.18855396300023, "learning_rate": 0.001, "utterances": 770, "total_utterances": 770, "invalid_utterances": 0, "noisy_si_sdr": 6.016738904979767, "si_sdr": 12.952357024231521, "si_sdri": 6.935618119251751, "best_si_sdri": 6.935618119251751}
{"event": "progress", "epoch": 13, "step": 0, "loss": -14.364931651315302, "seconds": 151}
{"event": "progress", "epoch": 13, "step": 50, "loss": -16.915014114216156, "seconds": 153}
{"event": "progress", "epoch": 13, "step": 100, "loss": -16.28248410181657, "seconds": 154}
{"event": "progress", "epoch": 13, "step": 150, "loss": -15.520627015073813, "seconds": 156}
{"event": "progress", "epoch": 13, "step": 200, "loss": -14.255920480445909, "seconds": 157}
{"event": "progress", "epoch": 13, "step": 250, "loss": -12.678867387760135, "seconds": 159}
{"event": "progress", "epoch": 13, "step": 300, "loss": -13.760736481991048, "seconds": 161}
{"event": "epoch", "epoch": 13, "phase": "float", "loss": -13.828602108055135, "seconds": 12.086656282000149, "elapsed_seconds": 163.307270024, "learning_rate": 0.001, "utterances": 770, "total_utterances": 770, "invalid_utterances": 0, "noisy_si_sdr": 6.016738904979767, "si_sdr": 13.067848408853981, "si_sdri": 7.051109503874215, "best_si_sdri": 7.051109503874215}
{"event": "progress", "epoch": 14, "step": 0, "loss": -12.830701171382112, "seconds": 164}
{"event": "progress", "epoch": 14, "step": 50, "loss": -13.815110915513738, "seconds": 165}
{"event": "progress", "epoch": 14, "step": 100, "loss": -13.298483631314781, "seconds": 167}
{"event": "progress", "epoch": 14, "step": 150, "loss": -12.461900790196179, "seconds": 168}
{"event": "progress", "epoch": 14, "step": 200, "loss": -13.489684129938395, "seconds": 170}
{"event": "progress", "epoch": 14, "step": 250, "loss": -14.633829301132742, "seconds": 171}
{"event": "progress", "epoch": 14, "step": 300, "loss": -13.867426936004058, "seconds": 173}
{"event": "epoch", "epoch": 14, "phase": "float", "loss": -13.903326008560386, "seconds": 12.18832730000031, "elapsed_seconds": 175.5255799610004, "learning_rate": 0.001, "utterances": 770, "total_utterances": 770, "invalid_utterances": 0, "noisy_si_sdr": 6.016738904979767, "si_sdr": 12.806474464607025, "si_sdri": 6.789735559627257, "best_si_sdri": 7.051109503874215}
{"event": "progress", "epoch": 15, "step": 0, "loss": -14.044162938007503, "seconds": 176}
{"event": "progress", "epoch": 15, "step": 50, "loss": -14.784239989355275, "seconds": 177}
{"event": "progress", "epoch": 15, "step": 100, "loss": -15.109337000183011, "seconds": 179}
{"event": "progress", "epoch": 15, "step": 150, "loss": -15.967436343364774, "seconds": 180}
{"event": "progress", "epoch": 15, "step": 200, "loss": -15.793341485377312, "seconds": 182}
{"event": "progress", "epoch": 15, "step": 250, "loss": -14.451111210052467, "seconds": 183}
{"event": "progress", "epoch": 15, "step": 300, "loss": -12.418612087320472, "seconds": 185}
{"event": "epoch", "epoch": 15, "phase": "float", "loss": -13.921865813998027, "seconds": 12.050034632999996, "elapsed_seconds": 187.58859604200006, "learning_rate": 0.001, "utterances": 770, "total_utterances": 770, "invalid_utterances": 0, "noisy_si_sdr": 6.016738904979767, "si_sdr": 13.084228278419603, "si_sdri": 7.067489373439837, "best_si_sdri": 7.067489373439837}
{"event": "progress", "epoch": 16, "step": 0, "loss": -13.699326526691703, "seconds": 188}
{"event": "progress", "epoch": 16, "step": 50, "loss": -14.0970259940745, "seconds": 189}
{"event": "progress", "epoch": 16, "step": 100, "loss": -12.180552172253616, "seconds": 191}
{"event": "progress", "epoch": 16, "step": 150, "loss": -12.621626700493241, "seconds": 192}
{"event": "progress", "epoch": 16, "step": 200, "loss": -13.18663056033697, "seconds": 194}
{"event": "progress", "epoch": 16, "step": 250, "loss": -14.79632574980953, "seconds": 196}
{"event": "progress", "epoch": 16, "step": 300, "loss": -14.505079729929014, "seconds": 197}
{"event": "epoch", "epoch": 16, "phase": "float", "loss": -13.912441854520914, "seconds": 12.137192782000056, "elapsed_seconds": 199.76449198, "learning_rate": 0.001, "utterances": 770, "total_utterances": 770, "invalid_utterances": 0, "noisy_si_sdr": 6.016738904979767, "si_sdr": 13.202272996753488, "si_sdri": 7.185534091773718, "best_si_sdri": 7.185534091773718}
{"event": "progress", "epoch": 17, "step": 0, "loss": -13.307480840933927, "seconds": 200}
{"event": "progress", "epoch": 17, "step": 50, "loss": -14.815761752280077, "seconds": 202}
{"event": "progress", "epoch": 17, "step": 100, "loss": -11.50833705895367, "seconds": 203}
{"event": "progress", "epoch": 17, "step": 150, "loss": -13.466009532568586, "seconds": 205}
{"event": "progress", "epoch": 17, "step": 200, "loss": -12.196366110383622, "seconds": 206}
{"event": "progress", "epoch": 17, "step": 250, "loss": -14.355143755638576, "seconds": 208}
{"event": "progress", "epoch": 17, "step": 300, "loss": -12.226775093771831, "seconds": 209}
{"event": "epoch", "epoch": 17, "phase": "float", "loss": -13.99182725101674, "seconds": 12.26763251500006, "elapsed_seconds": 212.0776540400002, "learning_rate": 0.001, "utterances": 770, "total_utterances": 770, "invalid_utterances": 0, "noisy_si_sdr": 6.016738904979767, "si_sdr": 13.083712737189886, "si_sdri": 7.066973832210118, "best_si_sdri": 7.185534091773718}
{"event": "progress", "epoch": 18, "step": 0, "loss": -13.888698692301615, "seconds": 212}
{"event": "progress", "epoch": 18, "step": 50, "loss": -12.601423936390049, "seconds": 214}
{"event": "progress", "epoch": 18, "step": 100, "loss": -14.515991552312228, "seconds": 215}
{"event": "progress", "epoch": 18, "step": 150, "loss": -15.936853658535192, "seconds": 217}
{"event": "progress", "epoch": 18, "step": 200, "loss": -13.734204094328906, "seconds": 218}
{"event": "progress", "epoch": 18, "step": 250, "loss": -13.749857975135967, "seconds": 220}
{"event": "progress", "epoch": 18, "step": 300, "loss": -14.882768890340238, "seconds": 221}
{"event": "epoch", "epoch": 18, "phase": "float", "loss": -13.99143286026038, "seconds": 12.108784786000342, "elapsed_seconds": 224.20251191200032, "learning_rate": 0.001, "utterances": 770, "total_utterances": 770, "invalid_utterances": 0, "noisy_si_sdr": 6.016738904979767, "si_sdr": 13.098848218273844, "si_sdri": 7.082109313294077, "best_si_sdri": 7.185534091773718}
{"event": "progress", "epoch": 19, "step": 0, "loss": -14.092772011855258, "seconds": 224}
{"event": "progress", "epoch": 19, "step": 50, "loss": -14.853116891187273, "seconds": 226}
{"event": "progress", "epoch": 19, "step": 100, "loss": -13.845706148651484, "seconds": 227}
{"event": "progress", "epoch": 19, "step": 150, "loss": -13.782750658657125, "seconds": 229}
{"event": "progress", "epoch": 19, "step": 200, "loss": -13.790435622362276, "seconds": 230}
{"event": "progress", "epoch": 19, "step": 250, "loss": -15.297389469979343, "seconds": 232}
{"event": "progress", "epoch": 19, "step": 300, "loss": -16.577096033353726, "seconds": 234}
{"event": "epoch", "epoch": 19, "phase": "float", "loss": -14.120700240954733, "seconds": 12.083331159999943, "elapsed_seconds": 236.30135094200023, "learning_rate": 0.001, "utterances": 770, "total_utterances": 770, "invalid_utterances": 0, "noisy_si_sdr": 6.016738904979767, "si_sdr": 13.209534121879116, "si_sdri": 7.19279521689935, "best_si_sdri": 7.19279521689935}
{"event": "progress", "epoch": 20, "step": 0, "loss": -13.383166311293706, "seconds": 237}
{"event": "progress", "epoch": 20, "step": 50, "loss": -15.406833773871004, "seconds": 238}
{"event": "progress", "epoch": 20, "step": 100, "loss": -13.625141656037563, "seconds": 239}
{"event": "progress", "epoch": 20, "step": 150, "loss": -13.81062401933166, "seconds": 241}
{"event": "progress", "epoch": 20, "step": 200, "loss": -15.974707289439216, "seconds": 242}
{"event": "progress", "epoch": 20, "step": 250, "loss": -12.908452150444251, "seconds": 244}
{"event": "progress", "epoch": 20, "step": 300, "loss": -15.814541845318788, "seconds": 246}
{"event": "epoch", "epoch": 20, "phase": "float", "loss": -14.080225057908217, "seconds": 12.058168602000023, "elapsed_seconds": 248.3867250420003, "learning_rate": 0.001, "utterances": 770, "total_utterances": 770, "invalid_utterances": 0, "noisy_si_sdr": 6.016738904979767, "si_sdr": 13.289893670325041, "si_sdri": 7.2731547653452715, "best_si_sdri": 7.2731547653452715}
{"event": "progress", "epoch": 21, "step": 0, "loss": -13.345253382806817, "seconds": 249}
{"event": "progress", "epoch": 21, "step": 50, "loss": -13.290127332630725, "seconds": 250}
{"event": "progress", "epoch": 21, "step": 100, "loss": -14.827747306366692, "seconds": 252}
{"event": "progress", "epoch": 21, "step": 150, "loss": -12.031224054976263, "seconds": 253}
{"event": "progress", "epoch": 21, "step": 200, "loss": -13.850860196703593, "seconds": 255}
{"event": "progress", "epoch": 21, "step": 250, "loss": -12.291588579905467, "seconds": 256}
{"event": "progress", "epoch": 21, "step": 300, "loss": -13.041540672330743, "seconds": 258}
{"event": "epoch", "epoch": 21, "phase": "float", "loss": -14.138180505319745, "seconds": 12.068379660000119, "elapsed_seconds": 260.4862636750004, "learning_rate": 0.001, "utterances": 770, "total_utterances": 770, "invalid_utterances": 0, "noisy_si_sdr": 6.016738904979767, "si_sdr": 13.289634620289862, "si_sdri": 7.272895715310095, "best_si_sdri": 7.2731547653452715}
{"event": "progress", "epoch": 22, "step": 0, "loss": -14.703182802491401, "seconds": 261}
{"event": "progress", "epoch": 22, "step": 50, "loss": -15.130252624084472, "seconds": 262}
{"event": "progress", "epoch": 22, "step": 100, "loss": -14.1105862064869, "seconds": 264}
{"event": "progress", "epoch": 22, "step": 150, "loss": -13.852690998183743, "seconds": 265}
{"event": "progress", "epoch": 22, "step": 200, "loss": -13.202652058565794, "seconds": 267}
{"event": "progress", "epoch": 22, "step": 250, "loss": -14.525697917149198, "seconds": 268}
{"event": "progress", "epoch": 22, "step": 300, "loss": -14.700614996580946, "seconds": 270}
{"event": "epoch", "epoch": 22, "phase": "float", "loss": -14.140769315772005, "seconds": 12.080822793000152, "elapsed_seconds": 272.5826499580003, "learning_rate": 0.001, "utterances": 770, "total_utterances": 770, "invalid_utterances": 0, "noisy_si_sdr": 6.016738904979767, "si_sdr": 13.271822867045328, "si_sdri": 7.2550839620655605, "best_si_sdri": 7.2731547653452715}
{"event": "progress", "epoch": 23, "step": 0, "loss": -12.941288025446028, "seconds": 273}
{"event": "progress", "epoch": 23, "step": 50, "loss": -12.301187250325135, "seconds": 274}
{"event": "progress", "epoch": 23, "step": 100, "loss": -14.673207719625207, "seconds": 276}
{"event": "progress", "epoch": 23, "step": 150, "loss": -13.796156950900455, "seconds": 277}
{"event": "progress", "epoch": 23, "step": 200, "loss": -14.046735188331516, "seconds": 279}
{"event": "progress", "epoch": 23, "step": 250, "loss": -13.556156615952103, "seconds": 281}
{"event": "progress", "epoch": 23, "step": 300, "loss": -14.534530698061051, "seconds": 282}
{"event": "epoch", "epoch": 23, "phase": "float", "loss": -14.144113980363477, "seconds": 12.139239800999803, "elapsed_seconds": 284.746291679, "learning_rate": 0.001, "utterances": 770, "total_utterances": 770, "invalid_utterances": 0, "noisy_si_sdr": 6.016738904979767, "si_sdr": 13.251044429287102, "si_sdri": 7.234305524307333, "best_si_sdri": 7.2731547653452715}
{"event": "progress", "epoch": 24, "step": 0, "loss": -12.636035890117512, "seconds": 285}
{"event": "progress", "epoch": 24, "step": 50, "loss": -13.876643236217058, "seconds": 287}
{"event": "progress", "epoch": 24, "step": 100, "loss": -14.166107809615704, "seconds": 288}
{"event": "progress", "epoch": 24, "step": 150, "loss": -13.845153697463756, "seconds": 290}
{"event": "progress", "epoch": 24, "step": 200, "loss": -13.776718594836915, "seconds": 291}
{"event": "progress", "epoch": 24, "step": 250, "loss": -11.120102711357621, "seconds": 293}
{"event": "progress", "epoch": 24, "step": 300, "loss": -14.991597863892817, "seconds": 294}
{"event": "epoch", "epoch": 24, "phase": "float", "loss": -14.287136062948134, "seconds": 12.188018313999692, "elapsed_seconds": 296.9513311720002, "learning_rate": 0.001, "utterances": 770, "total_utterances": 770, "invalid_utterances": 0, "noisy_si_sdr": 6.016738904979767, "si_sdr": 13.393472245674143, "si_sdri": 7.376733340694376, "best_si_sdri": 7.376733340694376}
{"event": "progress", "epoch": 25, "step": 0, "loss": -16.476546332884418, "seconds": 297}
{"event": "progress", "epoch": 25, "step": 50, "loss": -13.767999038996113, "seconds": 299}
{"event": "progress", "epoch": 25, "step": 100, "loss": -13.481990631154012, "seconds": 300}
{"event": "progress", "epoch": 25, "step": 150, "loss": -15.010102120734551, "seconds": 302}
{"event": "progress", "epoch": 25, "step": 200, "loss": -12.962588186867059, "seconds": 303}
{"event": "progress", "epoch": 25, "step": 250, "loss": -13.5380363186534, "seconds": 305}
{"event": "progress", "epoch": 25, "step": 300, "loss": -12.093707420752647, "seconds": 307}
{"event": "epoch", "epoch": 25, "phase": "float", "loss": -14.235377463291094, "seconds": 12.277864850999777, "elapsed_seconds": 309.2698089370001, "learning_rate": 0.001, "utterances": 770, "total_utterances": 770, "invalid_utterances": 0, "noisy_si_sdr": 6.016738904979767, "si_sdr": 13.412915514504649, "si_sdri": 7.396176609524883, "best_si_sdri": 7.396176609524883}
{"event": "progress", "epoch": 26, "step": 0, "loss": -14.178446376996519, "seconds": 309}
{"event": "progress", "epoch": 26, "step": 50, "loss": -15.525715099215788, "seconds": 311}
{"event": "progress", "epoch": 26, "step": 100, "loss": -13.072123823411019, "seconds": 313}
{"event": "progress", "epoch": 26, "step": 150, "loss": -15.30435143118746, "seconds": 314}
{"event": "progress", "epoch": 26, "step": 200, "loss": -13.088602273556736, "seconds": 316}
{"event": "progress", "epoch": 26, "step": 250, "loss": -11.01964180758824, "seconds": 317}
{"event": "progress", "epoch": 26, "step": 300, "loss": -15.042087029524325, "seconds": 319}
{"event": "epoch", "epoch": 26, "phase": "float", "loss": -14.241929488452627, "seconds": 12.335169963000226, "elapsed_seconds": 321.6483260130003, "learning_rate": 0.001, "utterances": 770, "total_utterances": 770, "invalid_utterances": 0, "noisy_si_sdr": 6.016738904979767, "si_sdr": 13.420508473239353, "si_sdri": 7.403769568259587, "best_si_sdri": 7.403769568259587}
{"event": "progress", "epoch": 27, "step": 0, "loss": -15.522610228682533, "seconds": 322}
{"event": "progress", "epoch": 27, "step": 50, "loss": -13.495815180129842, "seconds": 323}
{"event": "progress", "epoch": 27, "step": 100, "loss": -14.460056619307883, "seconds": 325}
{"event": "progress", "epoch": 27, "step": 150, "loss": -13.367711460023786, "seconds": 326}
{"event": "progress", "epoch": 27, "step": 200, "loss": -13.375952366529646, "seconds": 328}
{"event": "progress", "epoch": 27, "step": 250, "loss": -15.47423098540699, "seconds": 329}
{"event": "progress", "epoch": 27, "step": 300, "loss": -14.284210043624999, "seconds": 331}
{"event": "epoch", "epoch": 27, "phase": "float", "loss": -14.284726759024108, "seconds": 12.185986747999777, "elapsed_seconds": 333.87082090900003, "learning_rate": 0.001, "utterances": 770, "total_utterances": 770, "invalid_utterances": 0, "noisy_si_sdr": 6.016738904979767, "si_sdr": 13.453029812961685, "si_sdri": 7.436290907981915, "best_si_sdri": 7.436290907981915}
{"event": "progress", "epoch": 28, "step": 0, "loss": -15.202903221273425, "seconds": 334}
{"event": "progress", "epoch": 28, "step": 50, "loss": -14.56241941136242, "seconds": 336}
{"event": "progress", "epoch": 28, "step": 100, "loss": -13.788615166050647, "seconds": 337}
{"event": "progress", "epoch": 28, "step": 150, "loss": -15.084964977605999, "seconds": 338}
{"event": "progress", "epoch": 28, "step": 200, "loss": -14.823501817577679, "seconds": 340}
{"event": "progress", "epoch": 28, "step": 250, "loss": -15.48449480227357, "seconds": 342}
{"event": "progress", "epoch": 28, "step": 300, "loss": -14.310947523863595, "seconds": 343}
{"event": "epoch", "epoch": 28, "phase": "float", "loss": -14.299633922575746, "seconds": 12.185883990000093, "elapsed_seconds": 346.088597165, "learning_rate": 0.001, "utterances": 770, "total_utterances": 770, "invalid_utterances": 0, "noisy_si_sdr": 6.016738904979767, "si_sdr": 13.371001819424597, "si_sdri": 7.35426291444483, "best_si_sdri": 7.436290907981915}
{"event": "progress", "epoch": 29, "step": 0, "loss": -15.491467868053418, "seconds": 346}
{"event": "progress", "epoch": 29, "step": 50, "loss": -14.042593433603948, "seconds": 348}
{"event": "progress", "epoch": 29, "step": 100, "loss": -14.741353373756642, "seconds": 349}
{"event": "progress", "epoch": 29, "step": 150, "loss": -13.261402978645663, "seconds": 351}
{"event": "progress", "epoch": 29, "step": 200, "loss": -13.705246508087438, "seconds": 352}
{"event": "progress", "epoch": 29, "step": 250, "loss": -15.000650350224058, "seconds": 354}
{"event": "progress", "epoch": 29, "step": 300, "loss": -14.096948099099373, "seconds": 355}
{"event": "epoch", "epoch": 29, "phase": "float", "loss": -14.31600612860427, "seconds": 12.20878711899968, "elapsed_seconds": 358.31182185100033, "learning_rate": 0.001, "utterances": 770, "total_utterances": 770, "invalid_utterances": 0, "noisy_si_sdr": 6.016738904979767, "si_sdr": 13.25521270677139, "si_sdri": 7.238473801791621, "best_si_sdri": 7.436290907981915}
{"event": "progress", "epoch": 30, "step": 0, "loss": -14.86823810747731, "seconds": 359}
{"event": "progress", "epoch": 30, "step": 50, "loss": -14.458608979623582, "seconds": 360}
{"event": "progress", "epoch": 30, "step": 100, "loss": -15.683338352452045, "seconds": 361}
{"event": "progress", "epoch": 30, "step": 150, "loss": -16.097256740367943, "seconds": 363}
{"event": "progress", "epoch": 30, "step": 200, "loss": -14.537928796738589, "seconds": 364}
{"event": "progress", "epoch": 30, "step": 250, "loss": -15.33478705307545, "seconds": 366}
{"event": "progress", "epoch": 30, "step": 300, "loss": -13.893313856227103, "seconds": 368}
{"event": "epoch", "epoch": 30, "phase": "float", "loss": -14.392048156426233, "seconds": 12.174096329999884, "elapsed_seconds": 370.5059813490002, "learning_rate": 0.001, "utterances": 770, "total_utterances": 770, "invalid_utterances": 0, "noisy_si_sdr": 6.016738904979767, "si_sdr": 13.451393989126325, "si_sdri": 7.4346550841465575, "best_si_sdri": 7.436290907981915}
{"event": "progress", "epoch": 31, "step": 0, "loss": -13.455016388836007, "seconds": 371}
{"event": "progress", "epoch": 31, "step": 50, "loss": -13.056425701678986, "seconds": 372}
{"event": "progress", "epoch": 31, "step": 100, "loss": -15.530015705775929, "seconds": 374}
{"event": "progress", "epoch": 31, "step": 150, "loss": -13.338177700068979, "seconds": 375}
{"event": "progress", "epoch": 31, "step": 200, "loss": -12.0077191319434, "seconds": 377}
{"event": "progress", "epoch": 31, "step": 250, "loss": -13.936262016100208, "seconds": 378}
{"event": "progress", "epoch": 31, "step": 300, "loss": -14.788886720467566, "seconds": 380}
{"event": "epoch", "epoch": 31, "phase": "float", "loss": -14.343105050466095, "seconds": 12.081797006000215, "elapsed_seconds": 382.59892010600015, "learning_rate": 0.001, "utterances": 770, "total_utterances": 770, "invalid_utterances": 0, "noisy_si_sdr": 6.016738904979767, "si_sdr": 13.501365842670657, "si_sdri": 7.484626937690889, "best_si_sdri": 7.484626937690889}
{"event": "progress", "epoch": 32, "step": 0, "loss": -14.497508918435061, "seconds": 383}
{"event": "progress", "epoch": 32, "step": 50, "loss": -14.938133948898946, "seconds": 384}
{"event": "progress", "epoch": 32, "step": 100, "loss": -12.665697377927959, "seconds": 386}
{"event": "progress", "epoch": 32, "step": 150, "loss": -15.190535733593043, "seconds": 387}
{"event": "progress", "epoch": 32, "step": 200, "loss": -14.628290827869739, "seconds": 389}
{"event": "progress", "epoch": 32, "step": 250, "loss": -13.485602799657945, "seconds": 390}
{"event": "progress", "epoch": 32, "step": 300, "loss": -14.650085882807325, "seconds": 392}
{"event": "epoch", "epoch": 32, "phase": "float", "loss": -14.337195034317554, "seconds": 12.07303987000023, "elapsed_seconds": 394.7017715840002, "learning_rate": 0.001, "utterances": 770, "total_utterances": 770, "invalid_utterances": 0, "noisy_si_sdr": 6.016738904979767, "si_sdr": 13.327107943603961, "si_sdri": 7.310369038624195, "best_si_sdri": 7.484626937690889}
{"event": "progress", "epoch": 33, "step": 0, "loss": -14.085958161559502, "seconds": 395}
{"event": "progress", "epoch": 33, "step": 50, "loss": -15.251789808975872, "seconds": 396}
{"event": "progress", "epoch": 33, "step": 100, "loss": -16.312618036770253, "seconds": 398}
{"event": "progress", "epoch": 33, "step": 150, "loss": -13.131648165333251, "seconds": 399}
{"event": "progress", "epoch": 33, "step": 200, "loss": -17.012385350943934, "seconds": 401}
{"event": "progress", "epoch": 33, "step": 250, "loss": -13.982527266970564, "seconds": 403}
{"event": "progress", "epoch": 33, "step": 300, "loss": -14.387376239914666, "seconds": 404}
{"event": "epoch", "epoch": 33, "phase": "float", "loss": -14.35925283077915, "seconds": 12.17097964100003, "elapsed_seconds": 406.88390160200015, "learning_rate": 0.001, "utterances": 770, "total_utterances": 770, "invalid_utterances": 0, "noisy_si_sdr": 6.016738904979767, "si_sdr": 13.46551951816252, "si_sdri": 7.4487806131827545, "best_si_sdri": 7.484626937690889}
{"event": "progress", "epoch": 34, "step": 0, "loss": -14.36158736361518, "seconds": 407}
{"event": "progress", "epoch": 34, "step": 50, "loss": -12.493496230814642, "seconds": 409}
{"event": "progress", "epoch": 34, "step": 100, "loss": -13.49005347445355, "seconds": 410}
{"event": "progress", "epoch": 34, "step": 150, "loss": -14.304390184379468, "seconds": 412}
{"event": "progress", "epoch": 34, "step": 200, "loss": -14.405801922940844, "seconds": 413}
{"event": "progress", "epoch": 34, "step": 250, "loss": -14.394642385692016, "seconds": 415}
{"event": "progress", "epoch": 34, "step": 300, "loss": -13.219565441816972, "seconds": 416}
{"event": "epoch", "epoch": 34, "phase": "float", "loss": -14.424335788945527, "seconds": 12.142387194999628, "elapsed_seconds": 419.0378100300004, "learning_rate": 0.001, "utterances": 770, "total_utterances": 770, "invalid_utterances": 0, "noisy_si_sdr": 6.016738904979767, "si_sdr": 13.529731988156973, "si_sdri": 7.512993083177206, "best_si_sdri": 7.512993083177206}
{"event": "progress", "epoch": 35, "step": 0, "loss": -14.022266174430985, "seconds": 419}
{"event": "progress", "epoch": 35, "step": 50, "loss": -11.979578178154028, "seconds": 421}
{"event": "progress", "epoch": 35, "step": 100, "loss": -14.073698434188682, "seconds": 422}
{"event": "progress", "epoch": 35, "step": 150, "loss": -17.528165274049815, "seconds": 424}
{"event": "progress", "epoch": 35, "step": 200, "loss": -13.765792412156138, "seconds": 425}
{"event": "progress", "epoch": 35, "step": 250, "loss": -12.662625424754639, "seconds": 427}
{"event": "progress", "epoch": 35, "step": 300, "loss": -13.509349634478856, "seconds": 429}
{"event": "epoch", "epoch": 35, "phase": "float", "loss": -14.440390088822808, "seconds": 12.341390747999867, "elapsed_seconds": 431.4188477480002, "learning_rate": 0.001, "utterances": 770, "total_utterances": 770, "invalid_utterances": 0, "noisy_si_sdr": 6.016738904979767, "si_sdr": 13.227141360009824, "si_sdri": 7.210402455030057, "best_si_sdri": 7.512993083177206}
{"event": "progress", "epoch": 36, "step": 0, "loss": -14.136854688470166, "seconds": 432}
{"event": "progress", "epoch": 36, "step": 50, "loss": -12.7813271208442, "seconds": 433}
{"event": "progress", "epoch": 36, "step": 100, "loss": -15.122210186457952, "seconds": 434}
{"event": "progress", "epoch": 36, "step": 150, "loss": -15.033910891794601, "seconds": 436}
{"event": "progress", "epoch": 36, "step": 200, "loss": -14.975336677618131, "seconds": 438}
{"event": "progress", "epoch": 36, "step": 250, "loss": -13.306587951680601, "seconds": 439}
{"event": "progress", "epoch": 36, "step": 300, "loss": -13.280624384305874, "seconds": 441}
{"event": "epoch", "epoch": 36, "phase": "float", "loss": -14.431974739850526, "seconds": 12.062297841000145, "elapsed_seconds": 443.50589803400044, "learning_rate": 0.001, "utterances": 770, "total_utterances": 770, "invalid_utterances": 0, "noisy_si_sdr": 6.016738904979767, "si_sdr": 13.309660296605882, "si_sdri": 7.292921391626114, "best_si_sdri": 7.512993083177206}
{"event": "progress", "epoch": 37, "step": 0, "loss": -14.095698346398375, "seconds": 444}
{"event": "progress", "epoch": 37, "step": 50, "loss": -15.216697424193962, "seconds": 445}
{"event": "progress", "epoch": 37, "step": 100, "loss": -13.37465299538792, "seconds": 447}
{"event": "progress", "epoch": 37, "step": 150, "loss": -14.739763114565324, "seconds": 448}
{"event": "progress", "epoch": 37, "step": 200, "loss": -18.86640166245587, "seconds": 450}
{"event": "progress", "epoch": 37, "step": 250, "loss": -14.012995823626422, "seconds": 451}
{"event": "progress", "epoch": 37, "step": 300, "loss": -14.023470605854905, "seconds": 453}
{"event": "epoch", "epoch": 37, "phase": "float", "loss": -14.459730449817064, "seconds": 12.176048853999873, "elapsed_seconds": 455.6979866390002, "learning_rate": 0.001, "utterances": 770, "total_utterances": 770, "invalid_utterances": 0, "noisy_si_sdr": 6.016738904979767, "si_sdr": 13.323935625684902, "si_sdri": 7.307196720705136, "best_si_sdri": 7.512993083177206}
{"event": "progress", "epoch": 38, "step": 0, "loss": -13.436980472243478, "seconds": 456}
{"event": "progress", "epoch": 38, "step": 50, "loss": -15.307116893772111, "seconds": 457}
{"event": "progress", "epoch": 38, "step": 100, "loss": -13.215030481858191, "seconds": 459}
{"event": "progress", "epoch": 38, "step": 150, "loss": -15.440482150525117, "seconds": 460}
{"event": "progress", "epoch": 38, "step": 200, "loss": -16.563724798049464, "seconds": 461}
{"event": "progress", "epoch": 38, "step": 250, "loss": -14.58257955355689, "seconds": 463}
{"event": "progress", "epoch": 38, "step": 300, "loss": -14.523230040614816, "seconds": 464}
{"event": "epoch", "epoch": 38, "phase": "float", "loss": -14.466792713978329, "seconds": 10.463714244999665, "elapsed_seconds": 466.1765077900004, "learning_rate": 0.001, "utterances": 770, "total_utterances": 770, "invalid_utterances": 0, "noisy_si_sdr": 6.016738904979767, "si_sdr": 13.437215813770209, "si_sdri": 7.420476908790443, "best_si_sdri": 7.512993083177206}
{"event": "progress", "epoch": 39, "step": 0, "loss": -15.542858606734884, "seconds": 466}
{"event": "progress", "epoch": 39, "step": 50, "loss": -15.010161236415811, "seconds": 468}
{"event": "progress", "epoch": 39, "step": 100, "loss": -15.627636214999079, "seconds": 469}
{"event": "progress", "epoch": 39, "step": 150, "loss": -13.515448644851213, "seconds": 470}
{"event": "progress", "epoch": 39, "step": 200, "loss": -13.82170104365655, "seconds": 471}
{"event": "progress", "epoch": 39, "step": 250, "loss": -13.175394841110759, "seconds": 473}
{"event": "progress", "epoch": 39, "step": 300, "loss": -15.024390753139539, "seconds": 474}
{"event": "epoch", "epoch": 39, "phase": "float", "loss": -14.469343707774488, "seconds": 9.963579689999733, "elapsed_seconds": 476.1586780920002, "learning_rate": 0.001, "utterances": 770, "total_utterances": 770, "invalid_utterances": 0, "noisy_si_sdr": 6.016738904979767, "si_sdr": 13.603867432371386, "si_sdri": 7.58712852739162, "best_si_sdri": 7.58712852739162}
{"event": "progress", "epoch": 40, "step": 0, "loss": -15.428408425398814, "seconds": 476}
{"event": "progress", "epoch": 40, "step": 50, "loss": -14.169032728576067, "seconds": 478}
{"event": "progress", "epoch": 40, "step": 100, "loss": -14.093588821953304, "seconds": 479}
{"event": "progress", "epoch": 40, "step": 150, "loss": -12.309152275797727, "seconds": 480}
{"event": "progress", "epoch": 40, "step": 200, "loss": -14.81674295347235, "seconds": 481}
{"event": "progress", "epoch": 40, "step": 250, "loss": -15.674037882841674, "seconds": 483}
{"event": "progress", "epoch": 40, "step": 300, "loss": -13.361839835995355, "seconds": 484}
{"event": "epoch", "epoch": 40, "phase": "float", "loss": -14.531116487462072, "seconds": 10.094129198000246, "elapsed_seconds": 486.2898315700004, "learning_rate": 0.001, "utterances": 770, "total_utterances": 770, "invalid_utterances": 0, "noisy_si_sdr": 6.016738904979767, "si_sdr": 13.534554506382964, "si_sdri": 7.517815601403197, "best_si_sdri": 7.58712852739162}
{"event": "progress", "epoch": 41, "step": 0, "loss": -13.171102866357241, "seconds": 487}
{"event": "progress", "epoch": 41, "step": 50, "loss": -13.932899492077572, "seconds": 488}
{"event": "progress", "epoch": 41, "step": 100, "loss": -15.08843517910539, "seconds": 489}
{"event": "progress", "epoch": 41, "step": 150, "loss": -15.662439443621555, "seconds": 491}
{"event": "progress", "epoch": 41, "step": 200, "loss": -16.33953689249779, "seconds": 492}
{"event": "progress", "epoch": 41, "step": 250, "loss": -14.408136274721096, "seconds": 493}
{"event": "progress", "epoch": 41, "step": 300, "loss": -17.31605276912907, "seconds": 495}
{"event": "epoch", "epoch": 41, "phase": "float", "loss": -14.540983340693055, "seconds": 10.924063016000218, "elapsed_seconds": 497.2313931780004, "learning_rate": 0.001, "utterances": 770, "total_utterances": 770, "invalid_utterances": 0, "noisy_si_sdr": 6.016738904979767, "si_sdr": 13.665942707748771, "si_sdri": 7.6492038027690015, "best_si_sdri": 7.6492038027690015}
{"event": "progress", "epoch": 42, "step": 0, "loss": -14.728753489610542, "seconds": 497}
{"event": "progress", "epoch": 42, "step": 50, "loss": -14.639482371043378, "seconds": 499}
{"event": "progress", "epoch": 42, "step": 100, "loss": -14.411634740180258, "seconds": 501}
{"event": "progress", "epoch": 42, "step": 150, "loss": -16.278390274370842, "seconds": 502}
{"event": "progress", "epoch": 42, "step": 200, "loss": -14.893172747501946, "seconds": 504}
{"event": "progress", "epoch": 42, "step": 250, "loss": -16.374673563715664, "seconds": 505}
{"event": "progress", "epoch": 42, "step": 300, "loss": -14.900426846489287, "seconds": 507}
{"event": "epoch", "epoch": 42, "phase": "float", "loss": -14.527288830333736, "seconds": 12.223254855999585, "elapsed_seconds": 509.48582809000027, "learning_rate": 0.001, "utterances": 770, "total_utterances": 770, "invalid_utterances": 0, "noisy_si_sdr": 6.016738904979767, "si_sdr": 13.594329586810003, "si_sdri": 7.5775906818302365, "best_si_sdri": 7.6492038027690015}
{"event": "progress", "epoch": 43, "step": 0, "loss": -15.16230766379548, "seconds": 510}
{"event": "progress", "epoch": 43, "step": 50, "loss": -13.988611572168086, "seconds": 511}
{"event": "progress", "epoch": 43, "step": 100, "loss": -13.580889511667706, "seconds": 513}
{"event": "progress", "epoch": 43, "step": 150, "loss": -13.558516721662958, "seconds": 514}
{"event": "progress", "epoch": 43, "step": 200, "loss": -14.17370342490615, "seconds": 516}
{"event": "progress", "epoch": 43, "step": 250, "loss": -15.512118954804242, "seconds": 518}
{"event": "progress", "epoch": 43, "step": 300, "loss": -13.727510658644732, "seconds": 519}
{"event": "epoch", "epoch": 43, "phase": "float", "loss": -14.562343078650565, "seconds": 12.170785227000124, "elapsed_seconds": 521.6727869760002, "learning_rate": 0.001, "utterances": 770, "total_utterances": 770, "invalid_utterances": 0, "noisy_si_sdr": 6.016738904979767, "si_sdr": 13.61463937095629, "si_sdri": 7.597900465976522, "best_si_sdri": 7.6492038027690015}
{"event": "progress", "epoch": 44, "step": 0, "loss": -13.874231702891109, "seconds": 522}
{"event": "progress", "epoch": 44, "step": 50, "loss": -15.902330540258816, "seconds": 523}
{"event": "progress", "epoch": 44, "step": 100, "loss": -14.266519622431865, "seconds": 525}
{"event": "progress", "epoch": 44, "step": 150, "loss": -15.456388631976429, "seconds": 527}
{"event": "progress", "epoch": 44, "step": 200, "loss": -14.253965876990554, "seconds": 528}
{"event": "progress", "epoch": 44, "step": 250, "loss": -13.729308281194502, "seconds": 530}
{"event": "progress", "epoch": 44, "step": 300, "loss": -15.38322787004015, "seconds": 531}
{"event": "epoch", "epoch": 44, "phase": "float", "loss": -14.534832508976315, "seconds": 12.23923720699986, "elapsed_seconds": 533.9288367010004, "learning_rate": 0.001, "utterances": 770, "total_utterances": 770, "invalid_utterances": 0, "noisy_si_sdr": 6.016738904979767, "si_sdr": 13.661171693214941, "si_sdri": 7.644432788235173, "best_si_sdri": 7.6492038027690015}
{"event": "progress", "epoch": 45, "step": 0, "loss": -16.49593051428067, "seconds": 534}
{"event": "progress", "epoch": 45, "step": 50, "loss": -11.884756832735125, "seconds": 536}
{"event": "progress", "epoch": 45, "step": 100, "loss": -14.681016181816052, "seconds": 537}
{"event": "progress", "epoch": 45, "step": 150, "loss": -13.535024350650499, "seconds": 539}
{"event": "progress", "epoch": 45, "step": 200, "loss": -12.790706962998332, "seconds": 541}
{"event": "progress", "epoch": 45, "step": 250, "loss": -14.728836519489708, "seconds": 542}
{"event": "progress", "epoch": 45, "step": 300, "loss": -16.009900395635356, "seconds": 544}
{"event": "epoch", "epoch": 45, "phase": "float", "loss": -14.561396576135555, "seconds": 12.702463265999995, "elapsed_seconds": 546.6426933960001, "learning_rate": 0.001, "utterances": 770, "total_utterances": 770, "invalid_utterances": 0, "noisy_si_sdr": 6.016738904979767, "si_sdr": 13.678120617225417, "si_sdri": 7.661381712245647, "best_si_sdri": 7.661381712245647}
{"event": "progress", "epoch": 46, "step": 0, "loss": -15.303563588846316, "seconds": 547}
{"event": "progress", "epoch": 46, "step": 50, "loss": -15.048284601422015, "seconds": 549}
{"event": "progress", "epoch": 46, "step": 100, "loss": -14.984362096263034, "seconds": 550}
{"event": "progress", "epoch": 46, "step": 150, "loss": -15.756009995925584, "seconds": 552}
{"event": "progress", "epoch": 46, "step": 200, "loss": -15.173853745692359, "seconds": 553}
{"event": "progress", "epoch": 46, "step": 250, "loss": -14.15519075866998, "seconds": 555}
{"event": "progress", "epoch": 46, "step": 300, "loss": -15.171841266991485, "seconds": 557}
{"event": "epoch", "epoch": 46, "phase": "float", "loss": -14.569151285652058, "seconds": 12.937159178000002, "elapsed_seconds": 559.6243806680004, "learning_rate": 0.001, "utterances": 770, "total_utterances": 770, "invalid_utterances": 0, "noisy_si_sdr": 6.016738904979767, "si_sdr": 13.701937614980425, "si_sdri": 7.685198710000658, "best_si_sdri": 7.685198710000658}
{"event": "progress", "epoch": 47, "step": 0, "loss": -16.103447765706722, "seconds": 560}
{"event": "progress", "epoch": 47, "step": 50, "loss": -14.083378729033564, "seconds": 562}
{"event": "progress", "epoch": 47, "step": 100, "loss": -13.055866273674923, "seconds": 564}
{"event": "progress", "epoch": 47, "step": 150, "loss": -13.705972572634195, "seconds": 565}
{"event": "progress", "epoch": 47, "step": 200, "loss": -13.757384654641605, "seconds": 567}
{"event": "progress", "epoch": 47, "step": 250, "loss": -13.846595636991815, "seconds": 569}
{"event": "progress", "epoch": 47, "step": 300, "loss": -14.47733110836987, "seconds": 570}
{"event": "epoch", "epoch": 47, "phase": "float", "loss": -14.570872467470492, "seconds": 13.796268661999875, "elapsed_seconds": 573.4678919580001, "learning_rate": 0.001, "utterances": 770, "total_utterances": 770, "invalid_utterances": 0, "noisy_si_sdr": 6.016738904979767, "si_sdr": 13.55587425751026, "si_sdri": 7.539135352530492, "best_si_sdri": 7.685198710000658}
{"event": "progress", "epoch": 48, "step": 0, "loss": -13.283126830145012, "seconds": 574}
{"event": "progress", "epoch": 48, "step": 50, "loss": -15.640316254888958, "seconds": 575}
{"event": "progress", "epoch": 48, "step": 100, "loss": -12.788346967793144, "seconds": 577}
{"event": "progress", "epoch": 48, "step": 150, "loss": -12.558910889437998, "seconds": 579}
{"event": "progress", "epoch": 48, "step": 200, "loss": -16.04624038938715, "seconds": 581}
{"event": "progress", "epoch": 48, "step": 250, "loss": -10.996719333951356, "seconds": 582}
{"event": "progress", "epoch": 48, "step": 300, "loss": -14.804066351451684, "seconds": 584}
{"event": "epoch", "epoch": 48, "phase": "float", "loss": -14.609425650156899, "seconds": 13.708903003999694, "elapsed_seconds": 587.188941634, "learning_rate": 0.001, "utterances": 770, "total_utterances": 770, "invalid_utterances": 0, "noisy_si_sdr": 6.016738904979767, "si_sdr": 13.71845732980649, "si_sdri": 7.701718424826724, "best_si_sdri": 7.701718424826724}
{"event": "progress", "epoch": 49, "step": 0, "loss": -15.01876554723695, "seconds": 587}
{"event": "progress", "epoch": 49, "step": 50, "loss": -14.338891857113337, "seconds": 589}
{"event": "progress", "epoch": 49, "step": 100, "loss": -12.274647041623176, "seconds": 591}
{"event": "progress", "epoch": 49, "step": 150, "loss": -14.205727279852649, "seconds": 593}
{"event": "progress", "epoch": 49, "step": 200, "loss": -17.168712967371505, "seconds": 595}
{"event": "progress", "epoch": 49, "step": 250, "loss": -13.490842332595566, "seconds": 596}
{"event": "progress", "epoch": 49, "step": 300, "loss": -15.68683619998332, "seconds": 598}
{"event": "epoch", "epoch": 49, "phase": "float", "loss": -14.612831573503758, "seconds": 13.83193362100019, "elapsed_seconds": 601.0524212470004, "learning_rate": 0.001, "utterances": 770, "total_utterances": 770, "invalid_utterances": 0, "noisy_si_sdr": 6.016738904979767, "si_sdr": 13.66679720980359, "si_sdri": 7.6500583048238235, "best_si_sdri": 7.701718424826724}
{"event": "progress", "epoch": 50, "step": 0, "loss": -13.316338383885416, "seconds": 601}
{"event": "progress", "epoch": 50, "step": 50, "loss": -13.914015098377039, "seconds": 603}
{"event": "progress", "epoch": 50, "step": 100, "loss": -14.73764606234711, "seconds": 605}
{"event": "progress", "epoch": 50, "step": 150, "loss": -14.86317787190399, "seconds": 607}
{"event": "progress", "epoch": 50, "step": 200, "loss": -14.762842715933342, "seconds": 609}
{"event": "progress", "epoch": 50, "step": 250, "loss": -15.311365349382491, "seconds": 610}
{"event": "progress", "epoch": 50, "step": 300, "loss": -12.866024403735594, "seconds": 612}
{"event": "epoch", "epoch": 50, "phase": "float", "loss": -14.641255916687859, "seconds": 13.395740191000186, "elapsed_seconds": 614.4688360950004, "learning_rate": 0.001, "utterances": 770, "total_utterances": 770, "invalid_utterances": 0, "noisy_si_sdr": 6.016738904979767, "si_sdr": 13.683133915161878, "si_sdri": 7.666395010182112, "best_si_sdri": 7.701718424826724}
{"event": "progress", "epoch": 51, "step": 0, "loss": -12.859433932237316, "seconds": 615}
{"event": "progress", "epoch": 51, "step": 50, "loss": -15.525131113297777, "seconds": 616}
{"event": "progress", "epoch": 51, "step": 100, "loss": -14.8972060817014, "seconds": 618}
{"event": "progress", "epoch": 51, "step": 150, "loss": -16.518625600002153, "seconds": 620}
{"event": "progress", "epoch": 51, "step": 200, "loss": -14.23624009765563, "seconds": 622}
{"event": "progress", "epoch": 51, "step": 250, "loss": -16.122537436043565, "seconds": 623}
{"event": "progress", "epoch": 51, "step": 300, "loss": -13.779770739001135, "seconds": 625}
{"event": "epoch", "epoch": 51, "phase": "float", "loss": -14.682894164520386, "seconds": 13.734427619000144, "elapsed_seconds": 628.2175486590004, "learning_rate": 0.001, "utterances": 770, "total_utterances": 770, "invalid_utterances": 0, "noisy_si_sdr": 6.016738904979767, "si_sdr": 13.684141224039436, "si_sdri": 7.667402319059669, "best_si_sdri": 7.701718424826724}
{"event": "progress", "epoch": 52, "step": 0, "loss": -13.211177871998895, "seconds": 628}
{"event": "progress", "epoch": 52, "step": 50, "loss": -12.898526460709856, "seconds": 630}
{"event": "progress", "epoch": 52, "step": 100, "loss": -15.178915642086567, "seconds": 632}
{"event": "progress", "epoch": 52, "step": 150, "loss": -12.880384979123358, "seconds": 634}
{"event": "progress", "epoch": 52, "step": 200, "loss": -16.878304139764623, "seconds": 636}
{"event": "progress", "epoch": 52, "step": 250, "loss": -14.746713214896428, "seconds": 637}
{"event": "progress", "epoch": 52, "step": 300, "loss": -15.24140728935295, "seconds": 639}
{"event": "epoch", "epoch": 52, "phase": "float", "loss": -14.698529995053645, "seconds": 13.853905250000025, "elapsed_seconds": 642.0851279230001, "learning_rate": 0.001, "utterances": 770, "total_utterances": 770, "invalid_utterances": 0, "noisy_si_sdr": 6.016738904979767, "si_sdr": 13.687757746868916, "si_sdri": 7.671018841889149, "best_si_sdri": 7.701718424826724}
{"event": "progress", "epoch": 53, "step": 0, "loss": -15.254783123685549, "seconds": 642}
{"event": "progress", "epoch": 53, "step": 50, "loss": -13.76845208041383, "seconds": 644}
{"event": "progress", "epoch": 53, "step": 100, "loss": -11.91340184568596, "seconds": 646}
{"event": "progress", "epoch": 53, "step": 150, "loss": -14.464006366258282, "seconds": 647}
{"event": "progress", "epoch": 53, "step": 200, "loss": -14.859497656955298, "seconds": 649}
{"event": "progress", "epoch": 53, "step": 250, "loss": -13.912271084074376, "seconds": 651}
{"event": "progress", "epoch": 53, "step": 300, "loss": -16.35807330406695, "seconds": 652}
{"event": "epoch", "epoch": 53, "phase": "float", "loss": -14.72190006981576, "seconds": 13.368739839000227, "elapsed_seconds": 655.4702955140001, "learning_rate": 0.0005, "utterances": 770, "total_utterances": 770, "invalid_utterances": 0, "noisy_si_sdr": 6.016738904979767, "si_sdr": 13.69769924393451, "si_sdri": 7.680960338954743, "best_si_sdri": 7.701718424826724}
{"event": "progress", "epoch": 54, "step": 0, "loss": -14.959935329675863, "seconds": 656}
{"event": "progress", "epoch": 54, "step": 50, "loss": -15.597136315520435, "seconds": 657}
{"event": "progress", "epoch": 54, "step": 100, "loss": -15.824847990698945, "seconds": 659}
{"event": "progress", "epoch": 54, "step": 150, "loss": -14.201063708684046, "seconds": 661}
{"event": "progress", "epoch": 54, "step": 200, "loss": -13.64111319309469, "seconds": 662}
{"event": "progress", "epoch": 54, "step": 250, "loss": -12.307503766046569, "seconds": 664}
{"event": "progress", "epoch": 54, "step": 300, "loss": -14.675606868197018, "seconds": 666}
{"event": "epoch", "epoch": 54, "phase": "float", "loss": -14.867120284737453, "seconds": 13.534357485999863, "elapsed_seconds": 669.015705538, "learning_rate": 0.0005, "utterances": 770, "total_utterances": 770, "invalid_utterances": 0, "noisy_si_sdr": 6.016738904979767, "si_sdr": 13.79595829223861, "si_sdri": 7.779219387258843, "best_si_sdri": 7.779219387258843}
{"event": "progress", "epoch": 55, "step": 0, "loss": -15.723960195155238, "seconds": 669}
{"event": "progress", "epoch": 55, "step": 50, "loss": -14.93989222576256, "seconds": 671}
{"event": "progress", "epoch": 55, "step": 100, "loss": -14.173260110401001, "seconds": 673}
{"event": "progress", "epoch": 55, "step": 150, "loss": -17.664501335160928, "seconds": 674}
{"event": "progress", "epoch": 55, "step": 200, "loss": -14.25892668793188, "seconds": 676}
{"event": "progress", "epoch": 55, "step": 250, "loss": -12.147510482237236, "seconds": 678}
{"event": "progress", "epoch": 55, "step": 300, "loss": -15.856756762790042, "seconds": 680}
{"event": "epoch", "epoch": 55, "phase": "float", "loss": -14.934014739260864, "seconds": 13.734392279000076, "elapsed_seconds": 682.7757651700003, "learning_rate": 0.0005, "utterances": 770, "total_utterances": 770, "invalid_utterances": 0, "noisy_si_sdr": 6.016738904979767, "si_sdr": 13.764527560063907, "si_sdri": 7.74778865508414, "best_si_sdri": 7.779219387258843}
{"event": "progress", "epoch": 56, "step": 0, "loss": -13.892580513504441, "seconds": 683}
{"event": "progress", "epoch": 56, "step": 50, "loss": -13.594855480121126, "seconds": 685}
{"event": "progress", "epoch": 56, "step": 100, "loss": -16.568649289295205, "seconds": 687}
{"event": "progress", "epoch": 56, "step": 150, "loss": -15.177959911780775, "seconds": 688}
{"event": "progress", "epoch": 56, "step": 200, "loss": -14.723418856944086, "seconds": 690}
{"event": "progress", "epoch": 56, "step": 250, "loss": -15.085648844319877, "seconds": 692}
{"event": "progress", "epoch": 56, "step": 300, "loss": -15.607865473541795, "seconds": 693}
{"event": "epoch", "epoch": 56, "phase": "float", "loss": -14.795658199206775, "seconds": 13.626021259000026, "elapsed_seconds": 696.422258733, "learning_rate": 0.0005, "utterances": 770, "total_utterances": 770, "invalid_utterances": 0, "noisy_si_sdr": 6.016738904979767, "si_sdr": 13.777805735480484, "si_sdri": 7.7610668305007176, "best_si_sdri": 7.779219387258843}
{"event": "progress", "epoch": 57, "step": 0, "loss": -15.924570627061645, "seconds": 697}
{"event": "progress", "epoch": 57, "step": 50, "loss": -15.226336444071258, "seconds": 698}
{"event": "progress", "epoch": 57, "step": 100, "loss": -14.82309803714866, "seconds": 700}
{"event": "progress", "epoch": 57, "step": 150, "loss": -15.822676754727084, "seconds": 702}
{"event": "progress", "epoch": 57, "step": 200, "loss": -14.702661387626245, "seconds": 703}
{"event": "progress", "epoch": 57, "step": 250, "loss": -15.61119842209355, "seconds": 705}
{"event": "progress", "epoch": 57, "step": 300, "loss": -15.75634428922535, "seconds": 707}
{"event": "epoch", "epoch": 57, "phase": "float", "loss": -14.910598575161622, "seconds": 13.37832404000028, "elapsed_seconds": 709.8150863810001, "learning_rate": 0.0005, "utterances": 770, "total_utterances": 770, "invalid_utterances": 0, "noisy_si_sdr": 6.016738904979767, "si_sdr": 13.768946165685183, "si_sdri": 7.752207260705413, "best_si_sdri": 7.779219387258843}
{"event": "progress", "epoch": 58, "step": 0, "loss": -14.278917640250413, "seconds": 710}
{"event": "progress", "epoch": 58, "step": 50, "loss": -15.184142674471923, "seconds": 712}
{"event": "progress", "epoch": 58, "step": 100, "loss": -14.658791694798623, "seconds": 714}
{"event": "progress", "epoch": 58, "step": 150, "loss": -14.99308412092823, "seconds": 715}
{"event": "progress", "epoch": 58, "step": 200, "loss": -12.677717243654943, "seconds": 717}
{"event": "progress", "epoch": 58, "step": 250, "loss": -16.4917181113539, "seconds": 719}
{"event": "progress", "epoch": 58, "step": 300, "loss": -14.498384084815205, "seconds": 720}
{"event": "epoch", "epoch": 58, "phase": "float", "loss": -14.854248258670182, "seconds": 13.680388556999787, "elapsed_seconds": 723.5197240420002, "learning_rate": 0.0005, "utterances": 770, "total_utterances": 770, "invalid_utterances": 0, "noisy_si_sdr": 6.016738904979767, "si_sdr": 13.760780782073992, "si_sdri": 7.744041877094224, "best_si_sdri": 7.779219387258843}
{"event": "progress", "epoch": 59, "step": 0, "loss": -14.791181556262186, "seconds": 724}
{"event": "progress", "epoch": 59, "step": 50, "loss": -17.351968698223615, "seconds": 726}
{"event": "progress", "epoch": 59, "step": 100, "loss": -16.095220583036443, "seconds": 727}
{"event": "progress", "epoch": 59, "step": 150, "loss": -14.97991583513569, "seconds": 729}
{"event": "progress", "epoch": 59, "step": 200, "loss": -12.524877160241855, "seconds": 731}
{"event": "progress", "epoch": 59, "step": 250, "loss": -16.044991544636233, "seconds": 732}
{"event": "progress", "epoch": 59, "step": 300, "loss": -14.551022748318726, "seconds": 734}
{"event": "epoch", "epoch": 59, "phase": "float", "loss": -14.973602257147164, "seconds": 13.642052715999853, "elapsed_seconds": 737.181262952, "learning_rate": 0.0005, "utterances": 770, "total_utterances": 770, "invalid_utterances": 0, "noisy_si_sdr": 6.016738904979767, "si_sdr": 13.800256065473796, "si_sdri": 7.783517160494028, "best_si_sdri": 7.783517160494028}
{"event": "progress", "epoch": 60, "step": 0, "loss": -15.446961217660636, "seconds": 737}
{"event": "progress", "epoch": 60, "step": 50, "loss": -13.298887228903073, "seconds": 739}
{"event": "progress", "epoch": 60, "step": 100, "loss": -14.494382910595363, "seconds": 741}
{"event": "progress", "epoch": 60, "step": 150, "loss": -17.365562124492342, "seconds": 743}
{"event": "progress", "epoch": 60, "step": 200, "loss": -14.333596021497367, "seconds": 744}
{"event": "progress", "epoch": 60, "step": 250, "loss": -12.789406302251486, "seconds": 746}
{"event": "progress", "epoch": 60, "step": 300, "loss": -14.391638457034087, "seconds": 747}
{"event": "epoch", "epoch": 60, "phase": "float", "loss": -14.903535927222539, "seconds": 13.238049201000194, "elapsed_seconds": 750.4548431020003, "learning_rate": 0.0005, "utterances": 770, "total_utterances": 770, "invalid_utterances": 0, "noisy_si_sdr": 6.016738904979767, "si_sdr": 13.880982166513856, "si_sdri": 7.8642432615340905, "best_si_sdri": 7.8642432615340905}
{"event": "progress", "epoch": 61, "step": 0, "loss": -13.462772179605338, "seconds": 751}
{"event": "progress", "epoch": 61, "step": 50, "loss": -16.35158343023432, "seconds": 752}
{"event": "progress", "epoch": 61, "step": 100, "loss": -13.671515841796634, "seconds": 754}
{"event": "progress", "epoch": 61, "step": 150, "loss": -14.064695496093822, "seconds": 756}
{"event": "progress", "epoch": 61, "step": 200, "loss": -12.84709838937056, "seconds": 758}
{"event": "progress", "epoch": 61, "step": 250, "loss": -12.65003333592663, "seconds": 759}
{"event": "progress", "epoch": 61, "step": 300, "loss": -14.256575640567451, "seconds": 761}
{"event": "epoch", "epoch": 61, "phase": "float", "loss": -14.939048031161411, "seconds": 13.864213657000164, "elapsed_seconds": 764.3589147510002, "learning_rate": 0.0005, "utterances": 770, "total_utterances": 770, "invalid_utterances": 0, "noisy_si_sdr": 6.016738904979767, "si_sdr": 13.839758244088179, "si_sdri": 7.82301933910841, "best_si_sdri": 7.8642432615340905}
{"event": "progress", "epoch": 62, "step": 0, "loss": -15.76201844460238, "seconds": 765}
{"event": "progress", "epoch": 62, "step": 50, "loss": -13.790685727171685, "seconds": 766}
{"event": "progress", "epoch": 62, "step": 100, "loss": -13.097969322308064, "seconds": 768}
{"event": "progress", "epoch": 62, "step": 150, "loss": -13.497068272627299, "seconds": 770}
{"event": "progress", "epoch": 62, "step": 200, "loss": -18.0418684226497, "seconds": 771}
{"event": "progress", "epoch": 62, "step": 250, "loss": -15.191103165356743, "seconds": 773}
{"event": "progress", "epoch": 62, "step": 300, "loss": -14.773269662036281, "seconds": 775}
{"event": "epoch", "epoch": 62, "phase": "float", "loss": -14.945977994544627, "seconds": 13.691217387999586, "elapsed_seconds": 778.0653882870001, "learning_rate": 0.0005, "utterances": 770, "total_utterances": 770, "invalid_utterances": 0, "noisy_si_sdr": 6.016738904979767, "si_sdr": 13.788923619943212, "si_sdri": 7.772184714963446, "best_si_sdri": 7.8642432615340905}
{"event": "progress", "epoch": 63, "step": 0, "loss": -15.845125387695782, "seconds": 778}
{"event": "progress", "epoch": 63, "step": 50, "loss": -14.797544926047767, "seconds": 780}
{"event": "progress", "epoch": 63, "step": 100, "loss": -11.809507679688338, "seconds": 782}
{"event": "progress", "epoch": 63, "step": 150, "loss": -20.001384439680656, "seconds": 783}
{"event": "progress", "epoch": 63, "step": 200, "loss": -14.522209807466972, "seconds": 785}
{"event": "progress", "epoch": 63, "step": 250, "loss": -13.390061070549647, "seconds": 787}
{"event": "progress", "epoch": 63, "step": 300, "loss": -13.782270638702176, "seconds": 788}
{"event": "epoch", "epoch": 63, "phase": "float", "loss": -14.963351164590968, "seconds": 13.221748210999976, "elapsed_seconds": 791.3062607350003, "learning_rate": 0.0005, "utterances": 770, "total_utterances": 770, "invalid_utterances": 0, "noisy_si_sdr": 6.016738904979767, "si_sdr": 13.80568589535892, "si_sdri": 7.788946990379154, "best_si_sdri": 7.8642432615340905}
{"event": "progress", "epoch": 64, "step": 0, "loss": -14.356887026479093, "seconds": 792}
{"event": "progress", "epoch": 64, "step": 50, "loss": -13.867671874508869, "seconds": 793}
{"event": "progress", "epoch": 64, "step": 100, "loss": -15.027430388775056, "seconds": 795}
{"event": "progress", "epoch": 64, "step": 150, "loss": -16.561047319607432, "seconds": 797}
{"event": "progress", "epoch": 64, "step": 200, "loss": -14.522026430905006, "seconds": 798}
{"event": "progress", "epoch": 64, "step": 250, "loss": -13.86885308852609, "seconds": 800}
{"event": "progress", "epoch": 64, "step": 300, "loss": -16.039249769029556, "seconds": 802}
{"event": "epoch", "epoch": 64, "phase": "float", "loss": -14.900905736977782, "seconds": 13.66008874199997, "elapsed_seconds": 804.9884216190003, "learning_rate": 0.0005, "utterances": 770, "total_utterances": 770, "invalid_utterances": 0, "noisy_si_sdr": 6.016738904979767, "si_sdr": 13.845366374981726, "si_sdri": 7.828627470001957, "best_si_sdri": 7.8642432615340905}
{"event": "progress", "epoch": 65, "step": 0, "loss": -14.203615325799309, "seconds": 805}
{"event": "progress", "epoch": 65, "step": 50, "loss": -14.988133243967837, "seconds": 807}
{"event": "progress", "epoch": 65, "step": 100, "loss": -19.06392400297141, "seconds": 809}
{"event": "progress", "epoch": 65, "step": 150, "loss": -15.183934471043354, "seconds": 810}
{"event": "progress", "epoch": 65, "step": 200, "loss": -16.947316368898985, "seconds": 812}
{"event": "progress", "epoch": 65, "step": 250, "loss": -15.815698889743334, "seconds": 814}
{"event": "progress", "epoch": 65, "step": 300, "loss": -14.285835147628998, "seconds": 815}
{"event": "epoch", "epoch": 65, "phase": "float", "loss": -14.909483458795973, "seconds": 13.64533719300016, "elapsed_seconds": 818.653465929, "learning_rate": 0.00025, "utterances": 770, "total_utterances": 770, "invalid_utterances": 0, "noisy_si_sdr": 6.016738904979767, "si_sdr": 13.86693011533807, "si_sdri": 7.850191210358304, "best_si_sdri": 7.8642432615340905}
{"event": "progress", "epoch": 66, "step": 0, "loss": -15.095043591658285, "seconds": 819}
{"event": "progress", "epoch": 66, "step": 50, "loss": -15.551401810382936, "seconds": 821}
{"event": "progress", "epoch": 66, "step": 100, "loss": -14.95772968663939, "seconds": 822}
{"event": "progress", "epoch": 66, "step": 150, "loss": -13.940230554473267, "seconds": 824}
{"event": "progress", "epoch": 66, "step": 200, "loss": -13.22806627854111, "seconds": 826}
{"event": "progress", "epoch": 66, "step": 250, "loss": -14.995933400925189, "seconds": 827}
{"event": "progress", "epoch": 66, "step": 300, "loss": -17.590919504200237, "seconds": 829}
{"event": "epoch", "epoch": 66, "phase": "float", "loss": -15.018162744880001, "seconds": 13.51132965800025, "elapsed_seconds": 832.1812177380002, "learning_rate": 0.00025, "utterances": 770, "total_utterances": 770, "invalid_utterances": 0, "noisy_si_sdr": 6.016738904979767, "si_sdr": 13.872122996447107, "si_sdri": 7.8553840914673385, "best_si_sdri": 7.8642432615340905}
{"event": "progress", "epoch": 67, "step": 0, "loss": -15.171119982279063, "seconds": 832}
{"event": "progress", "epoch": 67, "step": 50, "loss": -14.140110155016112, "seconds": 834}
{"event": "progress", "epoch": 67, "step": 100, "loss": -14.62792248622334, "seconds": 836}
{"event": "progress", "epoch": 67, "step": 150, "loss": -13.653536082918947, "seconds": 838}
{"event": "progress", "epoch": 67, "step": 200, "loss": -15.585205354821998, "seconds": 839}
{"event": "progress", "epoch": 67, "step": 250, "loss": -15.005446505708917, "seconds": 841}
{"event": "progress", "epoch": 67, "step": 300, "loss": -17.7020077084388, "seconds": 843}
{"event": "epoch", "epoch": 67, "phase": "float", "loss": -15.026444839393958, "seconds": 13.65052475199991, "elapsed_seconds": 845.8486847090003, "learning_rate": 0.00025, "utterances": 770, "total_utterances": 770, "invalid_utterances": 0, "noisy_si_sdr": 6.016738904979767, "si_sdr": 13.857297367147043, "si_sdri": 7.840558462167277, "best_si_sdri": 7.8642432615340905}
{"event": "progress", "epoch": 68, "step": 0, "loss": -17.3001389632201, "seconds": 846}
{"event": "progress", "epoch": 68, "step": 50, "loss": -14.655880709301275, "seconds": 848}
{"event": "progress", "epoch": 68, "step": 100, "loss": -13.86934610880369, "seconds": 850}
{"event": "progress", "epoch": 68, "step": 150, "loss": -14.033981867758039, "seconds": 851}
{"event": "progress", "epoch": 68, "step": 200, "loss": -15.373325363220506, "seconds": 853}
{"event": "progress", "epoch": 68, "step": 250, "loss": -14.15799565230089, "seconds": 855}
{"event": "progress", "epoch": 68, "step": 300, "loss": -14.952129480142435, "seconds": 857}
{"event": "epoch", "epoch": 68, "phase": "float", "loss": -15.039307772520067, "seconds": 13.687918745999923, "elapsed_seconds": 859.5534017260002, "learning_rate": 0.00025, "utterances": 770, "total_utterances": 770, "invalid_utterances": 0, "noisy_si_sdr": 6.016738904979767, "si_sdr": 13.869970174190447, "si_sdri": 7.85323126921068, "best_si_sdri": 7.8642432615340905}
{"event": "progress", "epoch": 69, "step": 0, "loss": -15.2133253364244, "seconds": 860}
{"event": "progress", "epoch": 69, "step": 50, "loss": -14.63836307644335, "seconds": 862}
{"event": "progress", "epoch": 69, "step": 100, "loss": -16.323642928630893, "seconds": 863}
{"event": "progress", "epoch": 69, "step": 150, "loss": -13.706927153373499, "seconds": 865}
{"event": "progress", "epoch": 69, "step": 200, "loss": -16.919423503575004, "seconds": 867}
{"event": "progress", "epoch": 69, "step": 250, "loss": -14.949505399853866, "seconds": 869}
{"event": "progress", "epoch": 69, "step": 300, "loss": -13.746955583773504, "seconds": 870}
{"event": "epoch", "epoch": 69, "phase": "float", "loss": -15.056457362181396, "seconds": 13.561741750000238, "elapsed_seconds": 873.1342922970002, "learning_rate": 0.00025, "utterances": 770, "total_utterances": 770, "invalid_utterances": 0, "noisy_si_sdr": 6.016738904979767, "si_sdr": 13.83463917147239, "si_sdri": 7.817900266492621, "best_si_sdri": 7.8642432615340905}
{"event": "progress", "epoch": 70, "step": 0, "loss": -15.28760891132442, "seconds": 873}
{"event": "progress", "epoch": 70, "step": 50, "loss": -15.167219518409949, "seconds": 875}
{"event": "progress", "epoch": 70, "step": 100, "loss": -14.652443217982352, "seconds": 877}
{"event": "progress", "epoch": 70, "step": 150, "loss": -14.608897803485327, "seconds": 878}
{"event": "progress", "epoch": 70, "step": 200, "loss": -17.99752951564512, "seconds": 880}
{"event": "progress", "epoch": 70, "step": 250, "loss": -16.241819393182105, "seconds": 882}
{"event": "progress", "epoch": 70, "step": 300, "loss": -15.299273583983544, "seconds": 884}
{"event": "epoch", "epoch": 70, "phase": "float", "loss": -15.080292131966724, "seconds": 13.70244472200011, "elapsed_seconds": 886.8485672630004, "learning_rate": 0.00025, "utterances": 770, "total_utterances": 770, "invalid_utterances": 0, "noisy_si_sdr": 6.016738904979767, "si_sdr": 13.91710836674976, "si_sdri": 7.900369461769994, "best_si_sdri": 7.900369461769994}
{"event": "progress", "epoch": 71, "step": 0, "loss": -15.499765962047341, "seconds": 887}
{"event": "progress", "epoch": 71, "step": 50, "loss": -13.121094594063797, "seconds": 889}
{"event": "progress", "epoch": 71, "step": 100, "loss": -13.975532751647759, "seconds": 891}
{"event": "progress", "epoch": 71, "step": 150, "loss": -14.936636439919184, "seconds": 892}
{"event": "progress", "epoch": 71, "step": 200, "loss": -14.183948013980045, "seconds": 894}
{"event": "progress", "epoch": 71, "step": 250, "loss": -14.21589379537911, "seconds": 896}
{"event": "progress", "epoch": 71, "step": 300, "loss": -14.150599677218345, "seconds": 897}
{"event": "epoch", "epoch": 71, "phase": "float", "loss": -15.119399798755506, "seconds": 13.74598114299988, "elapsed_seconds": 900.626159117, "learning_rate": 0.00025, "utterances": 770, "total_utterances": 770, "invalid_utterances": 0, "noisy_si_sdr": 6.016738904979767, "si_sdr": 13.89262836265636, "si_sdri": 7.875889457676592, "best_si_sdri": 7.900369461769994}
{"event": "progress", "epoch": 72, "step": 0, "loss": -14.467758430238, "seconds": 901}
{"event": "progress", "epoch": 72, "step": 50, "loss": -14.59512334619803, "seconds": 903}
{"event": "progress", "epoch": 72, "step": 100, "loss": -16.21702059540887, "seconds": 904}
{"event": "progress", "epoch": 72, "step": 150, "loss": -15.755278561621738, "seconds": 906}
{"event": "progress", "epoch": 72, "step": 200, "loss": -14.23097955248289, "seconds": 908}
{"event": "progress", "epoch": 72, "step": 250, "loss": -16.45576227166608, "seconds": 909}
{"event": "progress", "epoch": 72, "step": 300, "loss": -16.524953057875233, "seconds": 911}
{"event": "epoch", "epoch": 72, "phase": "float", "loss": -15.179935101659447, "seconds": 13.62647609800024, "elapsed_seconds": 914.2656429080002, "learning_rate": 0.00025, "utterances": 770, "total_utterances": 770, "invalid_utterances": 0, "noisy_si_sdr": 6.016738904979767, "si_sdr": 13.862912901815433, "si_sdri": 7.846173996835666, "best_si_sdri": 7.900369461769994}
{"event": "progress", "epoch": 73, "step": 0, "loss": -15.440317617152264, "seconds": 914}
{"event": "progress", "epoch": 73, "step": 50, "loss": -13.69448442013596, "seconds": 916}
{"event": "progress", "epoch": 73, "step": 100, "loss": -17.470047262931438, "seconds": 918}
{"event": "progress", "epoch": 73, "step": 150, "loss": -13.99035642614119, "seconds": 919}
{"event": "progress", "epoch": 73, "step": 200, "loss": -14.653807324413792, "seconds": 921}
{"event": "progress", "epoch": 73, "step": 250, "loss": -16.23721506208168, "seconds": 923}
{"event": "progress", "epoch": 73, "step": 300, "loss": -12.491388751208902, "seconds": 925}
{"event": "epoch", "epoch": 73, "phase": "float", "loss": -15.121243655617574, "seconds": 13.552204614999937, "elapsed_seconds": 927.8342500890003, "learning_rate": 0.00025, "utterances": 770, "total_utterances": 770, "invalid_utterances": 0, "noisy_si_sdr": 6.016738904979767, "si_sdr": 13.875493596002398, "si_sdri": 7.8587546910226305, "best_si_sdri": 7.900369461769994}
{"event": "progress", "epoch": 74, "step": 0, "loss": -16.00296494288949, "seconds": 928}
{"event": "progress", "epoch": 74, "step": 50, "loss": -14.533635017355252, "seconds": 930}
{"event": "progress", "epoch": 74, "step": 100, "loss": -15.944167805745257, "seconds": 932}
{"event": "progress", "epoch": 74, "step": 150, "loss": -14.14562460673227, "seconds": 933}
{"event": "progress", "epoch": 74, "step": 200, "loss": -15.222270474180952, "seconds": 935}
{"event": "progress", "epoch": 74, "step": 250, "loss": -16.584904036533125, "seconds": 937}
{"event": "progress", "epoch": 74, "step": 300, "loss": -16.64548566541116, "seconds": 938}
{"event": "epoch", "epoch": 74, "phase": "float", "loss": -15.129865476216123, "seconds": 13.720710844000223, "elapsed_seconds": 941.5711420980001, "learning_rate": 0.00025, "utterances": 770, "total_utterances": 770, "invalid_utterances": 0, "noisy_si_sdr": 6.016738904979767, "si_sdr": 13.932784533884861, "si_sdri": 7.916045628905095, "best_si_sdri": 7.916045628905095}
{"event": "progress", "epoch": 75, "step": 0, "loss": -14.06570909516426, "seconds": 942}
{"event": "progress", "epoch": 75, "step": 50, "loss": -16.41060429948129, "seconds": 944}
{"event": "progress", "epoch": 75, "step": 100, "loss": -15.690746795639708, "seconds": 945}
{"event": "progress", "epoch": 75, "step": 150, "loss": -14.795463109600039, "seconds": 947}
{"event": "progress", "epoch": 75, "step": 200, "loss": -14.437425600138674, "seconds": 949}
{"event": "progress", "epoch": 75, "step": 250, "loss": -16.04088894564142, "seconds": 950}
{"event": "progress", "epoch": 75, "step": 300, "loss": -13.540164211530147, "seconds": 952}
{"event": "epoch", "epoch": 75, "phase": "float", "loss": -15.0729649829267, "seconds": 13.752920550999988, "elapsed_seconds": 955.3559876430004, "learning_rate": 0.00025, "utterances": 770, "total_utterances": 770, "invalid_utterances": 0, "noisy_si_sdr": 6.016738904979767, "si_sdr": 13.895992768096026, "si_sdri": 7.879253863116259, "best_si_sdri": 7.916045628905095}
{"event": "progress", "epoch": 76, "step": 0, "loss": -14.59279835792838, "seconds": 956}
{"event": "progress", "epoch": 76, "step": 50, "loss": -17.575486315597757, "seconds": 957}
{"event": "progress", "epoch": 76, "step": 100, "loss": -14.630603757559903, "seconds": 959}
{"event": "progress", "epoch": 76, "step": 150, "loss": -14.760299673740917, "seconds": 961}
{"event": "progress", "epoch": 76, "step": 200, "loss": -14.867295444394301, "seconds": 962}
{"event": "progress", "epoch": 76, "step": 250, "loss": -15.148725155277141, "seconds": 964}
{"event": "progress", "epoch": 76, "step": 300, "loss": -14.159170333436858, "seconds": 966}
{"event": "epoch", "epoch": 76, "phase": "float", "loss": -15.044372187105246, "seconds": 13.350842478999766, "elapsed_seconds": 968.7289003820001, "learning_rate": 0.00025, "utterances": 770, "total_utterances": 770, "invalid_utterances": 0, "noisy_si_sdr": 6.016738904979767, "si_sdr": 13.807529852763459, "si_sdri": 7.790790947783691, "best_si_sdri": 7.916045628905095}
{"event": "progress", "epoch": 77, "step": 0, "loss": -14.233615712334366, "seconds": 969}
{"event": "progress", "epoch": 77, "step": 50, "loss": -16.07453295581908, "seconds": 971}
{"event": "progress", "epoch": 77, "step": 100, "loss": -14.280611120116427, "seconds": 973}
{"event": "progress", "epoch": 77, "step": 150, "loss": -13.698958215180937, "seconds": 974}
{"event": "progress", "epoch": 77, "step": 200, "loss": -14.605957843642315, "seconds": 976}
{"event": "progress", "epoch": 77, "step": 250, "loss": -14.717568954669105, "seconds": 978}
{"event": "progress", "epoch": 77, "step": 300, "loss": -15.714237731143104, "seconds": 979}
{"event": "epoch", "epoch": 77, "phase": "float", "loss": -15.099443975856508, "seconds": 13.433487501999934, "elapsed_seconds": 982.1771590890003, "learning_rate": 0.00025, "utterances": 770, "total_utterances": 770, "invalid_utterances": 0, "noisy_si_sdr": 6.016738904979767, "si_sdr": 13.85375155197191, "si_sdri": 7.837012646992143, "best_si_sdri": 7.916045628905095}
{"event": "progress", "epoch": 78, "step": 0, "loss": -15.07423588625198, "seconds": 982}
{"event": "progress", "epoch": 78, "step": 50, "loss": -15.709426871705269, "seconds": 984}
{"event": "progress", "epoch": 78, "step": 100, "loss": -14.784875302106075, "seconds": 985}
{"event": "progress", "epoch": 78, "step": 150, "loss": -18.262136139016725, "seconds": 987}
{"event": "progress", "epoch": 78, "step": 200, "loss": -13.180226061774809, "seconds": 988}
{"event": "progress", "epoch": 78, "step": 250, "loss": -15.809170058482941, "seconds": 990}
{"event": "progress", "epoch": 78, "step": 300, "loss": -12.565423385292718, "seconds": 991}
{"event": "epoch", "epoch": 78, "phase": "float", "loss": -15.141592725169394, "seconds": 11.323653829999785, "elapsed_seconds": 993.5142771180003, "learning_rate": 0.00025, "utterances": 770, "total_utterances": 770, "invalid_utterances": 0, "noisy_si_sdr": 6.016738904979767, "si_sdr": 13.879589336092446, "si_sdri": 7.862850431112678, "best_si_sdri": 7.916045628905095}
{"event": "progress", "epoch": 79, "step": 0, "loss": -14.947951403240202, "seconds": 994}
{"event": "progress", "epoch": 79, "step": 50, "loss": -14.746114893969382, "seconds": 995}
{"event": "progress", "epoch": 79, "step": 100, "loss": -15.025513525432054, "seconds": 997}
{"event": "progress", "epoch": 79, "step": 150, "loss": -13.818566105872035, "seconds": 998}
{"event": "progress", "epoch": 79, "step": 200, "loss": -16.35561019740551, "seconds": 999}
{"event": "progress", "epoch": 79, "step": 250, "loss": -15.744474921752357, "seconds": 1001}
{"event": "progress", "epoch": 79, "step": 300, "loss": -15.01480514759458, "seconds": 1002}
{"event": "epoch", "epoch": 79, "phase": "float", "loss": -15.131074281334568, "seconds": 11.202814663000026, "elapsed_seconds": 1004.7307285470001, "learning_rate": 0.000125, "utterances": 770, "total_utterances": 770, "invalid_utterances": 0, "noisy_si_sdr": 6.016738904979767, "si_sdr": 13.846698965826802, "si_sdri": 7.829960060847033, "best_si_sdri": 7.916045628905095}
{"event": "progress", "epoch": 80, "step": 0, "loss": -13.925681861247053, "seconds": 1005}
{"event": "progress", "epoch": 80, "step": 50, "loss": -15.692975671865945, "seconds": 1006}
{"event": "progress", "epoch": 80, "step": 100, "loss": -13.836981620559106, "seconds": 1008}
{"event": "progress", "epoch": 80, "step": 150, "loss": -13.536364289382771, "seconds": 1009}
{"event": "progress", "epoch": 80, "step": 200, "loss": -15.44385366889971, "seconds": 1011}
{"event": "progress", "epoch": 80, "step": 250, "loss": -15.571801694973228, "seconds": 1012}
{"event": "progress", "epoch": 80, "step": 300, "loss": -12.273704232680835, "seconds": 1014}
{"event": "epoch", "epoch": 80, "phase": "float", "loss": -15.220011084830317, "seconds": 11.342474025000229, "elapsed_seconds": 1016.0897187500004, "learning_rate": 0.000125, "utterances": 770, "total_utterances": 770, "invalid_utterances": 0, "noisy_si_sdr": 6.016738904979767, "si_sdr": 13.901194841995022, "si_sdri": 7.884455937015253, "best_si_sdri": 7.916045628905095}
{"event": "progress", "epoch": 81, "step": 0, "loss": -14.612825232547067, "seconds": 1016}
{"event": "progress", "epoch": 81, "step": 50, "loss": -17.02760839813355, "seconds": 1018}
{"event": "progress", "epoch": 81, "step": 100, "loss": -13.238502784097122, "seconds": 1019}
{"event": "progress", "epoch": 81, "step": 150, "loss": -14.79805211796733, "seconds": 1021}
{"event": "progress", "epoch": 81, "step": 200, "loss": -16.793020542886385, "seconds": 1022}
{"event": "progress", "epoch": 81, "step": 250, "loss": -15.850891178365156, "seconds": 1024}
{"event": "progress", "epoch": 81, "step": 300, "loss": -15.694083104688652, "seconds": 1025}
{"event": "epoch", "epoch": 81, "phase": "float", "loss": -15.143859525239094, "seconds": 11.522341754999616, "elapsed_seconds": 1027.6364860800004, "learning_rate": 0.000125, "utterances": 770, "total_utterances": 770, "invalid_utterances": 0, "noisy_si_sdr": 6.016738904979767, "si_sdr": 13.88584103166652, "si_sdri": 7.869102126686753, "best_si_sdri": 7.916045628905095}
{"event": "progress", "epoch": 82, "step": 0, "loss": -18.218165090651077, "seconds": 1028}
{"event": "progress", "epoch": 82, "step": 50, "loss": -15.309770746773752, "seconds": 1029}
{"event": "progress", "epoch": 82, "step": 100, "loss": -14.223812246118047, "seconds": 1031}
{"event": "progress", "epoch": 82, "step": 150, "loss": -12.463032973652911, "seconds": 1032}
{"event": "progress", "epoch": 82, "step": 200, "loss": -14.040993116851325, "seconds": 1033}
{"event": "progress", "epoch": 82, "step": 250, "loss": -15.560970690526057, "seconds": 1035}
{"event": "progress", "epoch": 82, "step": 300, "loss": -16.486702866863617, "seconds": 1036}
{"event": "epoch", "epoch": 82, "phase": "float", "loss": -15.132957556719315, "seconds": 10.469242913000016, "elapsed_seconds": 1038.118611841, "learning_rate": 0.000125, "utterances": 770, "total_utterances": 770, "invalid_utterances": 0, "noisy_si_sdr": 6.016738904979767, "si_sdr": 13.926884797453097, "si_sdri": 7.910145892473332, "best_si_sdri": 7.916045628905095}
{"event": "progress", "epoch": 83, "step": 0, "loss": -13.70113130912743, "seconds": 1038}
{"event": "progress", "epoch": 83, "step": 50, "loss": -14.820700296765992, "seconds": 1040}
{"event": "progress", "epoch": 83, "step": 100, "loss": -16.581025078841844, "seconds": 1041}
{"event": "progress", "epoch": 83, "step": 150, "loss": -14.690166035104035, "seconds": 1042}
{"event": "progress", "epoch": 83, "step": 200, "loss": -16.685163715747493, "seconds": 1043}
{"event": "progress", "epoch": 83, "step": 250, "loss": -14.693834215434922, "seconds": 1045}
{"event": "progress", "epoch": 83, "step": 300, "loss": -16.43881772685016, "seconds": 1046}
{"event": "epoch", "epoch": 83, "phase": "float", "loss": -15.115325043294062, "seconds": 10.03641841999979, "elapsed_seconds": 1048.1697669310001, "learning_rate": 0.000125, "utterances": 770, "total_utterances": 770, "invalid_utterances": 0, "noisy_si_sdr": 6.016738904979767, "si_sdr": 13.904010186840507, "si_sdri": 7.887271281860738, "best_si_sdri": 7.916045628905095}
{"event": "progress", "epoch": 84, "step": 0, "loss": -13.651861510041183, "seconds": 1048}
{"event": "progress", "epoch": 84, "step": 50, "loss": -15.272051584676126, "seconds": 1050}
{"event": "progress", "epoch": 84, "step": 100, "loss": -17.0897466375925, "seconds": 1051}
{"event": "progress", "epoch": 84, "step": 150, "loss": -16.5948060364508, "seconds": 1052}
{"event": "progress", "epoch": 84, "step": 200, "loss": -17.47803344441707, "seconds": 1053}
{"event": "progress", "epoch": 84, "step": 250, "loss": -14.27057062576743, "seconds": 1055}
{"event": "progress", "epoch": 84, "step": 300, "loss": -13.600554474279187, "seconds": 1056}
{"event": "epoch", "epoch": 84, "phase": "float", "loss": -15.205866730265836, "seconds": 10.127069900000151, "elapsed_seconds": 1058.3129876970002, "learning_rate": 6.25e-05, "utterances": 770, "total_utterances": 770, "invalid_utterances": 0, "noisy_si_sdr": 6.016738904979767, "si_sdr": 13.892811160321914, "si_sdri": 7.876072255342146, "best_si_sdri": 7.916045628905095}
{"event": "progress", "epoch": 85, "step": 0, "loss": -14.167574238679801, "seconds": 1058}
{"event": "progress", "epoch": 85, "step": 50, "loss": -15.561174164499445, "seconds": 1060}
{"event": "progress", "epoch": 85, "step": 100, "loss": -17.25943184997646, "seconds": 1061}
{"event": "progress", "epoch": 85, "step": 150, "loss": -15.642112725318784, "seconds": 1062}
{"event": "progress", "epoch": 85, "step": 200, "loss": -14.691478455162706, "seconds": 1064}
{"event": "progress", "epoch": 85, "step": 250, "loss": -16.203376954835093, "seconds": 1065}
{"event": "progress", "epoch": 85, "step": 300, "loss": -14.914100997710813, "seconds": 1066}
{"event": "epoch", "epoch": 85, "phase": "float", "loss": -15.190591595979337, "seconds": 10.076741944999867, "elapsed_seconds": 1068.4013206090003, "learning_rate": 6.25e-05, "utterances": 770, "total_utterances": 770, "invalid_utterances": 0, "noisy_si_sdr": 6.016738904979767, "si_sdr": 13.921740444205385, "si_sdri": 7.905001539225618, "best_si_sdri": 7.916045628905095}
{"event": "progress", "epoch": 86, "step": 0, "loss": -13.263991188155032, "seconds": 1069}
{"event": "progress", "epoch": 86, "step": 50, "loss": -15.36528657478323, "seconds": 1070}
{"event": "progress", "epoch": 86, "step": 100, "loss": -16.06426133460266, "seconds": 1071}
{"event": "progress", "epoch": 86, "step": 150, "loss": -15.956667370187457, "seconds": 1072}
{"event": "progress", "epoch": 86, "step": 200, "loss": -14.755046572365, "seconds": 1074}
{"event": "progress", "epoch": 86, "step": 250, "loss": -14.449592281383008, "seconds": 1075}
{"event": "progress", "epoch": 86, "step": 300, "loss": -15.213505623959275, "seconds": 1076}
{"event": "epoch", "epoch": 86, "phase": "float", "loss": -15.220458859508778, "seconds": 10.132976839999628, "elapsed_seconds": 1078.546803093, "learning_rate": 6.25e-05, "utterances": 770, "total_utterances": 770, "invalid_utterances": 0, "noisy_si_sdr": 6.016738904979767, "si_sdr": 13.955805777958666, "si_sdri": 7.9390668729788985, "best_si_sdri": 7.9390668729788985}
{"event": "progress", "epoch": 87, "step": 0, "loss": -14.343875737616768, "seconds": 1079}
{"event": "progress", "epoch": 87, "step": 50, "loss": -15.674189135160123, "seconds": 1080}
{"event": "progress", "epoch": 87, "step": 100, "loss": -13.920865872793472, "seconds": 1081}
{"event": "progress", "epoch": 87, "step": 150, "loss": -13.82072407916969, "seconds": 1083}
{"event": "progress", "epoch": 87, "step": 200, "loss": -14.813467536093968, "seconds": 1084}
{"event": "progress", "epoch": 87, "step": 250, "loss": -13.867948753382018, "seconds": 1085}
{"event": "progress", "epoch": 87, "step": 300, "loss": -13.053407912991906, "seconds": 1087}
{"event": "epoch", "epoch": 87, "phase": "float", "loss": -15.23463765465911, "seconds": 10.212563410999792, "elapsed_seconds": 1088.7970650250004, "learning_rate": 6.25e-05, "utterances": 770, "total_utterances": 770, "invalid_utterances": 0, "noisy_si_sdr": 6.016738904979767, "si_sdr": 13.905989633375153, "si_sdri": 7.889250728395388, "best_si_sdri": 7.9390668729788985}
{"event": "progress", "epoch": 88, "step": 0, "loss": -12.28585533707485, "seconds": 1089}
{"event": "progress", "epoch": 88, "step": 50, "loss": -17.036955363145267, "seconds": 1090}
{"event": "progress", "epoch": 88, "step": 100, "loss": -16.076173528237685, "seconds": 1091}
{"event": "progress", "epoch": 88, "step": 150, "loss": -14.0270790507607, "seconds": 1093}
{"event": "progress", "epoch": 88, "step": 200, "loss": -13.90345717991972, "seconds": 1094}
{"event": "progress", "epoch": 88, "step": 250, "loss": -16.969828544408408, "seconds": 1095}
{"event": "progress", "epoch": 88, "step": 300, "loss": -17.190472944357815, "seconds": 1097}
{"event": "epoch", "epoch": 88, "phase": "float", "loss": -15.1980583631373, "seconds": 9.962063955999838, "elapsed_seconds": 1098.770212762, "learning_rate": 6.25e-05, "utterances": 770, "total_utterances": 770, "invalid_utterances": 0, "noisy_si_sdr": 6.016738904979767, "si_sdr": 13.934786713188597, "si_sdri": 7.918047808208831, "best_si_sdri": 7.9390668729788985}
{"event": "progress", "epoch": 89, "step": 0, "loss": -15.06401637902247, "seconds": 1099}
{"event": "progress", "epoch": 89, "step": 50, "loss": -13.358937288239929, "seconds": 1100}
{"event": "progress", "epoch": 89, "step": 100, "loss": -13.38550349979878, "seconds": 1101}
{"event": "progress", "epoch": 89, "step": 150, "loss": -15.319942421907774, "seconds": 1103}
{"event": "progress", "epoch": 89, "step": 200, "loss": -13.330998278563449, "seconds": 1104}
{"event": "progress", "epoch": 89, "step": 250, "loss": -15.625223733718176, "seconds": 1105}
{"event": "progress", "epoch": 89, "step": 300, "loss": -14.173858703051547, "seconds": 1107}
{"event": "epoch", "epoch": 89, "phase": "float", "loss": -15.201300590517413, "seconds": 10.08449550999967, "elapsed_seconds": 1108.8699959120004, "learning_rate": 6.25e-05, "utterances": 770, "total_utterances": 770, "invalid_utterances": 0, "noisy_si_sdr": 6.016738904979767, "si_sdr": 13.919227798801138, "si_sdri": 7.902488893821372, "best_si_sdri": 7.9390668729788985}
{"event": "progress", "epoch": 90, "step": 0, "loss": -14.552385094238065, "seconds": 1109}
{"event": "progress", "epoch": 90, "step": 50, "loss": -15.788262795126677, "seconds": 1110}
{"event": "progress", "epoch": 90, "step": 100, "loss": -15.465308150781464, "seconds": 1112}
{"event": "progress", "epoch": 90, "step": 150, "loss": -15.881584819272716, "seconds": 1113}
{"event": "progress", "epoch": 90, "step": 200, "loss": -14.500557173811647, "seconds": 1114}
{"event": "progress", "epoch": 90, "step": 250, "loss": -12.620077056701978, "seconds": 1116}
{"event": "progress", "epoch": 90, "step": 300, "loss": -16.033941732040066, "seconds": 1117}
{"event": "epoch", "epoch": 90, "phase": "float", "loss": -15.200923902724366, "seconds": 10.663774267999997, "elapsed_seconds": 1119.545097015, "learning_rate": 6.25e-05, "utterances": 770, "total_utterances": 770, "invalid_utterances": 0, "noisy_si_sdr": 6.016738904979767, "si_sdr": 13.931756364317891, "si_sdri": 7.915017459338126, "best_si_sdri": 7.9390668729788985}
{"event": "progress", "epoch": 91, "step": 0, "loss": -14.92710426012239, "seconds": 1120}
{"event": "progress", "epoch": 91, "step": 50, "loss": -17.77594024026361, "seconds": 1121}
{"event": "progress", "epoch": 91, "step": 100, "loss": -15.39093342896675, "seconds": 1122}
{"event": "progress", "epoch": 91, "step": 150, "loss": -14.5952333672623, "seconds": 1124}
{"event": "progress", "epoch": 91, "step": 200, "loss": -14.984309179856144, "seconds": 1125}
{"event": "progress", "epoch": 91, "step": 250, "loss": -13.651391211451715, "seconds": 1126}
{"event": "progress", "epoch": 91, "step": 300, "loss": -16.00542949885318, "seconds": 1128}
{"event": "epoch", "epoch": 91, "phase": "float", "loss": -15.235329853373786, "seconds": 10.69626273599988, "elapsed_seconds": 1130.2630482270001, "learning_rate": 3.125e-05, "utterances": 770, "total_utterances": 770, "invalid_utterances": 0, "noisy_si_sdr": 6.016738904979767, "si_sdr": 13.922089795978033, "si_sdri": 7.905350890998264, "best_si_sdri": 7.9390668729788985}
{"event": "progress", "epoch": 92, "step": 0, "loss": -14.799710341167986, "seconds": 1130}
{"event": "progress", "epoch": 92, "step": 50, "loss": -14.803711884374597, "seconds": 1132}
{"event": "progress", "epoch": 92, "step": 100, "loss": -18.045056558364898, "seconds": 1133}
{"event": "progress", "epoch": 92, "step": 150, "loss": -15.84854235168192, "seconds": 1134}
{"event": "progress", "epoch": 92, "step": 200, "loss": -14.509870194015285, "seconds": 1136}
{"event": "progress", "epoch": 92, "step": 250, "loss": -13.752466654230243, "seconds": 1137}
{"event": "progress", "epoch": 92, "step": 300, "loss": -13.605006552314691, "seconds": 1139}
{"event": "epoch", "epoch": 92, "phase": "float", "loss": -15.195562929099559, "seconds": 11.124667054999918, "elapsed_seconds": 1141.4062210230004, "learning_rate": 3.125e-05, "utterances": 770, "total_utterances": 770, "invalid_utterances": 0, "noisy_si_sdr": 6.016738904979767, "si_sdr": 13.898362829780321, "si_sdri": 7.8816239248005555, "best_si_sdri": 7.9390668729788985}
{"event": "progress", "epoch": 93, "step": 0, "loss": -16.073633941008303, "seconds": 1142}
{"event": "progress", "epoch": 93, "step": 50, "loss": -16.346832015859196, "seconds": 1143}
{"event": "progress", "epoch": 93, "step": 100, "loss": -16.74596356181623, "seconds": 1144}
{"event": "progress", "epoch": 93, "step": 150, "loss": -14.417585236779637, "seconds": 1146}
{"event": "progress", "epoch": 93, "step": 200, "loss": -14.458549228710218, "seconds": 1147}
{"event": "progress", "epoch": 93, "step": 250, "loss": -13.370580786471601, "seconds": 1149}
{"event": "progress", "epoch": 93, "step": 300, "loss": -13.622689779861284, "seconds": 1150}
{"event": "epoch", "epoch": 93, "phase": "float", "loss": -15.165973676409319, "seconds": 11.659686099000282, "elapsed_seconds": 1153.0783389500002, "learning_rate": 3.125e-05, "utterances": 770, "total_utterances": 770, "invalid_utterances": 0, "noisy_si_sdr": 6.016738904979767, "si_sdr": 13.918575955111303, "si_sdri": 7.901837050131536, "best_si_sdri": 7.9390668729788985}
{"event": "progress", "epoch": 94, "step": 0, "loss": -16.971563958755837, "seconds": 1153}
{"event": "progress", "epoch": 94, "step": 50, "loss": -14.311396204685447, "seconds": 1155}
{"event": "progress", "epoch": 94, "step": 100, "loss": -19.168930797893925, "seconds": 1156}
{"event": "progress", "epoch": 94, "step": 150, "loss": -15.110331937392713, "seconds": 1158}
{"event": "progress", "epoch": 94, "step": 200, "loss": -16.958296409350567, "seconds": 1159}
{"event": "progress", "epoch": 94, "step": 250, "loss": -15.176752890844204, "seconds": 1161}
{"event": "progress", "epoch": 94, "step": 300, "loss": -14.409181018581364, "seconds": 1162}
{"event": "epoch", "epoch": 94, "phase": "float", "loss": -15.242842171597212, "seconds": 11.618489406999743, "elapsed_seconds": 1164.7137520220003, "learning_rate": 3.125e-05, "utterances": 770, "total_utterances": 770, "invalid_utterances": 0, "noisy_si_sdr": 6.016738904979767, "si_sdr": 13.92414169476923, "si_sdri": 7.907402789789463, "best_si_sdri": 7.9390668729788985}
{"event": "progress", "epoch": 95, "step": 0, "loss": -14.36959865709975, "seconds": 1165}
{"event": "progress", "epoch": 95, "step": 50, "loss": -13.743694576754942, "seconds": 1166}
{"event": "progress", "epoch": 95, "step": 100, "loss": -15.494250193719877, "seconds": 1168}
{"event": "progress", "epoch": 95, "step": 150, "loss": -15.660618755025006, "seconds": 1169}
{"event": "progress", "epoch": 95, "step": 200, "loss": -14.165306848006177, "seconds": 1170}
{"event": "progress", "epoch": 95, "step": 250, "loss": -13.47053139171403, "seconds": 1172}
{"event": "progress", "epoch": 95, "step": 300, "loss": -16.294446866344217, "seconds": 1173}
{"event": "epoch", "epoch": 95, "phase": "float", "loss": -15.277366386464992, "seconds": 11.167828759000258, "elapsed_seconds": 1175.8924930400003, "learning_rate": 3.125e-05, "utterances": 770, "total_utterances": 770, "invalid_utterances": 0, "noisy_si_sdr": 6.016738904979767, "si_sdr": 13.901706356573541, "si_sdri": 7.884967451593774, "best_si_sdri": 7.9390668729788985}
{"event": "progress", "epoch": 96, "step": 0, "loss": -14.224011280052114, "seconds": 1176}
{"event": "progress", "epoch": 96, "step": 50, "loss": -13.833012771728026, "seconds": 1178}
{"event": "progress", "epoch": 96, "step": 100, "loss": -13.52172698223375, "seconds": 1179}
{"event": "progress", "epoch": 96, "step": 150, "loss": -15.492676811532462, "seconds": 1180}
{"event": "progress", "epoch": 96, "step": 200, "loss": -15.394473264703631, "seconds": 1182}
{"event": "progress", "epoch": 96, "step": 250, "loss": -13.995472112564237, "seconds": 1183}
{"event": "progress", "epoch": 96, "step": 300, "loss": -14.407828875384187, "seconds": 1185}
{"event": "epoch", "epoch": 96, "phase": "float", "loss": -15.191212655374246, "seconds": 11.673617057999763, "elapsed_seconds": 1187.5806190570001, "learning_rate": 2e-05, "utterances": 770, "total_utterances": 770, "invalid_utterances": 0, "noisy_si_sdr": 6.016738904979767, "si_sdr": 13.930913924146157, "si_sdri": 7.914175019166389, "best_si_sdri": 7.9390668729788985}
{"event": "progress", "epoch": 97, "step": 0, "loss": -16.41671037883365, "seconds": 1188}
{"event": "progress", "epoch": 97, "step": 50, "loss": -17.221952876444725, "seconds": 1189}
{"event": "progress", "epoch": 97, "step": 100, "loss": -14.898747631170913, "seconds": 1191}
{"event": "progress", "epoch": 97, "step": 150, "loss": -15.853748089129022, "seconds": 1192}
{"event": "progress", "epoch": 97, "step": 200, "loss": -16.80309105840116, "seconds": 1194}
{"event": "progress", "epoch": 97, "step": 250, "loss": -14.454580444413716, "seconds": 1195}
{"event": "progress", "epoch": 97, "step": 300, "loss": -13.954759961316551, "seconds": 1197}
{"event": "epoch", "epoch": 97, "phase": "float", "loss": -15.241878370265942, "seconds": 11.769378718000098, "elapsed_seconds": 1199.361274589, "learning_rate": 2e-05, "utterances": 770, "total_utterances": 770, "invalid_utterances": 0, "noisy_si_sdr": 6.016738904979767, "si_sdr": 13.916586113974095, "si_sdri": 7.899847208994327, "best_si_sdri": 7.9390668729788985}
{"event": "progress", "epoch": 98, "step": 0, "loss": -15.670365336862641, "seconds": 1200}
{"event": "progress", "epoch": 98, "step": 50, "loss": -17.0407658341498, "seconds": 1201}
{"event": "progress", "epoch": 98, "step": 100, "loss": -14.611801684476621, "seconds": 1202}
{"event": "progress", "epoch": 98, "step": 150, "loss": -15.693850902758474, "seconds": 1204}
{"event": "progress", "epoch": 98, "step": 200, "loss": -14.144136277926197, "seconds": 1206}
{"event": "progress", "epoch": 98, "step": 250, "loss": -16.42244685699488, "seconds": 1207}
{"event": "progress", "epoch": 98, "step": 300, "loss": -15.42642583115549, "seconds": 1209}
{"event": "epoch", "epoch": 98, "phase": "float", "loss": -15.1978859658718, "seconds": 11.743149964999702, "elapsed_seconds": 1211.1155601080004, "learning_rate": 2e-05, "utterances": 770, "total_utterances": 770, "invalid_utterances": 0, "noisy_si_sdr": 6.016738904979767, "si_sdr": 13.92861061775434, "si_sdri": 7.911871712774573, "best_si_sdri": 7.9390668729788985}
{"event": "progress", "epoch": 99, "step": 0, "loss": -13.13673320441379, "seconds": 1211}
{"event": "progress", "epoch": 99, "step": 50, "loss": -14.855136327979345, "seconds": 1213}
{"event": "progress", "epoch": 99, "step": 100, "loss": -15.233275569619451, "seconds": 1214}
{"event": "progress", "epoch": 99, "step": 150, "loss": -16.893689650022566, "seconds": 1216}
{"event": "progress", "epoch": 99, "step": 200, "loss": -14.165947927407853, "seconds": 1217}
{"event": "progress", "epoch": 99, "step": 250, "loss": -16.4282028915557, "seconds": 1218}
{"event": "progress", "epoch": 99, "step": 300, "loss": -17.064510248553205, "seconds": 1220}
{"event": "epoch", "epoch": 99, "phase": "float", "loss": -15.151883013956184, "seconds": 11.304797961000077, "elapsed_seconds": 1222.4404950460003, "learning_rate": 2e-05, "utterances": 770, "total_utterances": 770, "invalid_utterances": 0, "noisy_si_sdr": 6.016738904979767, "si_sdr": 13.930179183380552, "si_sdri": 7.913440278400786, "best_si_sdri": 7.9390668729788985}
{"event": "progress", "epoch": 100, "step": 0, "loss": -13.862742812390525, "seconds": 1223}
{"event": "progress", "epoch": 100, "step": 50, "loss": -15.2023837232036, "seconds": 1224}
{"event": "progress", "epoch": 100, "step": 100, "loss": -15.845449343602768, "seconds": 1225}
{"event": "progress", "epoch": 100, "step": 150, "loss": -14.012614076429987, "seconds": 1227}
{"event": "progress", "epoch": 100, "step": 200, "loss": -13.072872870050503, "seconds": 1228}
{"event": "progress", "epoch": 100, "step": 250, "loss": -14.14664221870113, "seconds": 1230}
{"event": "progress", "epoch": 100, "step": 300, "loss": -14.471377994914272, "seconds": 1231}
{"event": "epoch", "epoch": 100, "phase": "float", "loss": -15.195284298965209, "seconds": 11.512642039000184, "elapsed_seconds": 1233.968303133, "learning_rate": 2e-05, "utterances": 770, "total_utterances": 770, "invalid_utterances": 0, "noisy_si_sdr": 6.016738904979767, "si_sdr": 13.926312448435237, "si_sdri": 7.909573543455471, "best_si_sdri": 7.9390668729788985}
{"event": "finished", "status": "complete", "best_si_sdri": 7.9390668729788985, "epoch": 100, "elapsed_hours": 0.3427733851966668}
