{"event": "start", "device": "cuda", "torch": "2.11.0+cu128", "model": {"precision": "float-only; INT8 QAT/export/runtime are not implemented", "learned_parameters": 23669, "fixed_erb_parameters": 24576, "total_parameters_including_fixed": 48245, "learned_parameter_bytes_float32": 94676, "fixed_erb_bytes_float32": 98304, "state_dict_bytes": 197524, "fixed_erb_shape": [64, 192], "fixed_erb_nonzero_values_one_direction": 382, "fixed_erb_transpose_duplicate": true, "macs_per_second": 33000000, "macs_status": "published upstream accounting; not measured MCU cycles or an INT8 runtime", "context_frames": null, "temporal_context": "causal recurrent history; intra-frame bidirectional frequency GRUs", "neural_state_elements": 18048, "neural_state_bytes_float32": 72192, "audio_overlap_state_bytes_float32": 3072, "state_scope": "batch1 persistent state only; activations, weight snapshot and FFT scratch excluded", "packed_bytes_status": "unavailable; no integer exporter", "upstream_revision": "502ebfab64da7c4a9af78dcb9c6ceef1ebb01c73", "framing": "causal_zero_overlap_v1", "input_normalization": "raw", "input_rms_floor": null, "input_normalization_scope": "float32 external DSP; per analysis frame, no additional persistent state", "constructor_initialization": "fresh; the adapter does not load pretrained weights"}, "model_kind": "gtcrn", "gpu": "NVIDIA L4", "test_used_for_selection": false, "selection_metric": "mean utterance SI-SDR improvement", "validation_is_partial": false, "calibration": null, "clean_identity_probability": 0.03, "added_training_sources": {"speech_manifest_sha256": "24acf8d2789c019fb966b39754bd71376e016b4d1169cd611031f94271d7ac77", "noise_manifest_sha256": "e953b3952bb66377ad6bc67b93cb1b2148511cca952b41b0fb038a93a79a8b03", "speech_recordings": 25675, "noise_recordings": 837, "synthetic_probability": 0.5, "samples_per_epoch": 43208}, "distillation": null, "resume_checkpoint_sha256": "1b807caeef483cbeb43d43c26be7a0adfc747cccc12bbb659ae348b23a530dfa", "manifest_sha256": {"train": "c0b9ea9aa7b13d30aadd30f76274f6b2f932d802ae85c55426c2c3e13a4a247c", "val": "c1e0ccf95766f1542da3e8eebc1cf33107ca6ecf3ccf59c7a2d8078c171f5668"}, "source_sha256": {"__init__.py": "8fa53a117dcac5ce5f496e7685d7f3a4af5c4ed2b87475e4ba888f9925b3a560", "comparison.py": "a861f6857cb645cc11f3aed738af2829c8cec8e474cea33f2c5d9508184c2f26", "data.py": "1b755c38236483957f8ecc62a4923841aa33f3bd9c26e2a1de288ae5132f22f3", "development.py": "11b16e960701f64e5813b84e1f40e6be62d682777e04d683c4f671110ca70d44", "development_checkpoints.py": "97737ea04e6d702114661b0e45cd27ab7d3aa76c46c7542b9d53b672967230d8", "distillation.py": "2ab723d0d1e55dcecd52d935e50c372190a75c2dd4e01f796c506f4e74ab06e2", "embedded.py": "9c517cf2f15c44e4426ba09f06f80e613824bdc25191429f50bbf826ad801ef1", "evaluate.py": "8672d748c4d21434f57c349dacd382798e58624e2b412c48ba58abd0022bac35", "experimental_gru.py": "6605fe08627f9457d438bcfe1bbf45bc23327ca8cb723e776cb657d1a1944a8a", "experimental_gtcrn_ops.py": "4cef2a8c006e5a62839e0aa7db0057a9a04621a6943ae990573f326dfe7ae88b", "experimental_layer_norm.py": "61f60b2d3d7359c61f32d057e7a107fb0b02acac3d31f0d73b0e1f53266d7b39", "experimental_native.py": "fb80aecbeb69448b3f25aad2c329555a0eab4077a9a83349bf3f68486eafa18c", "experimental_ops_native.py": "0149c41990ebd8cb908b59e51dfc6e7e37905559960c158e4159cfce63519483", "export.py": "8c99c30eb7ebf6a4603d322945e8239c44e1e86e42bb6ab045a79aed65ff6107", "extra_data.py": "193cf8fd9d8704d040602ad00ba13b10d3ff61c06ffebe739a0acf72728979a3", "final_evaluation.py": "10b02ad35604dbd7ecd8534c02e946d67cdac5aebf2aa257f5bf499689a533d8", "frequency_deep_filter.py": "7ef7b10ac56bf0dcec9a6f2cfb141cfd47514593ecf0c46e3a817146ee8a4dd9", "frequency_embedded.py": "04808d9e34f42e68a960be9476bb40303a6e897c5461a09413885029c256b6ee", "frequency_evaluate.py": "bdc5f29e7a49f1b3251b29257b68044c733eaa942802feb4e9d70db70c4699a6", "frequency_export.py": "947e8e06a6e4501d4d3e21305e7b903d433d28158ec6c79e2cde063e5eca33fe", "frequency_gru.py": "41e0f10b122e8afb588d08f7d5220257c9b9f4f8ea792749baa07cbf3f292632", "frequency_model.py": "68da4df1ae92084c1ca1dba91ccbc16be4731fa2561bd48bdac6117127f689f4", "frequency_normalization.py": "407ae0de89eeb9202fe4ef8389b6308112564b4a84665745e98f9883fb0cac90", "frequency_quantization.py": "4739cdcac4753e31465593d3372c11936048778db29da2debf2975a33a4de162", "gtcrn_embedded.py": "98727e59ed0fb3ca2a2ef83637a38173e4a56bdec55cf95d56dffdbfa977629f", "gtcrn_erb.py": "629357afc0de53a0f1173f0b4a3b0a50aa16ca56bed5826c8a559c1d57c1b9e7", "gtcrn_integer.py": "3f71637bf413171fcc010f4eb52df592d67e6e41d1255cbfbbaa115b41a158cb", "gtcrn_integer_diagnostics.py": "0dbd18bc34c87b332ef276fae784578cf817ca9e0d62ba75641b84682b9ea63c", "gtcrn_integer_export.py": "ef7c30b27f628ad6279f46863e7ba286c0b60cced5a88cef3f2676e082264a71", "gtcrn_model.py": "ac4b4d02621a0508f129f162ad4146c8e5f33889631b8594681384110113d185", "gtcrn_mse_calibration.py": "4d51d5805a00108b367e21ac1801bb6dfcd0f6ba6c6f458285a7ec4a61d912d6", "gtcrn_native.py": "e260deffe7634ce8b829f9050e3d3c098680d33f02bd6c2fc7f57db3596d6da3", "gtcrn_qat.py": "81ada4d12214309b8403f6601c5c5d676c8e27171af0603181102ae862e9f216", "gtcrn_qat_gru.py": "90ffd9bfb09eaf0ecfd043d5cfd3fe059b4a0ec2d11caa8b7035518165f96a33", "gtcrn_qat_ops.py": "5f96745778f5259d263161e55dc5a3a3d0c5381181625263d8898cc5a4118ddc", "gtcrn_qat_train.py": "679f93990d55db630c75c435e8e064f5349c9c1b5018d03d6c6aacedd0df75a3", "gtcrn_quantization_probe.py": "fdf7788741d7d1e6eba39aecbf5d0ae67391e8449de74a8a872ec5684f8dfb2d", "gtcrn_recurrent_probe.py": "86d201ba41de3792f413c8294fac475d79462407b59e36e1bbe34f7046d13b93", "losses.py": "5f0e7753d8c7d5e827bb58e688288bbb883322b1326b878ab826139734621753", "mask_diagnostics.py": "0e7b71ffd2de26d647c91091d90a6090fe4dda579cb34393f4ba8c78ac1a44c3", "metrics.py": "9832420689fcc6e27d02ef2c751f76ac86c17d9f9164864543bf7604826da2b5", "mixtures.py": "aa52046143db594b101027108f1e4cad1a5dbdbbcde717146155b2847a3eef7a", "model.py": "ae35b641f3dd1a58932a8675cc58cac0029c637dbb196c125b3ae560ad61482e", "models.py": "c137123d38119828cdc1d3eaeeb59ac258012daf06161823aed9ee0b202b806b", "output_gain.py": "45f865d68ab1352c3dad0ed55ee8b028dab94ef1afc67ded18c2384f63d0512e", "quality.py": "39cae6c04fb76d8493f4bf6bec12c99a01dee5a8a25402ded65dbdb90f311874", "quantization.py": "cb16d537edc4dbac1a378e0f3e33b8e614a956da0fe1dc469d386c911696d5c5", "runtime_cache.py": "8b0dc114256533810bddefe350d4bf57009dc69b75d42819ae1590c4ee0e7019", "teacher_gain.py": "e6cc00ebad630a5e3587b9ddeecd57dbc9cf9db5e1bce43be66bd91b541ac7d4", "train.py": "d93fe5d24c9b08f2cd8f51dc15b6475ca1a52648e8f5ec33cbd95ad98b251fe0", "vendor/__init__.py": "bce826e18e3d79c14e2a9aebd441101f82cfe9ef703698e3cfebda168e9f2561", "vendor/gtcrn/__init__.py": "ef43765e819258761704a8ce25fa34a15b9c31140992b1bb2ba654ecf1879f89", "vendor/gtcrn/convert.py": "dbff3a360a720f11fca0b4a4f8bc6bdb3ebb712fa617dfe37df8b31a9c5a586e", "vendor/gtcrn/convolution.py": "28465f8a160b8484548ec2e2d8319d5b0650f45079f5abf9d41a8cb15ce2fdf4", "vendor/gtcrn/network.py": "20bf0610702506fa45cd543454b84bbeb862d73c7c20a3f8d820fdc04da6099b", "vendor/gtcrn/streaming.py": "649cede9019dd9397de2b773797ee7a37b860c71cfea41a09e41b3193f527007", "warm_start.py": "1f4431725906167c03c1b2cebb0c4d69dd8585789cfe580df29fa399cafc6b4f"}, "train_utterances": 10802, "validation_utterances": 770, "train_speakers": ["p227", "p228", "p230", "p231", "p233", "p236", "p239", "p243", "p244", "p250", "p254", "p256", "p258", "p259", "p267", "p268", "p269", "p270", "p273", "p274", "p276", "p277", "p278", "p279", "p282", "p286"], "validation_speakers": ["p226", "p287"], "phase": "float"}
{"event": "initial_validation", "utterances": 770, "total_utterances": 770, "invalid_utterances": 0, "noisy_si_sdr": 6.016738904979767, "si_sdr": 13.434722523870203, "si_sdri": 7.417983618890437}
{"event": "progress", "epoch": 1, "step": 0, "loss": -11.594392398985278, "seconds": 6}
{"event": "progress", "epoch": 1, "step": 50, "loss": -15.447431941927876, "seconds": 17}
{"event": "progress", "epoch": 1, "step": 100, "loss": -14.544000648189169, "seconds": 27}
{"event": "progress", "epoch": 1, "step": 150, "loss": -14.73410816300606, "seconds": 37}
{"event": "progress", "epoch": 1, "step": 200, "loss": -15.848553941018192, "seconds": 47}
{"event": "progress", "epoch": 1, "step": 250, "loss": -13.623128731827217, "seconds": 55}
{"event": "progress", "epoch": 1, "step": 300, "loss": -12.467177246367559, "seconds": 65}
{"event": "progress", "epoch": 1, "step": 350, "loss": -12.67806033172729, "seconds": 75}
{"event": "progress", "epoch": 1, "step": 400, "loss": -14.982373473759399, "seconds": 85}
{"event": "progress", "epoch": 1, "step": 450, "loss": -15.088627743240597, "seconds": 96}
{"event": "progress", "epoch": 1, "step": 500, "loss": -12.742616222053645, "seconds": 105}
{"event": "progress", "epoch": 1, "step": 550, "loss": -14.341526494542906, "seconds": 114}
{"event": "progress", "epoch": 1, "step": 600, "loss": -14.586261405381297, "seconds": 124}
{"event": "progress", "epoch": 1, "step": 650, "loss": -14.208361473051385, "seconds": 134}
{"event": "progress", "epoch": 1, "step": 700, "loss": -17.63878669947946, "seconds": 144}
{"event": "progress", "epoch": 1, "step": 750, "loss": -14.037312800420525, "seconds": 154}
{"event": "progress", "epoch": 1, "step": 800, "loss": -16.117375683029096, "seconds": 163}
{"event": "progress", "epoch": 1, "step": 850, "loss": -16.009381222475387, "seconds": 173}
{"event": "progress", "epoch": 1, "step": 900, "loss": -15.227304674442308, "seconds": 185}
{"event": "epoch", "epoch": 1, "phase": "float", "loss": -14.434920931442425, "seconds": 183.9490492219993, "elapsed_seconds": 186.86027968600047, "learning_rate": 0.0002, "utterances": 770, "total_utterances": 770, "invalid_utterances": 0, "noisy_si_sdr": 6.016738904979767, "si_sdr": 13.386660736130416, "si_sdri": 7.369921831150648, "best_si_sdri": 7.417983618890437}
{"event": "progress", "epoch": 2, "step": 0, "loss": -12.89254567615074, "seconds": 187}
{"event": "progress", "epoch": 2, "step": 50, "loss": -14.27515851177357, "seconds": 197}
{"event": "progress", "epoch": 2, "step": 100, "loss": -15.623041545862984, "seconds": 207}
{"event": "progress", "epoch": 2, "step": 150, "loss": -13.331947409704945, "seconds": 216}
{"event": "progress", "epoch": 2, "step": 200, "loss": -14.092445487194382, "seconds": 226}
{"event": "progress", "epoch": 2, "step": 250, "loss": -11.707905157573599, "seconds": 236}
{"event": "progress", "epoch": 2, "step": 300, "loss": -12.69388055395035, "seconds": 246}
{"event": "progress", "epoch": 2, "step": 350, "loss": -12.524442395894042, "seconds": 256}
{"event": "progress", "epoch": 2, "step": 400, "loss": -13.864949139924613, "seconds": 265}
{"event": "progress", "epoch": 2, "step": 450, "loss": -14.440190664963097, "seconds": 275}
{"event": "progress", "epoch": 2, "step": 500, "loss": -12.28203373814674, "seconds": 285}
{"event": "progress", "epoch": 2, "step": 550, "loss": -14.578413500011507, "seconds": 295}
{"event": "progress", "epoch": 2, "step": 600, "loss": -16.497898742388095, "seconds": 305}
{"event": "progress", "epoch": 2, "step": 650, "loss": -14.446609144217621, "seconds": 314}
{"event": "progress", "epoch": 2, "step": 700, "loss": -14.308387653946221, "seconds": 324}
{"event": "progress", "epoch": 2, "step": 750, "loss": -13.280285655381977, "seconds": 334}
{"event": "progress", "epoch": 2, "step": 800, "loss": -15.957663905507108, "seconds": 344}
{"event": "progress", "epoch": 2, "step": 850, "loss": -15.591588739328461, "seconds": 354}
{"event": "progress", "epoch": 2, "step": 900, "loss": -14.160951937307868, "seconds": 363}
{"event": "epoch", "epoch": 2, "phase": "float", "loss": -14.475008767562306, "seconds": 177.39077461999932, "elapsed_seconds": 364.30528663600035, "learning_rate": 0.0002, "utterances": 770, "total_utterances": 770, "invalid_utterances": 0, "noisy_si_sdr": 6.016738904979767, "si_sdr": 13.367325653124759, "si_sdri": 7.350586748144989, "best_si_sdri": 7.417983618890437}
{"event": "progress", "epoch": 3, "step": 0, "loss": -13.803951368316238, "seconds": 365}
{"event": "progress", "epoch": 3, "step": 50, "loss": -13.814054139412193, "seconds": 375}
{"event": "progress", "epoch": 3, "step": 100, "loss": -15.960486632318217, "seconds": 385}
{"event": "progress", "epoch": 3, "step": 150, "loss": -17.199431242595768, "seconds": 395}
{"event": "progress", "epoch": 3, "step": 200, "loss": -16.12135504629834, "seconds": 405}
{"event": "progress", "epoch": 3, "step": 250, "loss": -15.804415016101439, "seconds": 414}
{"event": "progress", "epoch": 3, "step": 300, "loss": -12.621346923050854, "seconds": 424}
{"event": "progress", "epoch": 3, "step": 350, "loss": -14.30030781105442, "seconds": 434}
{"event": "progress", "epoch": 3, "step": 400, "loss": -14.269872581046721, "seconds": 444}
{"event": "progress", "epoch": 3, "step": 450, "loss": -11.88793921307734, "seconds": 454}
{"event": "progress", "epoch": 3, "step": 500, "loss": -12.592174298751093, "seconds": 463}
{"event": "progress", "epoch": 3, "step": 550, "loss": -12.42701514661664, "seconds": 472}
{"event": "progress", "epoch": 3, "step": 600, "loss": -13.156916137738726, "seconds": 482}
{"event": "progress", "epoch": 3, "step": 650, "loss": -14.404625421865726, "seconds": 493}
{"event": "progress", "epoch": 3, "step": 700, "loss": -16.25414923272277, "seconds": 503}
{"event": "progress", "epoch": 3, "step": 750, "loss": -13.30359898127837, "seconds": 513}
{"event": "progress", "epoch": 3, "step": 800, "loss": -12.325475620736507, "seconds": 522}
{"event": "progress", "epoch": 3, "step": 850, "loss": -16.75153886192033, "seconds": 532}
{"event": "progress", "epoch": 3, "step": 900, "loss": -15.445359681919943, "seconds": 542}
{"event": "epoch", "epoch": 3, "phase": "float", "loss": -14.465865276505212, "seconds": 179.79884648899952, "elapsed_seconds": 544.1635493330004, "learning_rate": 0.0002, "utterances": 770, "total_utterances": 770, "invalid_utterances": 0, "noisy_si_sdr": 6.016738904979767, "si_sdr": 13.469693901953931, "si_sdri": 7.452954996974164, "best_si_sdri": 7.452954996974164}
{"event": "progress", "epoch": 4, "step": 0, "loss": -15.524707728281385, "seconds": 545}
{"event": "progress", "epoch": 4, "step": 50, "loss": -15.618243302404446, "seconds": 555}
{"event": "progress", "epoch": 4, "step": 100, "loss": -12.793950836977453, "seconds": 565}
{"event": "progress", "epoch": 4, "step": 150, "loss": -13.35725184945126, "seconds": 574}
{"event": "progress", "epoch": 4, "step": 200, "loss": -17.08144167088917, "seconds": 584}
{"event": "progress", "epoch": 4, "step": 250, "loss": -14.258015732845829, "seconds": 594}
{"event": "progress", "epoch": 4, "step": 300, "loss": -17.09447820107593, "seconds": 604}
{"event": "progress", "epoch": 4, "step": 350, "loss": -14.616040482813638, "seconds": 614}
{"event": "progress", "epoch": 4, "step": 400, "loss": -15.920614433977416, "seconds": 622}
{"event": "progress", "epoch": 4, "step": 450, "loss": -15.008888222211086, "seconds": 632}
{"event": "progress", "epoch": 4, "step": 500, "loss": -12.322727500150595, "seconds": 642}
{"event": "progress", "epoch": 4, "step": 550, "loss": -13.795066569307483, "seconds": 652}
{"event": "progress", "epoch": 4, "step": 600, "loss": -12.425015656973855, "seconds": 662}
{"event": "progress", "epoch": 4, "step": 650, "loss": -12.147854265011896, "seconds": 671}
{"event": "progress", "epoch": 4, "step": 700, "loss": -14.33214171729539, "seconds": 681}
{"event": "progress", "epoch": 4, "step": 750, "loss": -11.874974187741168, "seconds": 691}
{"event": "progress", "epoch": 4, "step": 800, "loss": -12.874987318912062, "seconds": 701}
{"event": "progress", "epoch": 4, "step": 850, "loss": -15.54460166517182, "seconds": 711}
{"event": "progress", "epoch": 4, "step": 900, "loss": -17.434355309161813, "seconds": 720}
{"event": "epoch", "epoch": 4, "phase": "float", "loss": -14.552948828899995, "seconds": 177.75354353500006, "elapsed_seconds": 722.0241437610002, "learning_rate": 0.0002, "utterances": 770, "total_utterances": 770, "invalid_utterances": 0, "noisy_si_sdr": 6.016738904979767, "si_sdr": 13.426922302523412, "si_sdri": 7.410183397543643, "best_si_sdri": 7.452954996974164}
{"event": "progress", "epoch": 5, "step": 0, "loss": -15.727676174141815, "seconds": 722}
{"event": "progress", "epoch": 5, "step": 50, "loss": -13.572092154856932, "seconds": 733}
{"event": "progress", "epoch": 5, "step": 100, "loss": -18.511443787310697, "seconds": 743}
{"event": "progress", "epoch": 5, "step": 150, "loss": -18.03017873446942, "seconds": 753}
{"event": "progress", "epoch": 5, "step": 200, "loss": -14.237956202881094, "seconds": 763}
{"event": "progress", "epoch": 5, "step": 250, "loss": -15.493556760946696, "seconds": 772}
{"event": "progress", "epoch": 5, "step": 300, "loss": -14.117968088456283, "seconds": 781}
{"event": "progress", "epoch": 5, "step": 350, "loss": -12.543879867712905, "seconds": 792}
{"event": "progress", "epoch": 5, "step": 400, "loss": -12.812916006395392, "seconds": 802}
{"event": "progress", "epoch": 5, "step": 450, "loss": -12.442362731185764, "seconds": 812}
{"event": "progress", "epoch": 5, "step": 500, "loss": -14.418122676307007, "seconds": 822}
{"event": "progress", "epoch": 5, "step": 550, "loss": -13.785147244502891, "seconds": 830}
{"event": "progress", "epoch": 5, "step": 600, "loss": -11.50788776097081, "seconds": 840}
{"event": "progress", "epoch": 5, "step": 650, "loss": -12.627142721496847, "seconds": 850}
{"event": "progress", "epoch": 5, "step": 700, "loss": -12.50997800198488, "seconds": 860}
{"event": "progress", "epoch": 5, "step": 750, "loss": -14.717796994673634, "seconds": 870}
{"event": "progress", "epoch": 5, "step": 800, "loss": -16.282082788820855, "seconds": 879}
{"event": "progress", "epoch": 5, "step": 850, "loss": -13.951575915408911, "seconds": 889}
{"event": "progress", "epoch": 5, "step": 900, "loss": -13.701009613664946, "seconds": 899}
{"event": "epoch", "epoch": 5, "phase": "float", "loss": -14.554586356780284, "seconds": 178.88977711299958, "elapsed_seconds": 900.9669809520001, "learning_rate": 0.0002, "utterances": 770, "total_utterances": 770, "invalid_utterances": 0, "noisy_si_sdr": 6.016738904979767, "si_sdr": 13.42924999765406, "si_sdri": 7.412511092674293, "best_si_sdri": 7.452954996974164}
{"event": "progress", "epoch": 6, "step": 0, "loss": -14.920991815199798, "seconds": 901}
{"event": "progress", "epoch": 6, "step": 50, "loss": -14.496198060586446, "seconds": 911}
{"event": "progress", "epoch": 6, "step": 100, "loss": -14.84086277358048, "seconds": 922}
{"event": "progress", "epoch": 6, "step": 150, "loss": -13.828320484892075, "seconds": 930}
{"event": "progress", "epoch": 6, "step": 200, "loss": -14.85285442597915, "seconds": 940}
{"event": "progress", "epoch": 6, "step": 250, "loss": -13.865267876225426, "seconds": 950}
{"event": "progress", "epoch": 6, "step": 300, "loss": -14.72627770216598, "seconds": 960}
{"event": "progress", "epoch": 6, "step": 350, "loss": -13.397618863561549, "seconds": 970}
{"event": "progress", "epoch": 6, "step": 400, "loss": -14.307483691016138, "seconds": 979}
{"event": "progress", "epoch": 6, "step": 450, "loss": -15.43519974234365, "seconds": 989}
{"event": "progress", "epoch": 6, "step": 500, "loss": -13.861926523487279, "seconds": 999}
{"event": "progress", "epoch": 6, "step": 550, "loss": -16.90660415781524, "seconds": 1009}
{"event": "progress", "epoch": 6, "step": 600, "loss": -13.669745873406244, "seconds": 1019}
{"event": "progress", "epoch": 6, "step": 650, "loss": -13.221802978680476, "seconds": 1029}
{"event": "progress", "epoch": 6, "step": 700, "loss": -14.631613911882264, "seconds": 1038}
{"event": "progress", "epoch": 6, "step": 750, "loss": -14.82199840269339, "seconds": 1048}
{"event": "progress", "epoch": 6, "step": 800, "loss": -12.47265417946868, "seconds": 1058}
{"event": "progress", "epoch": 6, "step": 850, "loss": -13.724690947419493, "seconds": 1068}
{"event": "progress", "epoch": 6, "step": 900, "loss": -14.507753983607273, "seconds": 1078}
{"event": "epoch", "epoch": 6, "phase": "float", "loss": -14.516962937277457, "seconds": 178.82286359800037, "elapsed_seconds": 1079.8437964470004, "learning_rate": 0.0002, "utterances": 770, "total_utterances": 770, "invalid_utterances": 0, "noisy_si_sdr": 6.016738904979767, "si_sdr": 13.448134461373424, "si_sdri": 7.4313955563936585, "best_si_sdri": 7.452954996974164}
{"event": "progress", "epoch": 7, "step": 0, "loss": -14.247210768619583, "seconds": 1080}
{"event": "progress", "epoch": 7, "step": 50, "loss": -13.859109877437728, "seconds": 1090}
{"event": "progress", "epoch": 7, "step": 100, "loss": -14.994403848448776, "seconds": 1100}
{"event": "progress", "epoch": 7, "step": 150, "loss": -16.194261817649377, "seconds": 1110}
{"event": "progress", "epoch": 7, "step": 200, "loss": -14.84000327489247, "seconds": 1120}
{"event": "progress", "epoch": 7, "step": 250, "loss": -15.0177350696071, "seconds": 1130}
{"event": "progress", "epoch": 7, "step": 300, "loss": -15.871391459757508, "seconds": 1138}
{"event": "progress", "epoch": 7, "step": 350, "loss": -15.522970897927019, "seconds": 1148}
{"event": "progress", "epoch": 7, "step": 400, "loss": -14.979120412163923, "seconds": 1158}
{"event": "progress", "epoch": 7, "step": 450, "loss": -14.389531422472306, "seconds": 1168}
{"event": "progress", "epoch": 7, "step": 500, "loss": -14.482172809075474, "seconds": 1178}
{"event": "progress", "epoch": 7, "step": 550, "loss": -12.88503770114674, "seconds": 1187}
{"event": "progress", "epoch": 7, "step": 600, "loss": -15.38120578323281, "seconds": 1197}
{"event": "progress", "epoch": 7, "step": 650, "loss": -15.468951574435838, "seconds": 1207}
{"event": "progress", "epoch": 7, "step": 700, "loss": -13.81390942784634, "seconds": 1217}
{"event": "progress", "epoch": 7, "step": 750, "loss": -12.111116296710417, "seconds": 1227}
{"event": "progress", "epoch": 7, "step": 800, "loss": -14.135917937271566, "seconds": 1236}
{"event": "progress", "epoch": 7, "step": 850, "loss": -11.879913478147998, "seconds": 1242}
{"event": "progress", "epoch": 7, "step": 900, "loss": -11.80037172772244, "seconds": 1247}
{"event": "epoch", "epoch": 7, "phase": "float", "loss": -14.619999042009871, "seconds": 168.5968805800003, "elapsed_seconds": 1248.4975880090005, "learning_rate": 0.0002, "utterances": 770, "total_utterances": 770, "invalid_utterances": 0, "noisy_si_sdr": 6.016738904979767, "si_sdr": 13.47203797726376, "si_sdri": 7.4552990722839905, "best_si_sdri": 7.4552990722839905}
{"event": "progress", "epoch": 8, "step": 0, "loss": -14.484935116500893, "seconds": 1249}
{"event": "progress", "epoch": 8, "step": 50, "loss": -15.707237030697929, "seconds": 1254}
{"event": "progress", "epoch": 8, "step": 100, "loss": -14.326815296663074, "seconds": 1260}
{"event": "progress", "epoch": 8, "step": 150, "loss": -16.799847401620234, "seconds": 1266}
{"event": "progress", "epoch": 8, "step": 200, "loss": -15.58205013361849, "seconds": 1277}
{"event": "progress", "epoch": 8, "step": 250, "loss": -12.793388014929889, "seconds": 1288}
{"event": "progress", "epoch": 8, "step": 300, "loss": -17.201406434327822, "seconds": 1298}
{"event": "progress", "epoch": 8, "step": 350, "loss": -14.206352857806014, "seconds": 1309}
{"event": "progress", "epoch": 8, "step": 400, "loss": -14.104578710837227, "seconds": 1319}
{"event": "progress", "epoch": 8, "step": 450, "loss": -17.38730247647674, "seconds": 1330}
{"event": "progress", "epoch": 8, "step": 500, "loss": -12.653506252080065, "seconds": 1340}
{"event": "progress", "epoch": 8, "step": 550, "loss": -12.735557607237524, "seconds": 1351}
{"event": "progress", "epoch": 8, "step": 600, "loss": -13.954706129210217, "seconds": 1362}
{"event": "progress", "epoch": 8, "step": 650, "loss": -13.697887774371384, "seconds": 1372}
{"event": "progress", "epoch": 8, "step": 700, "loss": -12.488762461337409, "seconds": 1383}
{"event": "progress", "epoch": 8, "step": 750, "loss": -13.274271137391267, "seconds": 1393}
{"event": "progress", "epoch": 8, "step": 800, "loss": -12.287234230348076, "seconds": 1404}
{"event": "progress", "epoch": 8, "step": 850, "loss": -16.805666653447886, "seconds": 1414}
{"event": "progress", "epoch": 8, "step": 900, "loss": -13.143000501525727, "seconds": 1424}
{"event": "epoch", "epoch": 8, "phase": "float", "loss": -14.546078276573523, "seconds": 178.1525905620001, "elapsed_seconds": 1426.7548117730003, "learning_rate": 0.0002, "utterances": 770, "total_utterances": 770, "invalid_utterances": 0, "noisy_si_sdr": 6.016738904979767, "si_sdr": 13.478492052553893, "si_sdri": 7.461753147574124, "best_si_sdri": 7.461753147574124}
{"event": "progress", "epoch": 9, "step": 0, "loss": -13.442687317139178, "seconds": 1427}
{"event": "progress", "epoch": 9, "step": 50, "loss": -15.487090961504453, "seconds": 1438}
{"event": "progress", "epoch": 9, "step": 100, "loss": -10.952281597436421, "seconds": 1448}
{"event": "progress", "epoch": 9, "step": 150, "loss": -13.58867833688151, "seconds": 1457}
{"event": "progress", "epoch": 9, "step": 200, "loss": -14.598832690032491, "seconds": 1467}
{"event": "progress", "epoch": 9, "step": 250, "loss": -15.131066230565134, "seconds": 1478}
{"event": "progress", "epoch": 9, "step": 300, "loss": -16.593301188168184, "seconds": 1489}
{"event": "progress", "epoch": 9, "step": 350, "loss": -14.806318174114157, "seconds": 1499}
{"event": "progress", "epoch": 9, "step": 400, "loss": -15.671131139373779, "seconds": 1510}
{"event": "progress", "epoch": 9, "step": 450, "loss": -19.645877143419, "seconds": 1520}
{"event": "progress", "epoch": 9, "step": 500, "loss": -16.82035281692206, "seconds": 1531}
{"event": "progress", "epoch": 9, "step": 550, "loss": -13.677886224548553, "seconds": 1541}
{"event": "progress", "epoch": 9, "step": 600, "loss": -15.908628382564652, "seconds": 1552}
{"event": "progress", "epoch": 9, "step": 650, "loss": -15.76174193814717, "seconds": 1562}
{"event": "progress", "epoch": 9, "step": 700, "loss": -15.661855233340043, "seconds": 1573}
{"event": "progress", "epoch": 9, "step": 750, "loss": -13.183600919584011, "seconds": 1583}
{"event": "progress", "epoch": 9, "step": 800, "loss": -15.071497097585777, "seconds": 1594}
{"event": "progress", "epoch": 9, "step": 850, "loss": -18.104232880108373, "seconds": 1604}
{"event": "progress", "epoch": 9, "step": 900, "loss": -11.94148229203465, "seconds": 1615}
{"event": "epoch", "epoch": 9, "phase": "float", "loss": -14.678377390776717, "seconds": 190.04107972300062, "elapsed_seconds": 1616.9155936020006, "learning_rate": 0.0002, "utterances": 770, "total_utterances": 770, "invalid_utterances": 0, "noisy_si_sdr": 6.016738904979767, "si_sdr": 13.477540034830044, "si_sdri": 7.460801129850277, "best_si_sdri": 7.461753147574124}
{"event": "progress", "epoch": 10, "step": 0, "loss": -15.24833269652585, "seconds": 1617}
{"event": "progress", "epoch": 10, "step": 50, "loss": -14.956436288903557, "seconds": 1628}
{"event": "progress", "epoch": 10, "step": 100, "loss": -18.484794789190946, "seconds": 1639}
{"event": "progress", "epoch": 10, "step": 150, "loss": -14.66435068724303, "seconds": 1649}
{"event": "progress", "epoch": 10, "step": 200, "loss": -17.428420485251856, "seconds": 1659}
{"event": "progress", "epoch": 10, "step": 250, "loss": -15.456385359032819, "seconds": 1669}
{"event": "progress", "epoch": 10, "step": 300, "loss": -12.877097485186614, "seconds": 1680}
{"event": "progress", "epoch": 10, "step": 350, "loss": -13.770917363784537, "seconds": 1690}
{"event": "progress", "epoch": 10, "step": 400, "loss": -10.896635652147253, "seconds": 1701}
{"event": "progress", "epoch": 10, "step": 450, "loss": -15.814929361947705, "seconds": 1711}
{"event": "progress", "epoch": 10, "step": 500, "loss": -15.265409810981135, "seconds": 1722}
{"event": "progress", "epoch": 10, "step": 550, "loss": -16.08113379219191, "seconds": 1733}
{"event": "progress", "epoch": 10, "step": 600, "loss": -12.079840453524259, "seconds": 1744}
{"event": "progress", "epoch": 10, "step": 650, "loss": -16.36796959664878, "seconds": 1755}
{"event": "progress", "epoch": 10, "step": 700, "loss": -13.662275476932123, "seconds": 1766}
{"event": "progress", "epoch": 10, "step": 750, "loss": -15.938377662123973, "seconds": 1777}
{"event": "progress", "epoch": 10, "step": 800, "loss": -15.19274149746773, "seconds": 1788}
{"event": "progress", "epoch": 10, "step": 850, "loss": -16.521738213505948, "seconds": 1800}
{"event": "progress", "epoch": 10, "step": 900, "loss": -12.789593043979405, "seconds": 1810}
{"event": "epoch", "epoch": 10, "phase": "float", "loss": -14.63543820546429, "seconds": 195.74516097800006, "elapsed_seconds": 1812.7149017760003, "learning_rate": 0.0002, "utterances": 770, "total_utterances": 770, "invalid_utterances": 0, "noisy_si_sdr": 6.016738904979767, "si_sdr": 13.426894320266362, "si_sdri": 7.410155415286596, "best_si_sdri": 7.461753147574124}
{"event": "progress", "epoch": 11, "step": 0, "loss": -14.300535671788944, "seconds": 1813}
{"event": "progress", "epoch": 11, "step": 50, "loss": -16.869982045703157, "seconds": 1825}
{"event": "progress", "epoch": 11, "step": 100, "loss": -12.907986711060992, "seconds": 1836}
{"event": "progress", "epoch": 11, "step": 150, "loss": -12.73451124502736, "seconds": 1847}
{"event": "progress", "epoch": 11, "step": 200, "loss": -14.564053703154935, "seconds": 1857}
{"event": "progress", "epoch": 11, "step": 250, "loss": -15.338792458675186, "seconds": 1868}
{"event": "progress", "epoch": 11, "step": 300, "loss": -14.038192103532552, "seconds": 1879}
{"event": "progress", "epoch": 11, "step": 350, "loss": -14.338454637125503, "seconds": 1890}
{"event": "progress", "epoch": 11, "step": 400, "loss": -11.78157512320631, "seconds": 1901}
{"event": "progress", "epoch": 11, "step": 450, "loss": -14.225426377263412, "seconds": 1912}
{"event": "progress", "epoch": 11, "step": 500, "loss": -15.083180850028763, "seconds": 1923}
{"event": "progress", "epoch": 11, "step": 550, "loss": -12.990683955973314, "seconds": 1934}
{"event": "progress", "epoch": 11, "step": 600, "loss": -11.668799611804914, "seconds": 1945}
{"event": "progress", "epoch": 11, "step": 650, "loss": -15.864285383709504, "seconds": 1956}
{"event": "progress", "epoch": 11, "step": 700, "loss": -14.631032532127904, "seconds": 1967}
{"event": "progress", "epoch": 11, "step": 750, "loss": -14.098266145606383, "seconds": 1978}
{"event": "progress", "epoch": 11, "step": 800, "loss": -15.490633950030446, "seconds": 1989}
{"event": "progress", "epoch": 11, "step": 850, "loss": -16.587766506106377, "seconds": 2000}
{"event": "progress", "epoch": 11, "step": 900, "loss": -18.482859802182837, "seconds": 2011}
{"event": "epoch", "epoch": 11, "phase": "float", "loss": -14.729833239491105, "seconds": 200.72961033299998, "elapsed_seconds": 2013.499164408, "learning_rate": 0.0002, "utterances": 770, "total_utterances": 770, "invalid_utterances": 0, "noisy_si_sdr": 6.016738904979767, "si_sdr": 13.471118427121501, "si_sdri": 7.454379522141734, "best_si_sdri": 7.461753147574124}
{"event": "progress", "epoch": 12, "step": 0, "loss": -12.919604681238805, "seconds": 2014}
{"event": "progress", "epoch": 12, "step": 50, "loss": -14.857285552500816, "seconds": 2025}
{"event": "progress", "epoch": 12, "step": 100, "loss": -13.100840479743633, "seconds": 2036}
{"event": "progress", "epoch": 12, "step": 150, "loss": -14.482497629792528, "seconds": 2047}
{"event": "progress", "epoch": 12, "step": 200, "loss": -13.304654935663685, "seconds": 2057}
{"event": "progress", "epoch": 12, "step": 250, "loss": -15.173923690733993, "seconds": 2068}
{"event": "progress", "epoch": 12, "step": 300, "loss": -13.081309468661576, "seconds": 2079}
{"event": "progress", "epoch": 12, "step": 350, "loss": -16.827858197368126, "seconds": 2090}
{"event": "progress", "epoch": 12, "step": 400, "loss": -15.160071816328113, "seconds": 2101}
{"event": "progress", "epoch": 12, "step": 450, "loss": -13.286669425018506, "seconds": 2113}
{"event": "progress", "epoch": 12, "step": 500, "loss": -11.787558539684463, "seconds": 2124}
{"event": "progress", "epoch": 12, "step": 550, "loss": -14.151581580917465, "seconds": 2134}
{"event": "progress", "epoch": 12, "step": 600, "loss": -14.463597725502314, "seconds": 2146}
{"event": "progress", "epoch": 12, "step": 650, "loss": -17.091076770941847, "seconds": 2157}
{"event": "progress", "epoch": 12, "step": 700, "loss": -18.220489943985246, "seconds": 2168}
{"event": "progress", "epoch": 12, "step": 750, "loss": -17.263576602034306, "seconds": 2179}
{"event": "progress", "epoch": 12, "step": 800, "loss": -17.694907042093508, "seconds": 2190}
{"event": "progress", "epoch": 12, "step": 850, "loss": -18.32126766462168, "seconds": 2201}
{"event": "progress", "epoch": 12, "step": 900, "loss": -14.472099156974403, "seconds": 2212}
{"event": "epoch", "epoch": 12, "phase": "float", "loss": -14.700195425679194, "seconds": 200.36121594399992, "elapsed_seconds": 2213.915272219, "learning_rate": 0.0002, "utterances": 770, "total_utterances": 770, "invalid_utterances": 0, "noisy_si_sdr": 6.016738904979767, "si_sdr": 13.51898782903016, "si_sdri": 7.502248924050393, "best_si_sdri": 7.502248924050393}
{"event": "progress", "epoch": 13, "step": 0, "loss": -16.72083931842159, "seconds": 2214}
{"event": "progress", "epoch": 13, "step": 50, "loss": -12.684509499610892, "seconds": 2226}
{"event": "progress", "epoch": 13, "step": 100, "loss": -13.294266468982897, "seconds": 2237}
{"event": "progress", "epoch": 13, "step": 150, "loss": -13.637376902862773, "seconds": 2247}
{"event": "progress", "epoch": 13, "step": 200, "loss": -13.402275988263208, "seconds": 2258}
{"event": "progress", "epoch": 13, "step": 250, "loss": -15.491428263997117, "seconds": 2269}
{"event": "progress", "epoch": 13, "step": 300, "loss": -14.791632634740669, "seconds": 2280}
{"event": "progress", "epoch": 13, "step": 350, "loss": -13.510287149594385, "seconds": 2291}
{"event": "progress", "epoch": 13, "step": 400, "loss": -14.576307814082153, "seconds": 2302}
{"event": "progress", "epoch": 13, "step": 450, "loss": -16.466772161110185, "seconds": 2313}
{"event": "progress", "epoch": 13, "step": 500, "loss": -15.71513399023852, "seconds": 2324}
{"event": "progress", "epoch": 13, "step": 550, "loss": -13.196206050083646, "seconds": 2335}
{"event": "progress", "epoch": 13, "step": 600, "loss": -15.738502666697428, "seconds": 2346}
{"event": "progress", "epoch": 13, "step": 650, "loss": -15.725495872650985, "seconds": 2357}
{"event": "progress", "epoch": 13, "step": 700, "loss": -12.805321646174116, "seconds": 2368}
{"event": "progress", "epoch": 13, "step": 750, "loss": -16.584218109017662, "seconds": 2379}
{"event": "progress", "epoch": 13, "step": 800, "loss": -14.26355495417548, "seconds": 2390}
{"event": "progress", "epoch": 13, "step": 850, "loss": -14.827946653761359, "seconds": 2401}
{"event": "progress", "epoch": 13, "step": 900, "loss": -17.693763698691008, "seconds": 2412}
{"event": "epoch", "epoch": 13, "phase": "float", "loss": -14.752893485078106, "seconds": 199.93861488899984, "elapsed_seconds": 2413.964591365, "learning_rate": 0.0002, "utterances": 770, "total_utterances": 770, "invalid_utterances": 0, "noisy_si_sdr": 6.016738904979767, "si_sdr": 13.557462752295523, "si_sdri": 7.540723847315754, "best_si_sdri": 7.540723847315754}
{"event": "progress", "epoch": 14, "step": 0, "loss": -16.876266900765643, "seconds": 2415}
{"event": "progress", "epoch": 14, "step": 50, "loss": -13.706293963101553, "seconds": 2426}
{"event": "progress", "epoch": 14, "step": 100, "loss": -14.93412814133113, "seconds": 2437}
{"event": "progress", "epoch": 14, "step": 150, "loss": -14.328959226068477, "seconds": 2448}
{"event": "progress", "epoch": 14, "step": 200, "loss": -16.394429657396074, "seconds": 2458}
{"event": "progress", "epoch": 14, "step": 250, "loss": -15.35980251522168, "seconds": 2469}
{"event": "progress", "epoch": 14, "step": 300, "loss": -15.36961097020712, "seconds": 2480}
{"event": "progress", "epoch": 14, "step": 350, "loss": -13.793330226390054, "seconds": 2491}
{"event": "progress", "epoch": 14, "step": 400, "loss": -15.788325334370501, "seconds": 2502}
{"event": "progress", "epoch": 14, "step": 450, "loss": -17.71947741250002, "seconds": 2513}
{"event": "progress", "epoch": 14, "step": 500, "loss": -15.26651916362465, "seconds": 2524}
{"event": "progress", "epoch": 14, "step": 550, "loss": -14.27752047898278, "seconds": 2535}
{"event": "progress", "epoch": 14, "step": 600, "loss": -15.136725486002636, "seconds": 2546}
{"event": "progress", "epoch": 14, "step": 650, "loss": -16.064752486572377, "seconds": 2557}
{"event": "progress", "epoch": 14, "step": 700, "loss": -11.956991870244071, "seconds": 2568}
{"event": "progress", "epoch": 14, "step": 750, "loss": -14.667023543465916, "seconds": 2579}
{"event": "progress", "epoch": 14, "step": 800, "loss": -11.757135088152388, "seconds": 2590}
{"event": "progress", "epoch": 14, "step": 850, "loss": -14.79667271482106, "seconds": 2601}
{"event": "progress", "epoch": 14, "step": 900, "loss": -13.76050040809402, "seconds": 2612}
{"event": "epoch", "epoch": 14, "phase": "float", "loss": -14.800917171852552, "seconds": 200.4460973639998, "elapsed_seconds": 2614.5216444120006, "learning_rate": 0.0002, "utterances": 770, "total_utterances": 770, "invalid_utterances": 0, "noisy_si_sdr": 6.016738904979767, "si_sdr": 13.561986445824243, "si_sdri": 7.545247540844477, "best_si_sdri": 7.545247540844477}
{"event": "progress", "epoch": 15, "step": 0, "loss": -11.784842818243177, "seconds": 2615}
{"event": "progress", "epoch": 15, "step": 50, "loss": -13.948867811757214, "seconds": 2626}
{"event": "progress", "epoch": 15, "step": 100, "loss": -12.802018593824679, "seconds": 2638}
{"event": "progress", "epoch": 15, "step": 150, "loss": -14.68719684310127, "seconds": 2648}
{"event": "progress", "epoch": 15, "step": 200, "loss": -14.388996022018272, "seconds": 2659}
{"event": "progress", "epoch": 15, "step": 250, "loss": -18.981119833378344, "seconds": 2670}
{"event": "progress", "epoch": 15, "step": 300, "loss": -14.423200908109337, "seconds": 2681}
{"event": "progress", "epoch": 15, "step": 350, "loss": -15.876022631672047, "seconds": 2692}
{"event": "progress", "epoch": 15, "step": 400, "loss": -14.04464326808985, "seconds": 2703}
{"event": "progress", "epoch": 15, "step": 450, "loss": -15.716149216940636, "seconds": 2714}
{"event": "progress", "epoch": 15, "step": 500, "loss": -13.577449826667628, "seconds": 2725}
{"event": "progress", "epoch": 15, "step": 550, "loss": -15.733185141394621, "seconds": 2736}
{"event": "progress", "epoch": 15, "step": 600, "loss": -15.145180698487183, "seconds": 2747}
{"event": "progress", "epoch": 15, "step": 650, "loss": -14.220570061004489, "seconds": 2758}
{"event": "progress", "epoch": 15, "step": 700, "loss": -13.048178967075131, "seconds": 2769}
{"event": "progress", "epoch": 15, "step": 750, "loss": -15.493785633656007, "seconds": 2780}
{"event": "progress", "epoch": 15, "step": 800, "loss": -13.522074312309147, "seconds": 2791}
{"event": "progress", "epoch": 15, "step": 850, "loss": -15.73785301904773, "seconds": 2802}
{"event": "progress", "epoch": 15, "step": 900, "loss": -15.329898073926467, "seconds": 2813}
{"event": "epoch", "epoch": 15, "phase": "float", "loss": -14.760254007609936, "seconds": 200.30650175200026, "elapsed_seconds": 2814.9422898990006, "learning_rate": 0.0002, "utterances": 770, "total_utterances": 770, "invalid_utterances": 0, "noisy_si_sdr": 6.016738904979767, "si_sdr": 13.607713360101847, "si_sdri": 7.590974455122078, "best_si_sdri": 7.590974455122078}
{"event": "progress", "epoch": 16, "step": 0, "loss": -14.041456124876678, "seconds": 2816}
{"event": "progress", "epoch": 16, "step": 50, "loss": -15.787746187837644, "seconds": 2827}
{"event": "progress", "epoch": 16, "step": 100, "loss": -14.646203149998936, "seconds": 2838}
{"event": "progress", "epoch": 16, "step": 150, "loss": -13.180724208261836, "seconds": 2848}
{"event": "progress", "epoch": 16, "step": 200, "loss": -16.257945314750515, "seconds": 2859}
{"event": "progress", "epoch": 16, "step": 250, "loss": -15.454050100478335, "seconds": 2870}
{"event": "progress", "epoch": 16, "step": 300, "loss": -14.416661109536552, "seconds": 2881}
{"event": "progress", "epoch": 16, "step": 350, "loss": -15.284648485764956, "seconds": 2892}
{"event": "progress", "epoch": 16, "step": 400, "loss": -14.605500738625928, "seconds": 2904}
{"event": "progress", "epoch": 16, "step": 450, "loss": -14.601055708641383, "seconds": 2915}
{"event": "progress", "epoch": 16, "step": 500, "loss": -13.916983030778297, "seconds": 2926}
{"event": "progress", "epoch": 16, "step": 550, "loss": -13.359424146887676, "seconds": 2937}
{"event": "progress", "epoch": 16, "step": 600, "loss": -14.269524507439984, "seconds": 2948}
{"event": "progress", "epoch": 16, "step": 650, "loss": -14.939665674338517, "seconds": 2959}
{"event": "progress", "epoch": 16, "step": 700, "loss": -13.98139341581195, "seconds": 2970}
{"event": "progress", "epoch": 16, "step": 750, "loss": -17.736642683648828, "seconds": 2981}
{"event": "progress", "epoch": 16, "step": 800, "loss": -18.40619479654562, "seconds": 2992}
{"event": "progress", "epoch": 16, "step": 850, "loss": -13.802017821958028, "seconds": 3003}
{"event": "progress", "epoch": 16, "step": 900, "loss": -14.111689524166986, "seconds": 3014}
{"event": "epoch", "epoch": 16, "phase": "float", "loss": -14.770033504862402, "seconds": 201.35226306500044, "elapsed_seconds": 3016.4052227700013, "learning_rate": 0.0002, "utterances": 770, "total_utterances": 770, "invalid_utterances": 0, "noisy_si_sdr": 6.016738904979767, "si_sdr": 13.560144819455013, "si_sdri": 7.543405914475245, "best_si_sdri": 7.590974455122078}
{"event": "progress", "epoch": 17, "step": 0, "loss": -13.936543813286677, "seconds": 3017}
{"event": "progress", "epoch": 17, "step": 50, "loss": -14.390204016124182, "seconds": 3028}
{"event": "progress", "epoch": 17, "step": 100, "loss": -16.271496522273104, "seconds": 3039}
{"event": "progress", "epoch": 17, "step": 150, "loss": -14.690260208294664, "seconds": 3050}
{"event": "progress", "epoch": 17, "step": 200, "loss": -14.121813857012194, "seconds": 3060}
{"event": "progress", "epoch": 17, "step": 250, "loss": -14.485687180670775, "seconds": 3071}
{"event": "progress", "epoch": 17, "step": 300, "loss": -13.7825906399618, "seconds": 3082}
{"event": "progress", "epoch": 17, "step": 350, "loss": -12.004765469802686, "seconds": 3093}
{"event": "progress", "epoch": 17, "step": 400, "loss": -15.687215200582191, "seconds": 3104}
{"event": "progress", "epoch": 17, "step": 450, "loss": -13.64047490269201, "seconds": 3115}
{"event": "progress", "epoch": 17, "step": 500, "loss": -14.810312357691055, "seconds": 3126}
{"event": "progress", "epoch": 17, "step": 550, "loss": -15.851354634879556, "seconds": 3137}
{"event": "progress", "epoch": 17, "step": 600, "loss": -16.06374563201649, "seconds": 3148}
{"event": "progress", "epoch": 17, "step": 650, "loss": -16.54029106414035, "seconds": 3159}
{"event": "progress", "epoch": 17, "step": 700, "loss": -13.106622306037957, "seconds": 3170}
{"event": "progress", "epoch": 17, "step": 750, "loss": -15.874716889993685, "seconds": 3181}
{"event": "progress", "epoch": 17, "step": 800, "loss": -13.42977441937797, "seconds": 3192}
{"event": "progress", "epoch": 17, "step": 850, "loss": -14.568810026629034, "seconds": 3203}
{"event": "progress", "epoch": 17, "step": 900, "loss": -21.720341446496093, "seconds": 3214}
{"event": "epoch", "epoch": 17, "phase": "float", "loss": -14.796740091097687, "seconds": 199.98360503099866, "elapsed_seconds": 3216.443099326001, "learning_rate": 0.0002, "utterances": 770, "total_utterances": 770, "invalid_utterances": 0, "noisy_si_sdr": 6.016738904979767, "si_sdr": 13.57389058589161, "si_sdri": 7.557151680911841, "best_si_sdri": 7.590974455122078}
{"event": "progress", "epoch": 18, "step": 0, "loss": -15.092798715644458, "seconds": 3217}
{"event": "progress", "epoch": 18, "step": 50, "loss": -15.017946555414369, "seconds": 3228}
{"event": "progress", "epoch": 18, "step": 100, "loss": -14.176116572398097, "seconds": 3239}
{"event": "progress", "epoch": 18, "step": 150, "loss": -14.300508424033072, "seconds": 3250}
{"event": "progress", "epoch": 18, "step": 200, "loss": -11.815962409978813, "seconds": 3261}
{"event": "progress", "epoch": 18, "step": 250, "loss": -15.290869824193793, "seconds": 3272}
{"event": "progress", "epoch": 18, "step": 300, "loss": -13.046043129408087, "seconds": 3283}
{"event": "progress", "epoch": 18, "step": 350, "loss": -16.709652954517438, "seconds": 3294}
{"event": "progress", "epoch": 18, "step": 400, "loss": -13.423622315456955, "seconds": 3305}
{"event": "progress", "epoch": 18, "step": 450, "loss": -15.525801451042156, "seconds": 3316}
{"event": "progress", "epoch": 18, "step": 500, "loss": -17.753888084079975, "seconds": 3327}
{"event": "progress", "epoch": 18, "step": 550, "loss": -15.478918411334442, "seconds": 3338}
{"event": "progress", "epoch": 18, "step": 600, "loss": -15.19262993336406, "seconds": 3349}
{"event": "progress", "epoch": 18, "step": 650, "loss": -15.390065819467381, "seconds": 3360}
{"event": "progress", "epoch": 18, "step": 700, "loss": -15.711463354960774, "seconds": 3371}
{"event": "progress", "epoch": 18, "step": 750, "loss": -14.93493075641294, "seconds": 3382}
{"event": "progress", "epoch": 18, "step": 800, "loss": -15.955555377676777, "seconds": 3393}
{"event": "progress", "epoch": 18, "step": 850, "loss": -16.586097600113668, "seconds": 3404}
{"event": "progress", "epoch": 18, "step": 900, "loss": -13.767745742208174, "seconds": 3415}
{"event": "epoch", "epoch": 18, "phase": "float", "loss": -14.776283902107481, "seconds": 201.0579850390004, "elapsed_seconds": 3417.555303895, "learning_rate": 0.0002, "utterances": 770, "total_utterances": 770, "invalid_utterances": 0, "noisy_si_sdr": 6.016738904979767, "si_sdr": 13.5713105618082, "si_sdri": 7.5545716568284345, "best_si_sdri": 7.590974455122078}
{"event": "progress", "epoch": 19, "step": 0, "loss": -17.080877679033485, "seconds": 3418}
{"event": "progress", "epoch": 19, "step": 50, "loss": -14.80784839241948, "seconds": 3429}
{"event": "progress", "epoch": 19, "step": 100, "loss": -13.158643886410033, "seconds": 3440}
{"event": "progress", "epoch": 19, "step": 150, "loss": -14.624876080834998, "seconds": 3451}
{"event": "progress", "epoch": 19, "step": 200, "loss": -13.540553338933877, "seconds": 3462}
{"event": "progress", "epoch": 19, "step": 250, "loss": -12.067408708153575, "seconds": 3473}
{"event": "progress", "epoch": 19, "step": 300, "loss": -15.7862012764583, "seconds": 3484}
{"event": "progress", "epoch": 19, "step": 350, "loss": -15.645211373268722, "seconds": 3495}
{"event": "progress", "epoch": 19, "step": 400, "loss": -13.25921758752842, "seconds": 3506}
{"event": "progress", "epoch": 19, "step": 450, "loss": -13.735554882367774, "seconds": 3517}
{"event": "progress", "epoch": 19, "step": 500, "loss": -15.058781332980923, "seconds": 3528}
{"event": "progress", "epoch": 19, "step": 550, "loss": -12.78354613268688, "seconds": 3539}
{"event": "progress", "epoch": 19, "step": 600, "loss": -13.91713985855998, "seconds": 3550}
{"event": "progress", "epoch": 19, "step": 650, "loss": -13.984213468922677, "seconds": 3561}
{"event": "progress", "epoch": 19, "step": 700, "loss": -14.839641057590121, "seconds": 3572}
{"event": "progress", "epoch": 19, "step": 750, "loss": -15.868292641283734, "seconds": 3583}
{"event": "progress", "epoch": 19, "step": 800, "loss": -15.630850536464159, "seconds": 3594}
{"event": "progress", "epoch": 19, "step": 850, "loss": -12.597457659318575, "seconds": 3605}
{"event": "progress", "epoch": 19, "step": 900, "loss": -10.640567473637176, "seconds": 3616}
{"event": "epoch", "epoch": 19, "phase": "float", "loss": -14.859431663770295, "seconds": 200.34639751000032, "elapsed_seconds": 3617.9561979419996, "learning_rate": 0.0002, "utterances": 770, "total_utterances": 770, "invalid_utterances": 0, "noisy_si_sdr": 6.016738904979767, "si_sdr": 13.614196472962584, "si_sdri": 7.597457567982815, "best_si_sdri": 7.597457567982815}
{"event": "progress", "epoch": 20, "step": 0, "loss": -14.666552905433335, "seconds": 3619}
{"event": "progress", "epoch": 20, "step": 50, "loss": -15.272297597160161, "seconds": 3630}
{"event": "progress", "epoch": 20, "step": 100, "loss": -13.35378691040215, "seconds": 3641}
{"event": "progress", "epoch": 20, "step": 150, "loss": -13.340264158162086, "seconds": 3652}
{"event": "progress", "epoch": 20, "step": 200, "loss": -13.385909844842965, "seconds": 3662}
{"event": "progress", "epoch": 20, "step": 250, "loss": -16.382729411284814, "seconds": 3673}
{"event": "progress", "epoch": 20, "step": 300, "loss": -15.51270800560798, "seconds": 3684}
{"event": "progress", "epoch": 20, "step": 350, "loss": -16.751075225503133, "seconds": 3695}
{"event": "progress", "epoch": 20, "step": 400, "loss": -13.700641908902892, "seconds": 3706}
{"event": "progress", "epoch": 20, "step": 450, "loss": -15.970182619935414, "seconds": 3717}
{"event": "progress", "epoch": 20, "step": 500, "loss": -16.483646137999955, "seconds": 3728}
{"event": "progress", "epoch": 20, "step": 550, "loss": -12.046348065495282, "seconds": 3740}
{"event": "progress", "epoch": 20, "step": 600, "loss": -14.88689956160282, "seconds": 3750}
{"event": "progress", "epoch": 20, "step": 650, "loss": -14.459940840952571, "seconds": 3761}
{"event": "progress", "epoch": 20, "step": 700, "loss": -16.3380041216237, "seconds": 3773}
{"event": "progress", "epoch": 20, "step": 750, "loss": -12.095055146270866, "seconds": 3783}
{"event": "progress", "epoch": 20, "step": 800, "loss": -15.023776599584867, "seconds": 3795}
{"event": "progress", "epoch": 20, "step": 850, "loss": -16.671893326127837, "seconds": 3806}
{"event": "progress", "epoch": 20, "step": 900, "loss": -9.274593740866058, "seconds": 3816}
{"event": "epoch", "epoch": 20, "phase": "float", "loss": -14.743493512884612, "seconds": 200.6055728049996, "elapsed_seconds": 3818.677492846, "learning_rate": 0.0002, "utterances": 770, "total_utterances": 770, "invalid_utterances": 0, "noisy_si_sdr": 6.016738904979767, "si_sdr": 13.654526648670085, "si_sdri": 7.63778774369032, "best_si_sdri": 7.63778774369032}
{"event": "progress", "epoch": 21, "step": 0, "loss": -13.304168625977276, "seconds": 3819}
{"event": "progress", "epoch": 21, "step": 50, "loss": -14.017220587760498, "seconds": 3830}
{"event": "progress", "epoch": 21, "step": 100, "loss": -15.377318340903201, "seconds": 3842}
{"event": "progress", "epoch": 21, "step": 150, "loss": -12.617402007445424, "seconds": 3853}
{"event": "progress", "epoch": 21, "step": 200, "loss": -17.207166326630457, "seconds": 3863}
{"event": "progress", "epoch": 21, "step": 250, "loss": -16.44784049829686, "seconds": 3874}
{"event": "progress", "epoch": 21, "step": 300, "loss": -12.176011539864554, "seconds": 3885}
{"event": "progress", "epoch": 21, "step": 350, "loss": -16.68818109076644, "seconds": 3897}
{"event": "progress", "epoch": 21, "step": 400, "loss": -14.971951172644319, "seconds": 3908}
{"event": "progress", "epoch": 21, "step": 450, "loss": -15.994307301030258, "seconds": 3919}
{"event": "progress", "epoch": 21, "step": 500, "loss": -15.257771313300035, "seconds": 3930}
{"event": "progress", "epoch": 21, "step": 550, "loss": -16.45232043873957, "seconds": 3941}
{"event": "progress", "epoch": 21, "step": 600, "loss": -14.964815646612664, "seconds": 3952}
{"event": "progress", "epoch": 21, "step": 650, "loss": -14.866157525680402, "seconds": 3963}
{"event": "progress", "epoch": 21, "step": 700, "loss": -14.326547767072238, "seconds": 3975}
{"event": "progress", "epoch": 21, "step": 750, "loss": -15.199232836431415, "seconds": 3985}
{"event": "progress", "epoch": 21, "step": 800, "loss": -16.121568232269162, "seconds": 3997}
{"event": "progress", "epoch": 21, "step": 850, "loss": -16.62125664078709, "seconds": 4008}
{"event": "progress", "epoch": 21, "step": 900, "loss": -14.67139251537644, "seconds": 4018}
{"event": "epoch", "epoch": 21, "phase": "float", "loss": -14.901579413414852, "seconds": 202.09318287600036, "elapsed_seconds": 4020.878727839001, "learning_rate": 0.0002, "utterances": 770, "total_utterances": 770, "invalid_utterances": 0, "noisy_si_sdr": 6.016738904979767, "si_sdr": 13.541848448881279, "si_sdri": 7.52510954390151, "best_si_sdri": 7.63778774369032}
{"event": "progress", "epoch": 22, "step": 0, "loss": -17.178297671205478, "seconds": 4021}
{"event": "progress", "epoch": 22, "step": 50, "loss": -14.772314774048326, "seconds": 4032}
{"event": "progress", "epoch": 22, "step": 100, "loss": -15.607294152122478, "seconds": 4043}
{"event": "progress", "epoch": 22, "step": 150, "loss": -17.162005840837182, "seconds": 4054}
{"event": "progress", "epoch": 22, "step": 200, "loss": -13.253945853083687, "seconds": 4065}
{"event": "progress", "epoch": 22, "step": 250, "loss": -13.949448300429845, "seconds": 4076}
{"event": "progress", "epoch": 22, "step": 300, "loss": -13.417820360572936, "seconds": 4087}
{"event": "progress", "epoch": 22, "step": 350, "loss": -14.673734682544273, "seconds": 4098}
{"event": "progress", "epoch": 22, "step": 400, "loss": -17.377278227422643, "seconds": 4109}
{"event": "progress", "epoch": 22, "step": 450, "loss": -15.711360086952542, "seconds": 4120}
{"event": "progress", "epoch": 22, "step": 500, "loss": -13.76611937348529, "seconds": 4131}
{"event": "progress", "epoch": 22, "step": 550, "loss": -14.567142000121667, "seconds": 4142}
{"event": "progress", "epoch": 22, "step": 600, "loss": -14.146523732955945, "seconds": 4153}
{"event": "progress", "epoch": 22, "step": 650, "loss": -15.317445314109548, "seconds": 4164}
{"event": "progress", "epoch": 22, "step": 700, "loss": -13.643723477096756, "seconds": 4175}
{"event": "progress", "epoch": 22, "step": 750, "loss": -15.95159271688087, "seconds": 4186}
{"event": "progress", "epoch": 22, "step": 800, "loss": -15.86982246679693, "seconds": 4197}
{"event": "progress", "epoch": 22, "step": 850, "loss": -15.972923856663982, "seconds": 4208}
{"event": "progress", "epoch": 22, "step": 900, "loss": -13.785791626781405, "seconds": 4219}
{"event": "epoch", "epoch": 22, "phase": "float", "loss": -14.826679915205236, "seconds": 199.9885373449997, "elapsed_seconds": 4220.92830129, "learning_rate": 0.0002, "utterances": 770, "total_utterances": 770, "invalid_utterances": 0, "noisy_si_sdr": 6.016738904979767, "si_sdr": 13.62191647374577, "si_sdri": 7.605177568766004, "best_si_sdri": 7.63778774369032}
{"event": "progress", "epoch": 23, "step": 0, "loss": -14.825524489771677, "seconds": 4221}
{"event": "progress", "epoch": 23, "step": 50, "loss": -16.14390739618685, "seconds": 4232}
{"event": "progress", "epoch": 23, "step": 100, "loss": -15.240563407297376, "seconds": 4243}
{"event": "progress", "epoch": 23, "step": 150, "loss": -14.656794434062203, "seconds": 4254}
{"event": "progress", "epoch": 23, "step": 200, "loss": -14.04320248814434, "seconds": 4265}
{"event": "progress", "epoch": 23, "step": 250, "loss": -14.065452956945999, "seconds": 4276}
{"event": "progress", "epoch": 23, "step": 300, "loss": -13.120300482221513, "seconds": 4287}
{"event": "progress", "epoch": 23, "step": 350, "loss": -13.685358038424784, "seconds": 4298}
{"event": "progress", "epoch": 23, "step": 400, "loss": -13.924417234156895, "seconds": 4309}
{"event": "progress", "epoch": 23, "step": 450, "loss": -16.481478424221418, "seconds": 4320}
{"event": "progress", "epoch": 23, "step": 500, "loss": -16.58442862534115, "seconds": 4331}
{"event": "progress", "epoch": 23, "step": 550, "loss": -14.581548701239706, "seconds": 4342}
{"event": "progress", "epoch": 23, "step": 600, "loss": -12.680885197549191, "seconds": 4353}
{"event": "progress", "epoch": 23, "step": 650, "loss": -18.05756009333388, "seconds": 4364}
{"event": "progress", "epoch": 23, "step": 700, "loss": -15.04497819603615, "seconds": 4375}
{"event": "progress", "epoch": 23, "step": 750, "loss": -14.490383614875437, "seconds": 4386}
{"event": "progress", "epoch": 23, "step": 800, "loss": -17.18328426493253, "seconds": 4397}
{"event": "progress", "epoch": 23, "step": 850, "loss": -13.091395329846108, "seconds": 4408}
{"event": "progress", "epoch": 23, "step": 900, "loss": -16.295097619152497, "seconds": 4419}
{"event": "epoch", "epoch": 23, "phase": "float", "loss": -14.796737120396521, "seconds": 200.1432940980012, "elapsed_seconds": 4421.125173997001, "learning_rate": 0.0002, "utterances": 770, "total_utterances": 770, "invalid_utterances": 0, "noisy_si_sdr": 6.016738904979767, "si_sdr": 13.565664805732093, "si_sdri": 7.548925900752324, "best_si_sdri": 7.63778774369032}
{"event": "progress", "epoch": 24, "step": 0, "loss": -15.390196947083385, "seconds": 4422}
{"event": "progress", "epoch": 24, "step": 50, "loss": -16.940618832492177, "seconds": 4433}
{"event": "progress", "epoch": 24, "step": 100, "loss": -17.377989972485853, "seconds": 4444}
{"event": "progress", "epoch": 24, "step": 150, "loss": -16.457563839656487, "seconds": 4454}
{"event": "progress", "epoch": 24, "step": 200, "loss": -13.367378914814953, "seconds": 4465}
{"event": "progress", "epoch": 24, "step": 250, "loss": -17.50285687289164, "seconds": 4476}
{"event": "progress", "epoch": 24, "step": 300, "loss": -15.184392791633721, "seconds": 4487}
{"event": "progress", "epoch": 24, "step": 350, "loss": -13.261674764424459, "seconds": 4498}
{"event": "progress", "epoch": 24, "step": 400, "loss": -13.88616262365467, "seconds": 4509}
{"event": "progress", "epoch": 24, "step": 450, "loss": -16.124298622727757, "seconds": 4520}
{"event": "progress", "epoch": 24, "step": 500, "loss": -16.287093667064642, "seconds": 4531}
{"event": "progress", "epoch": 24, "step": 550, "loss": -15.598669746569854, "seconds": 4542}
{"event": "progress", "epoch": 24, "step": 600, "loss": -17.620557868930042, "seconds": 4553}
{"event": "progress", "epoch": 24, "step": 650, "loss": -14.032189007681854, "seconds": 4564}
{"event": "progress", "epoch": 24, "step": 700, "loss": -14.773632724474812, "seconds": 4575}
{"event": "progress", "epoch": 24, "step": 750, "loss": -13.99161407831362, "seconds": 4586}
{"event": "progress", "epoch": 24, "step": 800, "loss": -15.65305127298322, "seconds": 4597}
{"event": "progress", "epoch": 24, "step": 850, "loss": -16.0040160443437, "seconds": 4608}
{"event": "progress", "epoch": 24, "step": 900, "loss": -14.199746787608158, "seconds": 4619}
{"event": "epoch", "epoch": 24, "phase": "float", "loss": -14.871658475123263, "seconds": 200.3638915600004, "elapsed_seconds": 4621.542973025, "learning_rate": 0.0002, "utterances": 770, "total_utterances": 770, "invalid_utterances": 0, "noisy_si_sdr": 6.016738904979767, "si_sdr": 13.696367402653047, "si_sdri": 7.679628497673279, "best_si_sdri": 7.679628497673279}
{"event": "progress", "epoch": 25, "step": 0, "loss": -16.337786096767406, "seconds": 4622}
{"event": "progress", "epoch": 25, "step": 50, "loss": -15.198020880294763, "seconds": 4633}
{"event": "progress", "epoch": 25, "step": 100, "loss": -16.391343517309014, "seconds": 4644}
{"event": "progress", "epoch": 25, "step": 150, "loss": -17.236104698176717, "seconds": 4655}
{"event": "progress", "epoch": 25, "step": 200, "loss": -15.286489221431125, "seconds": 4665}
{"event": "progress", "epoch": 25, "step": 250, "loss": -16.144002490008106, "seconds": 4676}
{"event": "progress", "epoch": 25, "step": 300, "loss": -15.33183556700283, "seconds": 4687}
{"event": "progress", "epoch": 25, "step": 350, "loss": -13.328849000321291, "seconds": 4698}
{"event": "progress", "epoch": 25, "step": 400, "loss": -16.965051137397566, "seconds": 4709}
{"event": "progress", "epoch": 25, "step": 450, "loss": -13.550727212938463, "seconds": 4720}
{"event": "progress", "epoch": 25, "step": 500, "loss": -14.390479693185947, "seconds": 4731}
{"event": "progress", "epoch": 25, "step": 550, "loss": -13.49304981871751, "seconds": 4742}
{"event": "progress", "epoch": 25, "step": 600, "loss": -15.054161164208782, "seconds": 4753}
{"event": "progress", "epoch": 25, "step": 650, "loss": -14.618355670281986, "seconds": 4765}
{"event": "progress", "epoch": 25, "step": 700, "loss": -14.420302143469229, "seconds": 4775}
{"event": "progress", "epoch": 25, "step": 750, "loss": -13.963877936706123, "seconds": 4786}
{"event": "progress", "epoch": 25, "step": 800, "loss": -14.963266949084971, "seconds": 4797}
{"event": "progress", "epoch": 25, "step": 850, "loss": -17.03719076517489, "seconds": 4808}
{"event": "progress", "epoch": 25, "step": 900, "loss": -15.160299449088889, "seconds": 4819}
{"event": "epoch", "epoch": 25, "phase": "float", "loss": -14.96363390699883, "seconds": 200.13583557399943, "elapsed_seconds": 4821.7887589229995, "learning_rate": 0.0002, "utterances": 770, "total_utterances": 770, "invalid_utterances": 0, "noisy_si_sdr": 6.016738904979767, "si_sdr": 13.705850916374397, "si_sdri": 7.689112011394632, "best_si_sdri": 7.689112011394632}
{"event": "progress", "epoch": 26, "step": 0, "loss": -17.939603470691402, "seconds": 4822}
{"event": "progress", "epoch": 26, "step": 50, "loss": -16.084545555831212, "seconds": 4833}
{"event": "progress", "epoch": 26, "step": 100, "loss": -14.990565213328097, "seconds": 4844}
{"event": "progress", "epoch": 26, "step": 150, "loss": -15.96001536194637, "seconds": 4855}
{"event": "progress", "epoch": 26, "step": 200, "loss": -16.64420585582266, "seconds": 4865}
{"event": "progress", "epoch": 26, "step": 250, "loss": -14.173641087514682, "seconds": 4876}
{"event": "progress", "epoch": 26, "step": 300, "loss": -15.146278292154864, "seconds": 4888}
{"event": "progress", "epoch": 26, "step": 350, "loss": -14.644720566186397, "seconds": 4898}
{"event": "progress", "epoch": 26, "step": 400, "loss": -12.900156549954424, "seconds": 4910}
{"event": "progress", "epoch": 26, "step": 450, "loss": -16.18334598659554, "seconds": 4921}
{"event": "progress", "epoch": 26, "step": 500, "loss": -16.156328917715705, "seconds": 4931}
{"event": "progress", "epoch": 26, "step": 550, "loss": -14.624712722204979, "seconds": 4943}
{"event": "progress", "epoch": 26, "step": 600, "loss": -16.665442681872577, "seconds": 4954}
{"event": "progress", "epoch": 26, "step": 650, "loss": -13.653758606466141, "seconds": 4965}
{"event": "progress", "epoch": 26, "step": 700, "loss": -14.280852149262538, "seconds": 4976}
{"event": "progress", "epoch": 26, "step": 750, "loss": -18.214823866371237, "seconds": 4987}
{"event": "progress", "epoch": 26, "step": 800, "loss": -19.331728369980556, "seconds": 4998}
{"event": "progress", "epoch": 26, "step": 850, "loss": -15.651241527305697, "seconds": 5009}
{"event": "progress", "epoch": 26, "step": 900, "loss": -14.428428872413765, "seconds": 5020}
{"event": "epoch", "epoch": 26, "phase": "float", "loss": -15.019931449548544, "seconds": 200.13504632399963, "elapsed_seconds": 5022.048120104, "learning_rate": 0.0002, "utterances": 770, "total_utterances": 770, "invalid_utterances": 0, "noisy_si_sdr": 6.016738904979767, "si_sdr": 13.739161914568816, "si_sdri": 7.7224230095890505, "best_si_sdri": 7.7224230095890505}
{"event": "progress", "epoch": 27, "step": 0, "loss": -17.669815004537956, "seconds": 5023}
{"event": "progress", "epoch": 27, "step": 50, "loss": -15.674475052948674, "seconds": 5034}
{"event": "progress", "epoch": 27, "step": 100, "loss": -12.149720567173356, "seconds": 5045}
{"event": "progress", "epoch": 27, "step": 150, "loss": -14.698347947346093, "seconds": 5055}
{"event": "progress", "epoch": 27, "step": 200, "loss": -16.70180338596486, "seconds": 5066}
{"event": "progress", "epoch": 27, "step": 250, "loss": -12.346368640714338, "seconds": 5077}
{"event": "progress", "epoch": 27, "step": 300, "loss": -14.610764004080089, "seconds": 5088}
{"event": "progress", "epoch": 27, "step": 350, "loss": -15.039141036149857, "seconds": 5099}
{"event": "progress", "epoch": 27, "step": 400, "loss": -15.432971044309733, "seconds": 5110}
{"event": "progress", "epoch": 27, "step": 450, "loss": -15.151954657137793, "seconds": 5121}
{"event": "progress", "epoch": 27, "step": 500, "loss": -16.15527660361677, "seconds": 5132}
{"event": "progress", "epoch": 27, "step": 550, "loss": -16.151883567046923, "seconds": 5143}
{"event": "progress", "epoch": 27, "step": 600, "loss": -14.13165386095768, "seconds": 5154}
{"event": "progress", "epoch": 27, "step": 650, "loss": -13.864535553562106, "seconds": 5165}
{"event": "progress", "epoch": 27, "step": 700, "loss": -13.440245931292058, "seconds": 5176}
{"event": "progress", "epoch": 27, "step": 750, "loss": -13.120458971275392, "seconds": 5187}
{"event": "progress", "epoch": 27, "step": 800, "loss": -17.690449403551778, "seconds": 5198}
{"event": "progress", "epoch": 27, "step": 850, "loss": -15.652064493344014, "seconds": 5209}
{"event": "progress", "epoch": 27, "step": 900, "loss": -15.011241963402744, "seconds": 5220}
{"event": "epoch", "epoch": 27, "phase": "float", "loss": -14.901325866426395, "seconds": 200.33136648899927, "elapsed_seconds": 5222.4908859980005, "learning_rate": 0.0002, "utterances": 770, "total_utterances": 770, "invalid_utterances": 0, "noisy_si_sdr": 6.016738904979767, "si_sdr": 13.622778965831065, "si_sdri": 7.606040060851299, "best_si_sdri": 7.7224230095890505}
{"event": "progress", "epoch": 28, "step": 0, "loss": -16.509624460698397, "seconds": 5223}
{"event": "progress", "epoch": 28, "step": 50, "loss": -13.434303602786716, "seconds": 5234}
{"event": "progress", "epoch": 28, "step": 100, "loss": -14.43414449146664, "seconds": 5245}
{"event": "progress", "epoch": 28, "step": 150, "loss": -17.705027267278126, "seconds": 5256}
{"event": "progress", "epoch": 28, "step": 200, "loss": -15.560531926999888, "seconds": 5266}
{"event": "progress", "epoch": 28, "step": 250, "loss": -13.42617467663121, "seconds": 5278}
{"event": "progress", "epoch": 28, "step": 300, "loss": -16.737446598219396, "seconds": 5289}
{"event": "progress", "epoch": 28, "step": 350, "loss": -13.005552521839938, "seconds": 5299}
{"event": "progress", "epoch": 28, "step": 400, "loss": -12.63645147166574, "seconds": 5311}
{"event": "progress", "epoch": 28, "step": 450, "loss": -16.946484350290504, "seconds": 5322}
{"event": "progress", "epoch": 28, "step": 500, "loss": -13.839251899076396, "seconds": 5333}
{"event": "progress", "epoch": 28, "step": 550, "loss": -16.187200190022452, "seconds": 5344}
{"event": "progress", "epoch": 28, "step": 600, "loss": -13.894610051114121, "seconds": 5355}
{"event": "progress", "epoch": 28, "step": 650, "loss": -14.645932606572131, "seconds": 5366}
{"event": "progress", "epoch": 28, "step": 700, "loss": -13.659645557273857, "seconds": 5377}
{"event": "progress", "epoch": 28, "step": 750, "loss": -18.019900639445442, "seconds": 5388}
{"event": "progress", "epoch": 28, "step": 800, "loss": -17.682094128017035, "seconds": 5399}
{"event": "progress", "epoch": 28, "step": 850, "loss": -16.07932934181637, "seconds": 5410}
{"event": "progress", "epoch": 28, "step": 900, "loss": -10.825788343935121, "seconds": 5421}
{"event": "epoch", "epoch": 28, "phase": "float", "loss": -14.992418399664512, "seconds": 200.4032479790003, "elapsed_seconds": 5422.9487159, "learning_rate": 0.0002, "utterances": 770, "total_utterances": 770, "invalid_utterances": 0, "noisy_si_sdr": 6.016738904979767, "si_sdr": 13.64943446424267, "si_sdri": 7.6326955592629036, "best_si_sdri": 7.7224230095890505}
{"event": "progress", "epoch": 29, "step": 0, "loss": -15.029188525068726, "seconds": 5423}
{"event": "progress", "epoch": 29, "step": 50, "loss": -15.22529954953253, "seconds": 5434}
{"event": "progress", "epoch": 29, "step": 100, "loss": -15.247824463246584, "seconds": 5445}
{"event": "progress", "epoch": 29, "step": 150, "loss": -16.17442993135095, "seconds": 5456}
{"event": "progress", "epoch": 29, "step": 200, "loss": -13.234929954270235, "seconds": 5466}
{"event": "progress", "epoch": 29, "step": 250, "loss": -15.119583534480682, "seconds": 5478}
{"event": "progress", "epoch": 29, "step": 300, "loss": -13.776927654668619, "seconds": 5488}
{"event": "progress", "epoch": 29, "step": 350, "loss": -13.171725081482885, "seconds": 5499}
{"event": "progress", "epoch": 29, "step": 400, "loss": -13.743451070970915, "seconds": 5511}
{"event": "progress", "epoch": 29, "step": 450, "loss": -12.578026525941425, "seconds": 5522}
{"event": "progress", "epoch": 29, "step": 500, "loss": -14.513682539452589, "seconds": 5533}
{"event": "progress", "epoch": 29, "step": 550, "loss": -16.374443009006104, "seconds": 5544}
{"event": "progress", "epoch": 29, "step": 600, "loss": -17.37716960155899, "seconds": 5555}
{"event": "progress", "epoch": 29, "step": 650, "loss": -16.541731938060387, "seconds": 5566}
{"event": "progress", "epoch": 29, "step": 700, "loss": -14.867527631361597, "seconds": 5577}
{"event": "progress", "epoch": 29, "step": 750, "loss": -16.72186591113455, "seconds": 5588}
{"event": "progress", "epoch": 29, "step": 800, "loss": -14.476625126761316, "seconds": 5599}
{"event": "progress", "epoch": 29, "step": 850, "loss": -18.27894707623923, "seconds": 5610}
{"event": "progress", "epoch": 29, "step": 900, "loss": -14.432768616309437, "seconds": 5621}
{"event": "epoch", "epoch": 29, "phase": "float", "loss": -14.889369618627816, "seconds": 199.8861524189997, "elapsed_seconds": 5622.890994933001, "learning_rate": 0.0002, "utterances": 770, "total_utterances": 770, "invalid_utterances": 0, "noisy_si_sdr": 6.016738904979767, "si_sdr": 13.704739442134503, "si_sdri": 7.688000537154733, "best_si_sdri": 7.7224230095890505}
{"event": "progress", "epoch": 30, "step": 0, "loss": -15.859856131996239, "seconds": 5623}
{"event": "progress", "epoch": 30, "step": 50, "loss": -14.911734479040007, "seconds": 5634}
{"event": "progress", "epoch": 30, "step": 100, "loss": -13.233297774132502, "seconds": 5645}
{"event": "progress", "epoch": 30, "step": 150, "loss": -14.13176067438051, "seconds": 5656}
{"event": "progress", "epoch": 30, "step": 200, "loss": -12.460612452508451, "seconds": 5666}
{"event": "progress", "epoch": 30, "step": 250, "loss": -13.673027837584854, "seconds": 5678}
{"event": "progress", "epoch": 30, "step": 300, "loss": -19.127402179123806, "seconds": 5688}
{"event": "progress", "epoch": 30, "step": 350, "loss": -13.385182924292588, "seconds": 5699}
{"event": "progress", "epoch": 30, "step": 400, "loss": -12.395393809825098, "seconds": 5711}
{"event": "progress", "epoch": 30, "step": 450, "loss": -16.396073795084465, "seconds": 5722}
{"event": "progress", "epoch": 30, "step": 500, "loss": -16.32933489009619, "seconds": 5733}
{"event": "progress", "epoch": 30, "step": 550, "loss": -13.824729579115886, "seconds": 5744}
{"event": "progress", "epoch": 30, "step": 600, "loss": -15.342455959053114, "seconds": 5755}
{"event": "progress", "epoch": 30, "step": 650, "loss": -15.442759928370734, "seconds": 5766}
{"event": "progress", "epoch": 30, "step": 700, "loss": -15.232144088231209, "seconds": 5777}
{"event": "progress", "epoch": 30, "step": 750, "loss": -13.460017919043459, "seconds": 5788}
{"event": "progress", "epoch": 30, "step": 800, "loss": -15.980704353420428, "seconds": 5799}
{"event": "progress", "epoch": 30, "step": 850, "loss": -14.65207435640772, "seconds": 5810}
{"event": "progress", "epoch": 30, "step": 900, "loss": -12.437458513605414, "seconds": 5821}
{"event": "epoch", "epoch": 30, "phase": "float", "loss": -14.97616881658586, "seconds": 200.01138693900066, "elapsed_seconds": 5822.956630077, "learning_rate": 0.0002, "utterances": 770, "total_utterances": 770, "invalid_utterances": 0, "noisy_si_sdr": 6.016738904979767, "si_sdr": 13.636179541544697, "si_sdri": 7.619440636564929, "best_si_sdri": 7.7224230095890505}
{"event": "progress", "epoch": 31, "step": 0, "loss": -15.598189409283492, "seconds": 5824}
{"event": "progress", "epoch": 31, "step": 50, "loss": -14.405889875171939, "seconds": 5835}
{"event": "progress", "epoch": 31, "step": 100, "loss": -13.967709495046899, "seconds": 5846}
{"event": "progress", "epoch": 31, "step": 150, "loss": -16.68735412005425, "seconds": 5857}
{"event": "progress", "epoch": 31, "step": 200, "loss": -15.583498726135787, "seconds": 5867}
{"event": "progress", "epoch": 31, "step": 250, "loss": -18.073139228428353, "seconds": 5879}
{"event": "progress", "epoch": 31, "step": 300, "loss": -12.382812274681948, "seconds": 5889}
{"event": "progress", "epoch": 31, "step": 350, "loss": -17.662719651613305, "seconds": 5900}
{"event": "progress", "epoch": 31, "step": 400, "loss": -15.305226490498953, "seconds": 5912}
{"event": "progress", "epoch": 31, "step": 450, "loss": -17.18920996010584, "seconds": 5922}
{"event": "progress", "epoch": 31, "step": 500, "loss": -14.970651060782316, "seconds": 5934}
{"event": "progress", "epoch": 31, "step": 550, "loss": -14.93246689037565, "seconds": 5945}
{"event": "progress", "epoch": 31, "step": 600, "loss": -12.969275481542883, "seconds": 5955}
{"event": "progress", "epoch": 31, "step": 650, "loss": -15.115199926689726, "seconds": 5967}
{"event": "progress", "epoch": 31, "step": 700, "loss": -13.78257247902106, "seconds": 5978}
{"event": "progress", "epoch": 31, "step": 750, "loss": -13.43136447110503, "seconds": 5988}
{"event": "progress", "epoch": 31, "step": 800, "loss": -17.086267402788998, "seconds": 6000}
{"event": "progress", "epoch": 31, "step": 850, "loss": -17.21058670671581, "seconds": 6011}
{"event": "progress", "epoch": 31, "step": 900, "loss": -15.254469043800572, "seconds": 6022}
{"event": "epoch", "epoch": 31, "phase": "float", "loss": -14.893046699226254, "seconds": 200.82026439999936, "elapsed_seconds": 6023.862300059, "learning_rate": 0.0002, "utterances": 770, "total_utterances": 770, "invalid_utterances": 0, "noisy_si_sdr": 6.016738904979767, "si_sdr": 13.757945516993423, "si_sdri": 7.741206612013655, "best_si_sdri": 7.741206612013655}
{"event": "progress", "epoch": 32, "step": 0, "loss": -10.893668514450937, "seconds": 6024}
{"event": "progress", "epoch": 32, "step": 50, "loss": -14.362050366448644, "seconds": 6035}
{"event": "progress", "epoch": 32, "step": 100, "loss": -16.66719119860116, "seconds": 6047}
{"event": "progress", "epoch": 32, "step": 150, "loss": -16.005539814618288, "seconds": 6057}
{"event": "progress", "epoch": 32, "step": 200, "loss": -15.038540862274669, "seconds": 6068}
{"event": "progress", "epoch": 32, "step": 250, "loss": -14.983645991977676, "seconds": 6079}
{"event": "progress", "epoch": 32, "step": 300, "loss": -13.007147813297472, "seconds": 6090}
{"event": "progress", "epoch": 32, "step": 350, "loss": -15.98556741838717, "seconds": 6101}
{"event": "progress", "epoch": 32, "step": 400, "loss": -15.480953618579985, "seconds": 6112}
{"event": "progress", "epoch": 32, "step": 450, "loss": -15.186467499398887, "seconds": 6123}
{"event": "progress", "epoch": 32, "step": 500, "loss": -16.879004401108823, "seconds": 6134}
{"event": "progress", "epoch": 32, "step": 550, "loss": -14.052617529630481, "seconds": 6145}
{"event": "progress", "epoch": 32, "step": 600, "loss": -17.571839030631097, "seconds": 6156}
{"event": "progress", "epoch": 32, "step": 650, "loss": -16.28645330898891, "seconds": 6167}
{"event": "progress", "epoch": 32, "step": 700, "loss": -14.170960388611125, "seconds": 6178}
{"event": "progress", "epoch": 32, "step": 750, "loss": -15.484606183757194, "seconds": 6189}
{"event": "progress", "epoch": 32, "step": 800, "loss": -14.12926111116758, "seconds": 6200}
{"event": "progress", "epoch": 32, "step": 850, "loss": -15.175823395454993, "seconds": 6211}
{"event": "progress", "epoch": 32, "step": 900, "loss": -10.285078075928194, "seconds": 6222}
{"event": "epoch", "epoch": 32, "phase": "float", "loss": -14.991910003132295, "seconds": 200.53674137500093, "elapsed_seconds": 6224.529912111, "learning_rate": 0.0002, "utterances": 770, "total_utterances": 770, "invalid_utterances": 0, "noisy_si_sdr": 6.016738904979767, "si_sdr": 13.71700736129304, "si_sdri": 7.700268456313272, "best_si_sdri": 7.741206612013655}
{"event": "progress", "epoch": 33, "step": 0, "loss": -14.064725288514767, "seconds": 6225}
{"event": "progress", "epoch": 33, "step": 50, "loss": -13.33931182677859, "seconds": 6236}
{"event": "progress", "epoch": 33, "step": 100, "loss": -13.173454887250848, "seconds": 6247}
{"event": "progress", "epoch": 33, "step": 150, "loss": -16.045888835749434, "seconds": 6258}
{"event": "progress", "epoch": 33, "step": 200, "loss": -14.949827561031086, "seconds": 6269}
{"event": "progress", "epoch": 33, "step": 250, "loss": -13.217441486167402, "seconds": 6280}
{"event": "progress", "epoch": 33, "step": 300, "loss": -14.953087437747465, "seconds": 6291}
{"event": "progress", "epoch": 33, "step": 350, "loss": -14.552217589565029, "seconds": 6302}
{"event": "progress", "epoch": 33, "step": 400, "loss": -14.581886784386727, "seconds": 6313}
{"event": "progress", "epoch": 33, "step": 450, "loss": -16.883847950149203, "seconds": 6324}
{"event": "progress", "epoch": 33, "step": 500, "loss": -16.39611134572164, "seconds": 6335}
{"event": "progress", "epoch": 33, "step": 550, "loss": -15.47203349895792, "seconds": 6346}
{"event": "progress", "epoch": 33, "step": 600, "loss": -13.012380732845216, "seconds": 6357}
{"event": "progress", "epoch": 33, "step": 650, "loss": -15.594372884448735, "seconds": 6368}
{"event": "progress", "epoch": 33, "step": 700, "loss": -17.51354671457773, "seconds": 6379}
{"event": "progress", "epoch": 33, "step": 750, "loss": -16.23879936138816, "seconds": 6390}
{"event": "progress", "epoch": 33, "step": 800, "loss": -16.297417294361765, "seconds": 6401}
{"event": "progress", "epoch": 33, "step": 850, "loss": -18.34881226798602, "seconds": 6412}
{"event": "progress", "epoch": 33, "step": 900, "loss": -15.339667797019592, "seconds": 6423}
{"event": "epoch", "epoch": 33, "phase": "float", "loss": -14.938386551016547, "seconds": 200.3625850240005, "elapsed_seconds": 6424.961979741, "learning_rate": 0.0002, "utterances": 770, "total_utterances": 770, "invalid_utterances": 0, "noisy_si_sdr": 6.016738904979767, "si_sdr": 13.707047463920633, "si_sdri": 7.690308558940866, "best_si_sdri": 7.741206612013655}
{"event": "progress", "epoch": 34, "step": 0, "loss": -15.004136203183869, "seconds": 6425}
{"event": "progress", "epoch": 34, "step": 50, "loss": -15.660194399907333, "seconds": 6436}
{"event": "progress", "epoch": 34, "step": 100, "loss": -16.948295547609252, "seconds": 6448}
{"event": "progress", "epoch": 34, "step": 150, "loss": -15.394260284410429, "seconds": 6458}
{"event": "progress", "epoch": 34, "step": 200, "loss": -13.49432678882716, "seconds": 6469}
{"event": "progress", "epoch": 34, "step": 250, "loss": -12.794429442078211, "seconds": 6480}
{"event": "progress", "epoch": 34, "step": 300, "loss": -15.226488702533324, "seconds": 6491}
{"event": "progress", "epoch": 34, "step": 350, "loss": -14.804433585547581, "seconds": 6502}
{"event": "progress", "epoch": 34, "step": 400, "loss": -14.433276387228325, "seconds": 6513}
{"event": "progress", "epoch": 34, "step": 450, "loss": -16.83651170806545, "seconds": 6524}
{"event": "progress", "epoch": 34, "step": 500, "loss": -16.252951935849342, "seconds": 6535}
{"event": "progress", "epoch": 34, "step": 550, "loss": -14.702165565687533, "seconds": 6546}
{"event": "progress", "epoch": 34, "step": 600, "loss": -14.644978598858682, "seconds": 6557}
{"event": "progress", "epoch": 34, "step": 650, "loss": -16.183622650838203, "seconds": 6568}
{"event": "progress", "epoch": 34, "step": 700, "loss": -13.108268980656897, "seconds": 6579}
{"event": "progress", "epoch": 34, "step": 750, "loss": -11.105698073724364, "seconds": 6590}
{"event": "progress", "epoch": 34, "step": 800, "loss": -18.60696848996053, "seconds": 6601}
{"event": "progress", "epoch": 34, "step": 850, "loss": -15.50089833363274, "seconds": 6612}
{"event": "progress", "epoch": 34, "step": 900, "loss": -16.678467013775215, "seconds": 6623}
{"event": "epoch", "epoch": 34, "phase": "float", "loss": -14.964102543553153, "seconds": 200.06462368200118, "elapsed_seconds": 6625.081149967, "learning_rate": 0.0002, "utterances": 770, "total_utterances": 770, "invalid_utterances": 0, "noisy_si_sdr": 6.016738904979767, "si_sdr": 13.802768009032983, "si_sdri": 7.786029104053212, "best_si_sdri": 7.786029104053212}
{"event": "progress", "epoch": 35, "step": 0, "loss": -13.488286840969632, "seconds": 6626}
{"event": "progress", "epoch": 35, "step": 50, "loss": -12.921611740532336, "seconds": 6637}
{"event": "progress", "epoch": 35, "step": 100, "loss": -11.875012472139783, "seconds": 6648}
{"event": "progress", "epoch": 35, "step": 150, "loss": -15.244032346065655, "seconds": 6659}
{"event": "progress", "epoch": 35, "step": 200, "loss": -17.678778305702885, "seconds": 6669}
{"event": "progress", "epoch": 35, "step": 250, "loss": -13.564213682714263, "seconds": 6680}
{"event": "progress", "epoch": 35, "step": 300, "loss": -13.14119851963952, "seconds": 6691}
{"event": "progress", "epoch": 35, "step": 350, "loss": -15.750172212752851, "seconds": 6702}
{"event": "progress", "epoch": 35, "step": 400, "loss": -15.706729064689421, "seconds": 6713}
{"event": "progress", "epoch": 35, "step": 450, "loss": -13.247406500386875, "seconds": 6724}
{"event": "progress", "epoch": 35, "step": 500, "loss": -12.0509113367664, "seconds": 6735}
{"event": "progress", "epoch": 35, "step": 550, "loss": -18.157080507270088, "seconds": 6746}
{"event": "progress", "epoch": 35, "step": 600, "loss": -12.412546672333566, "seconds": 6757}
{"event": "progress", "epoch": 35, "step": 650, "loss": -15.623503342232585, "seconds": 6768}
{"event": "progress", "epoch": 35, "step": 700, "loss": -16.501132465678854, "seconds": 6779}
{"event": "progress", "epoch": 35, "step": 750, "loss": -19.708240848611986, "seconds": 6790}
{"event": "progress", "epoch": 35, "step": 800, "loss": -12.89378040507618, "seconds": 6801}
{"event": "progress", "epoch": 35, "step": 850, "loss": -13.287029928159422, "seconds": 6812}
{"event": "progress", "epoch": 35, "step": 900, "loss": -16.349071607188236, "seconds": 6823}
{"event": "epoch", "epoch": 35, "phase": "float", "loss": -14.994112282829134, "seconds": 200.1237603240006, "elapsed_seconds": 6825.310568669, "learning_rate": 0.0002, "utterances": 770, "total_utterances": 770, "invalid_utterances": 0, "noisy_si_sdr": 6.016738904979767, "si_sdr": 13.652864251612595, "si_sdri": 7.63612534663283, "best_si_sdri": 7.786029104053212}
{"event": "progress", "epoch": 36, "step": 0, "loss": -15.087345101850412, "seconds": 6826}
{"event": "progress", "epoch": 36, "step": 50, "loss": -15.323176472788905, "seconds": 6837}
{"event": "progress", "epoch": 36, "step": 100, "loss": -16.164382999890073, "seconds": 6848}
{"event": "progress", "epoch": 36, "step": 150, "loss": -12.17130610695098, "seconds": 6859}
{"event": "progress", "epoch": 36, "step": 200, "loss": -14.60234274653605, "seconds": 6869}
{"event": "progress", "epoch": 36, "step": 250, "loss": -16.563932975851593, "seconds": 6880}
{"event": "progress", "epoch": 36, "step": 300, "loss": -14.828270255502805, "seconds": 6891}
{"event": "progress", "epoch": 36, "step": 350, "loss": -15.584977858925535, "seconds": 6902}
{"event": "progress", "epoch": 36, "step": 400, "loss": -16.065542644689256, "seconds": 6913}
{"event": "progress", "epoch": 36, "step": 450, "loss": -17.64747056548301, "seconds": 6924}
{"event": "progress", "epoch": 36, "step": 500, "loss": -17.16446098595737, "seconds": 6935}
{"event": "progress", "epoch": 36, "step": 550, "loss": -15.809184913225792, "seconds": 6946}
{"event": "progress", "epoch": 36, "step": 600, "loss": -16.913844255246175, "seconds": 6957}
{"event": "progress", "epoch": 36, "step": 650, "loss": -14.46328394968024, "seconds": 6968}
{"event": "progress", "epoch": 36, "step": 700, "loss": -15.375616640217988, "seconds": 6979}
{"event": "progress", "epoch": 36, "step": 750, "loss": -14.2031893579034, "seconds": 6990}
{"event": "progress", "epoch": 36, "step": 800, "loss": -15.037393246685145, "seconds": 7001}
{"event": "progress", "epoch": 36, "step": 850, "loss": -17.550506481461685, "seconds": 7012}
{"event": "progress", "epoch": 36, "step": 900, "loss": -15.930503673747932, "seconds": 7023}
{"event": "epoch", "epoch": 36, "phase": "float", "loss": -14.96768596896679, "seconds": 200.0053511770002, "elapsed_seconds": 7025.369263627001, "learning_rate": 0.0002, "utterances": 770, "total_utterances": 770, "invalid_utterances": 0, "noisy_si_sdr": 6.016738904979767, "si_sdr": 13.736848307077263, "si_sdri": 7.720109402097495, "best_si_sdri": 7.786029104053212}
{"event": "progress", "epoch": 37, "step": 0, "loss": -12.994479134101837, "seconds": 7026}
{"event": "progress", "epoch": 37, "step": 50, "loss": -15.065375208550572, "seconds": 7037}
{"event": "progress", "epoch": 37, "step": 100, "loss": -12.50977410291379, "seconds": 7048}
{"event": "progress", "epoch": 37, "step": 150, "loss": -15.057732514113809, "seconds": 7059}
{"event": "progress", "epoch": 37, "step": 200, "loss": -14.887519159945, "seconds": 7069}
{"event": "progress", "epoch": 37, "step": 250, "loss": -18.04711532993906, "seconds": 7080}
{"event": "progress", "epoch": 37, "step": 300, "loss": -16.5462061489225, "seconds": 7091}
{"event": "progress", "epoch": 37, "step": 350, "loss": -13.817226620755182, "seconds": 7102}
{"event": "progress", "epoch": 37, "step": 400, "loss": -16.06877527676298, "seconds": 7113}
{"event": "progress", "epoch": 37, "step": 450, "loss": -14.22255380180108, "seconds": 7124}
{"event": "progress", "epoch": 37, "step": 500, "loss": -15.238430580055315, "seconds": 7135}
{"event": "progress", "epoch": 37, "step": 550, "loss": -11.359512746276303, "seconds": 7146}
{"event": "progress", "epoch": 37, "step": 600, "loss": -12.435929688254996, "seconds": 7157}
{"event": "progress", "epoch": 37, "step": 650, "loss": -15.890682777800563, "seconds": 7168}
{"event": "progress", "epoch": 37, "step": 700, "loss": -16.66965757307952, "seconds": 7179}
{"event": "progress", "epoch": 37, "step": 750, "loss": -14.950281012278221, "seconds": 7190}
{"event": "progress", "epoch": 37, "step": 800, "loss": -17.720301234990625, "seconds": 7201}
{"event": "progress", "epoch": 37, "step": 850, "loss": -13.892404336499084, "seconds": 7212}
{"event": "progress", "epoch": 37, "step": 900, "loss": -11.712593772144972, "seconds": 7223}
{"event": "epoch", "epoch": 37, "phase": "float", "loss": -15.004768495703201, "seconds": 199.94045770400044, "elapsed_seconds": 7225.363896180001, "learning_rate": 0.0002, "utterances": 770, "total_utterances": 770, "invalid_utterances": 0, "noisy_si_sdr": 6.016738904979767, "si_sdr": 13.73255451513356, "si_sdri": 7.715815610153791, "best_si_sdri": 7.786029104053212}
{"event": "progress", "epoch": 38, "step": 0, "loss": -15.565331863068128, "seconds": 7226}
{"event": "progress", "epoch": 38, "step": 50, "loss": -14.242908306755542, "seconds": 7237}
{"event": "progress", "epoch": 38, "step": 100, "loss": -16.077235456828888, "seconds": 7248}
{"event": "progress", "epoch": 38, "step": 150, "loss": -17.97245682712774, "seconds": 7259}
{"event": "progress", "epoch": 38, "step": 200, "loss": -13.673070356537238, "seconds": 7269}
{"event": "progress", "epoch": 38, "step": 250, "loss": -17.01709906732545, "seconds": 7281}
{"event": "progress", "epoch": 38, "step": 300, "loss": -14.621840492461764, "seconds": 7292}
{"event": "progress", "epoch": 38, "step": 350, "loss": -15.952032986526948, "seconds": 7303}
{"event": "progress", "epoch": 38, "step": 400, "loss": -14.992860054764279, "seconds": 7314}
{"event": "progress", "epoch": 38, "step": 450, "loss": -12.785581796893569, "seconds": 7324}
{"event": "progress", "epoch": 38, "step": 500, "loss": -14.241889361204613, "seconds": 7336}
{"event": "progress", "epoch": 38, "step": 550, "loss": -17.541075300383685, "seconds": 7347}
{"event": "progress", "epoch": 38, "step": 600, "loss": -16.717842618738988, "seconds": 7358}
{"event": "progress", "epoch": 38, "step": 650, "loss": -13.035993871439972, "seconds": 7369}
{"event": "progress", "epoch": 38, "step": 700, "loss": -14.97111312094721, "seconds": 7380}
{"event": "progress", "epoch": 38, "step": 750, "loss": -16.628036697863195, "seconds": 7391}
{"event": "progress", "epoch": 38, "step": 800, "loss": -13.842361427481261, "seconds": 7402}
{"event": "progress", "epoch": 38, "step": 850, "loss": -14.568492493772805, "seconds": 7413}
{"event": "progress", "epoch": 38, "step": 900, "loss": -10.809379532685162, "seconds": 7424}
{"event": "epoch", "epoch": 38, "phase": "float", "loss": -15.050763851294581, "seconds": 200.46048395199978, "elapsed_seconds": 7425.880820474, "learning_rate": 0.0002, "utterances": 770, "total_utterances": 770, "invalid_utterances": 0, "noisy_si_sdr": 6.016738904979767, "si_sdr": 13.789669377408536, "si_sdri": 7.772930472428769, "best_si_sdri": 7.786029104053212}
{"event": "progress", "epoch": 39, "step": 0, "loss": -16.223900764116035, "seconds": 7426}
{"event": "progress", "epoch": 39, "step": 50, "loss": -14.348439143327145, "seconds": 7437}
{"event": "progress", "epoch": 39, "step": 100, "loss": -16.53663609716945, "seconds": 7448}
{"event": "progress", "epoch": 39, "step": 150, "loss": -12.297457514127505, "seconds": 7459}
{"event": "progress", "epoch": 39, "step": 200, "loss": -15.606022839182813, "seconds": 7470}
{"event": "progress", "epoch": 39, "step": 250, "loss": -12.60196385808607, "seconds": 7481}
{"event": "progress", "epoch": 39, "step": 300, "loss": -13.829408556086982, "seconds": 7492}
{"event": "progress", "epoch": 39, "step": 350, "loss": -15.440952828900977, "seconds": 7503}
{"event": "progress", "epoch": 39, "step": 400, "loss": -16.85246122303508, "seconds": 7514}
{"event": "progress", "epoch": 39, "step": 450, "loss": -15.679584789801755, "seconds": 7525}
{"event": "progress", "epoch": 39, "step": 500, "loss": -14.926637677121585, "seconds": 7536}
{"event": "progress", "epoch": 39, "step": 550, "loss": -15.570569575597283, "seconds": 7547}
{"event": "progress", "epoch": 39, "step": 600, "loss": -13.750550144860313, "seconds": 7558}
{"event": "progress", "epoch": 39, "step": 650, "loss": -15.58656223025387, "seconds": 7569}
{"event": "progress", "epoch": 39, "step": 700, "loss": -10.793786030477246, "seconds": 7580}
{"event": "progress", "epoch": 39, "step": 750, "loss": -14.079959130492611, "seconds": 7591}
{"event": "progress", "epoch": 39, "step": 800, "loss": -13.568442004511969, "seconds": 7602}
{"event": "progress", "epoch": 39, "step": 850, "loss": -14.36789564500475, "seconds": 7613}
{"event": "progress", "epoch": 39, "step": 900, "loss": -14.88084261858646, "seconds": 7624}
{"event": "epoch", "epoch": 39, "phase": "float", "loss": -15.035108631554882, "seconds": 200.19829416100038, "elapsed_seconds": 7626.160832796, "learning_rate": 0.0001, "utterances": 770, "total_utterances": 770, "invalid_utterances": 0, "noisy_si_sdr": 6.016738904979767, "si_sdr": 13.799074408130181, "si_sdri": 7.782335503150412, "best_si_sdri": 7.786029104053212}
{"event": "progress", "epoch": 40, "step": 0, "loss": -14.122737134487746, "seconds": 7627}
{"event": "progress", "epoch": 40, "step": 50, "loss": -15.42559091769084, "seconds": 7638}
{"event": "progress", "epoch": 40, "step": 100, "loss": -13.841077282117823, "seconds": 7649}
{"event": "progress", "epoch": 40, "step": 150, "loss": -14.914663716691443, "seconds": 7660}
{"event": "progress", "epoch": 40, "step": 200, "loss": -16.006021938906947, "seconds": 7670}
{"event": "progress", "epoch": 40, "step": 250, "loss": -16.92053440085644, "seconds": 7681}
{"event": "progress", "epoch": 40, "step": 300, "loss": -13.018133970613619, "seconds": 7692}
{"event": "progress", "epoch": 40, "step": 350, "loss": -12.847473770197098, "seconds": 7703}
{"event": "progress", "epoch": 40, "step": 400, "loss": -15.668116694499817, "seconds": 7714}
{"event": "progress", "epoch": 40, "step": 450, "loss": -14.614246213792862, "seconds": 7725}
{"event": "progress", "epoch": 40, "step": 500, "loss": -12.942270576007672, "seconds": 7736}
{"event": "progress", "epoch": 40, "step": 550, "loss": -13.846444676986254, "seconds": 7747}
{"event": "progress", "epoch": 40, "step": 600, "loss": -14.854444699622185, "seconds": 7758}
{"event": "progress", "epoch": 40, "step": 650, "loss": -16.313054786946807, "seconds": 7769}
{"event": "progress", "epoch": 40, "step": 700, "loss": -15.580898575243463, "seconds": 7780}
{"event": "progress", "epoch": 40, "step": 750, "loss": -19.060484048709725, "seconds": 7791}
{"event": "progress", "epoch": 40, "step": 800, "loss": -14.562095786100283, "seconds": 7802}
{"event": "progress", "epoch": 40, "step": 850, "loss": -14.099631185579685, "seconds": 7813}
{"event": "progress", "epoch": 40, "step": 900, "loss": -13.234551079005758, "seconds": 7824}
{"event": "epoch", "epoch": 40, "phase": "float", "loss": -15.121124017787212, "seconds": 200.1373090649995, "elapsed_seconds": 7826.352341745, "learning_rate": 0.0001, "utterances": 770, "total_utterances": 770, "invalid_utterances": 0, "noisy_si_sdr": 6.016738904979767, "si_sdr": 13.852483021408426, "si_sdri": 7.83574411642866, "best_si_sdri": 7.83574411642866}
{"event": "progress", "epoch": 41, "step": 0, "loss": -14.260417909363948, "seconds": 7827}
{"event": "progress", "epoch": 41, "step": 50, "loss": -14.453402929164875, "seconds": 7838}
{"event": "progress", "epoch": 41, "step": 100, "loss": -13.108034217801833, "seconds": 7849}
{"event": "progress", "epoch": 41, "step": 150, "loss": -16.38563878997643, "seconds": 7860}
{"event": "progress", "epoch": 41, "step": 200, "loss": -15.826132750034853, "seconds": 7871}
{"event": "progress", "epoch": 41, "step": 250, "loss": -16.33333770298288, "seconds": 7882}
{"event": "progress", "epoch": 41, "step": 300, "loss": -15.850976850869433, "seconds": 7893}
{"event": "progress", "epoch": 41, "step": 350, "loss": -17.629249305124688, "seconds": 7904}
{"event": "progress", "epoch": 41, "step": 400, "loss": -15.971167286184517, "seconds": 7916}
{"event": "progress", "epoch": 41, "step": 450, "loss": -17.319025286987895, "seconds": 7927}
{"event": "progress", "epoch": 41, "step": 500, "loss": -15.138000568633252, "seconds": 7938}
{"event": "progress", "epoch": 41, "step": 550, "loss": -13.395933794038346, "seconds": 7949}
{"event": "progress", "epoch": 41, "step": 600, "loss": -17.706327021686015, "seconds": 7960}
{"event": "progress", "epoch": 41, "step": 650, "loss": -14.18331268628135, "seconds": 7971}
{"event": "progress", "epoch": 41, "step": 700, "loss": -12.895128511617159, "seconds": 7982}
{"event": "progress", "epoch": 41, "step": 750, "loss": -18.61130304572414, "seconds": 7993}
{"event": "progress", "epoch": 41, "step": 800, "loss": -15.892223291549806, "seconds": 8004}
{"event": "progress", "epoch": 41, "step": 850, "loss": -13.152632246226, "seconds": 8015}
{"event": "progress", "epoch": 41, "step": 900, "loss": -18.836240824652506, "seconds": 8026}
{"event": "epoch", "epoch": 41, "phase": "float", "loss": -15.140812201126531, "seconds": 201.5467777800004, "elapsed_seconds": 8028.0166712949995, "learning_rate": 0.0001, "utterances": 770, "total_utterances": 770, "invalid_utterances": 0, "noisy_si_sdr": 6.016738904979767, "si_sdr": 13.85199067843084, "si_sdri": 7.8352517734510725, "best_si_sdri": 7.83574411642866}
{"event": "progress", "epoch": 42, "step": 0, "loss": -15.351854171007954, "seconds": 8029}
{"event": "progress", "epoch": 42, "step": 50, "loss": -14.798983736007266, "seconds": 8040}
{"event": "progress", "epoch": 42, "step": 100, "loss": -13.432822735669806, "seconds": 8051}
{"event": "progress", "epoch": 42, "step": 150, "loss": -15.861409147559257, "seconds": 8062}
{"event": "progress", "epoch": 42, "step": 200, "loss": -16.31270758528243, "seconds": 8072}
{"event": "progress", "epoch": 42, "step": 250, "loss": -15.113491036035313, "seconds": 8083}
{"event": "progress", "epoch": 42, "step": 300, "loss": -13.121517500022579, "seconds": 8094}
{"event": "progress", "epoch": 42, "step": 350, "loss": -14.660163905818452, "seconds": 8106}
{"event": "progress", "epoch": 42, "step": 400, "loss": -16.196227768879147, "seconds": 8116}
{"event": "progress", "epoch": 42, "step": 450, "loss": -14.570541133060956, "seconds": 8128}
{"event": "progress", "epoch": 42, "step": 500, "loss": -15.139836287272448, "seconds": 8139}
{"event": "progress", "epoch": 42, "step": 550, "loss": -16.57990180523012, "seconds": 8150}
{"event": "progress", "epoch": 42, "step": 600, "loss": -17.123008337912687, "seconds": 8161}
{"event": "progress", "epoch": 42, "step": 650, "loss": -15.23731273195941, "seconds": 8172}
{"event": "progress", "epoch": 42, "step": 700, "loss": -17.21062028515684, "seconds": 8182}
{"event": "progress", "epoch": 42, "step": 750, "loss": -18.722764256819744, "seconds": 8194}
{"event": "progress", "epoch": 42, "step": 800, "loss": -14.781791735856732, "seconds": 8205}
{"event": "progress", "epoch": 42, "step": 850, "loss": -16.039868714885124, "seconds": 8216}
{"event": "progress", "epoch": 42, "step": 900, "loss": -15.606457995204739, "seconds": 8226}
{"event": "epoch", "epoch": 42, "phase": "float", "loss": -15.049166646006999, "seconds": 200.74802766300127, "elapsed_seconds": 8228.823780758, "learning_rate": 0.0001, "utterances": 770, "total_utterances": 770, "invalid_utterances": 0, "noisy_si_sdr": 6.016738904979767, "si_sdr": 13.845411461496854, "si_sdri": 7.828672556517086, "best_si_sdri": 7.83574411642866}
{"event": "progress", "epoch": 43, "step": 0, "loss": -16.844911561809283, "seconds": 8229}
{"event": "progress", "epoch": 43, "step": 50, "loss": -16.43179989777336, "seconds": 8240}
{"event": "progress", "epoch": 43, "step": 100, "loss": -16.398056745795916, "seconds": 8251}
{"event": "progress", "epoch": 43, "step": 150, "loss": -15.355895586879067, "seconds": 8262}
{"event": "progress", "epoch": 43, "step": 200, "loss": -14.11281720815618, "seconds": 8273}
{"event": "progress", "epoch": 43, "step": 250, "loss": -14.748397411624541, "seconds": 8284}
{"event": "progress", "epoch": 43, "step": 300, "loss": -13.293038271396714, "seconds": 8294}
{"event": "progress", "epoch": 43, "step": 350, "loss": -12.431289046182048, "seconds": 8306}
{"event": "progress", "epoch": 43, "step": 400, "loss": -14.616786395743, "seconds": 8317}
{"event": "progress", "epoch": 43, "step": 450, "loss": -16.92564264188981, "seconds": 8328}
{"event": "progress", "epoch": 43, "step": 500, "loss": -15.1906040427211, "seconds": 8339}
{"event": "progress", "epoch": 43, "step": 550, "loss": -14.03210831089702, "seconds": 8350}
{"event": "progress", "epoch": 43, "step": 600, "loss": -15.933899762000024, "seconds": 8361}
{"event": "progress", "epoch": 43, "step": 650, "loss": -15.318080936140912, "seconds": 8372}
{"event": "progress", "epoch": 43, "step": 700, "loss": -13.723438761339889, "seconds": 8383}
{"event": "progress", "epoch": 43, "step": 750, "loss": -13.270760979001844, "seconds": 8394}
{"event": "progress", "epoch": 43, "step": 800, "loss": -14.977912523962857, "seconds": 8405}
{"event": "progress", "epoch": 43, "step": 850, "loss": -13.290648370520856, "seconds": 8416}
{"event": "progress", "epoch": 43, "step": 900, "loss": -20.946074166223845, "seconds": 8427}
{"event": "epoch", "epoch": 43, "phase": "float", "loss": -15.031159135630038, "seconds": 199.96004859499953, "elapsed_seconds": 8428.840052277, "learning_rate": 0.0001, "utterances": 770, "total_utterances": 770, "invalid_utterances": 0, "noisy_si_sdr": 6.016738904979767, "si_sdr": 13.867274519637684, "si_sdri": 7.850535614657917, "best_si_sdri": 7.850535614657917}
{"event": "progress", "epoch": 44, "step": 0, "loss": -14.29753807122546, "seconds": 8429}
{"event": "progress", "epoch": 44, "step": 50, "loss": -14.192769076470181, "seconds": 8441}
{"event": "progress", "epoch": 44, "step": 100, "loss": -13.36725657639125, "seconds": 8451}
{"event": "progress", "epoch": 44, "step": 150, "loss": -17.86474442729526, "seconds": 8462}
{"event": "progress", "epoch": 44, "step": 200, "loss": -13.288687421264676, "seconds": 8473}
{"event": "progress", "epoch": 44, "step": 250, "loss": -18.2308811193241, "seconds": 8484}
{"event": "progress", "epoch": 44, "step": 300, "loss": -15.64569119798323, "seconds": 8495}
{"event": "progress", "epoch": 44, "step": 350, "loss": -16.13135272624961, "seconds": 8506}
{"event": "progress", "epoch": 44, "step": 400, "loss": -13.50625114602245, "seconds": 8517}
{"event": "progress", "epoch": 44, "step": 450, "loss": -16.64243359268801, "seconds": 8528}
{"event": "progress", "epoch": 44, "step": 500, "loss": -15.592641501780989, "seconds": 8539}
{"event": "progress", "epoch": 44, "step": 550, "loss": -16.156913117834325, "seconds": 8550}
{"event": "progress", "epoch": 44, "step": 600, "loss": -12.737247454781329, "seconds": 8561}
{"event": "progress", "epoch": 44, "step": 650, "loss": -12.992227020430336, "seconds": 8572}
{"event": "progress", "epoch": 44, "step": 700, "loss": -13.56260535406085, "seconds": 8583}
{"event": "progress", "epoch": 44, "step": 750, "loss": -16.786461797214635, "seconds": 8594}
{"event": "progress", "epoch": 44, "step": 800, "loss": -14.562821001174942, "seconds": 8605}
{"event": "progress", "epoch": 44, "step": 850, "loss": -14.534425810994307, "seconds": 8616}
{"event": "progress", "epoch": 44, "step": 900, "loss": -14.21033340972879, "seconds": 8627}
{"event": "epoch", "epoch": 44, "phase": "float", "loss": -15.147627687876714, "seconds": 200.53353178699945, "elapsed_seconds": 8629.48086766, "learning_rate": 0.0001, "utterances": 770, "total_utterances": 770, "invalid_utterances": 0, "noisy_si_sdr": 6.016738904979767, "si_sdr": 13.848205054280275, "si_sdri": 7.831466149300506, "best_si_sdri": 7.850535614657917}
{"event": "progress", "epoch": 45, "step": 0, "loss": -13.69905623829452, "seconds": 8630}
{"event": "progress", "epoch": 45, "step": 50, "loss": -16.681006461902335, "seconds": 8641}
{"event": "progress", "epoch": 45, "step": 100, "loss": -14.010091974182512, "seconds": 8652}
{"event": "progress", "epoch": 45, "step": 150, "loss": -14.546000988966728, "seconds": 8663}
{"event": "progress", "epoch": 45, "step": 200, "loss": -13.970168850633266, "seconds": 8673}
{"event": "progress", "epoch": 45, "step": 250, "loss": -15.167362784791083, "seconds": 8684}
{"event": "progress", "epoch": 45, "step": 300, "loss": -15.214770492720683, "seconds": 8695}
{"event": "progress", "epoch": 45, "step": 350, "loss": -15.722593895158383, "seconds": 8706}
{"event": "progress", "epoch": 45, "step": 400, "loss": -15.592679787896742, "seconds": 8717}
{"event": "progress", "epoch": 45, "step": 450, "loss": -16.224599268896483, "seconds": 8728}
{"event": "progress", "epoch": 45, "step": 500, "loss": -14.240526945541227, "seconds": 8739}
{"event": "progress", "epoch": 45, "step": 550, "loss": -15.31482057946523, "seconds": 8750}
{"event": "progress", "epoch": 45, "step": 600, "loss": -16.10665475874519, "seconds": 8761}
{"event": "progress", "epoch": 45, "step": 650, "loss": -15.607940812441687, "seconds": 8772}
{"event": "progress", "epoch": 45, "step": 700, "loss": -16.51962704770662, "seconds": 8783}
{"event": "progress", "epoch": 45, "step": 750, "loss": -16.43182371430303, "seconds": 8794}
{"event": "progress", "epoch": 45, "step": 800, "loss": -13.395144477156627, "seconds": 8805}
{"event": "progress", "epoch": 45, "step": 850, "loss": -14.360114596056626, "seconds": 8816}
{"event": "progress", "epoch": 45, "step": 900, "loss": -22.540242681008657, "seconds": 8827}
{"event": "epoch", "epoch": 45, "phase": "float", "loss": -15.18521364825901, "seconds": 199.9083572290001, "elapsed_seconds": 8829.442927438, "learning_rate": 0.0001, "utterances": 770, "total_utterances": 770, "invalid_utterances": 0, "noisy_si_sdr": 6.016738904979767, "si_sdr": 13.82600734293152, "si_sdri": 7.8092684379517525, "best_si_sdri": 7.850535614657917}
{"event": "progress", "epoch": 46, "step": 0, "loss": -15.160106604895498, "seconds": 8830}
{"event": "progress", "epoch": 46, "step": 50, "loss": -16.498788067442533, "seconds": 8841}
{"event": "progress", "epoch": 46, "step": 100, "loss": -17.0053189855318, "seconds": 8852}
{"event": "progress", "epoch": 46, "step": 150, "loss": -17.078399946914605, "seconds": 8862}
{"event": "progress", "epoch": 46, "step": 200, "loss": -13.82601803909542, "seconds": 8872}
{"event": "progress", "epoch": 46, "step": 250, "loss": -16.467392530206823, "seconds": 8883}
{"event": "progress", "epoch": 46, "step": 300, "loss": -13.524343263516467, "seconds": 8893}
{"event": "progress", "epoch": 46, "step": 350, "loss": -13.132063668408879, "seconds": 8904}
{"event": "progress", "epoch": 46, "step": 400, "loss": -14.662890116931473, "seconds": 8914}
{"event": "progress", "epoch": 46, "step": 450, "loss": -14.762568814306125, "seconds": 8925}
{"event": "progress", "epoch": 46, "step": 500, "loss": -14.217007451211282, "seconds": 8935}
{"event": "progress", "epoch": 46, "step": 550, "loss": -13.745689871962798, "seconds": 8946}
{"event": "progress", "epoch": 46, "step": 600, "loss": -16.76636619801799, "seconds": 8956}
{"event": "progress", "epoch": 46, "step": 650, "loss": -14.556347748162594, "seconds": 8967}
{"event": "progress", "epoch": 46, "step": 700, "loss": -18.053705650321838, "seconds": 8977}
{"event": "progress", "epoch": 46, "step": 750, "loss": -15.858595334753705, "seconds": 8988}
{"event": "progress", "epoch": 46, "step": 800, "loss": -13.550096640460405, "seconds": 8998}
{"event": "progress", "epoch": 46, "step": 850, "loss": -13.25650455611699, "seconds": 9009}
{"event": "progress", "epoch": 46, "step": 900, "loss": -13.13893523289309, "seconds": 9019}
{"event": "epoch", "epoch": 46, "phase": "float", "loss": -15.112443726121635, "seconds": 191.73934664099943, "elapsed_seconds": 9021.239178699001, "learning_rate": 0.0001, "utterances": 770, "total_utterances": 770, "invalid_utterances": 0, "noisy_si_sdr": 6.016738904979767, "si_sdr": 13.811757700330698, "si_sdri": 7.79501879535093, "best_si_sdri": 7.850535614657917}
{"event": "progress", "epoch": 47, "step": 0, "loss": -14.264994396168136, "seconds": 9022}
{"event": "progress", "epoch": 47, "step": 50, "loss": -15.098161914329225, "seconds": 9032}
{"event": "progress", "epoch": 47, "step": 100, "loss": -15.624733858378722, "seconds": 9043}
{"event": "progress", "epoch": 47, "step": 150, "loss": -14.7104229780525, "seconds": 9053}
{"event": "progress", "epoch": 47, "step": 200, "loss": -13.62635109259665, "seconds": 9063}
{"event": "progress", "epoch": 47, "step": 250, "loss": -21.038930709902893, "seconds": 9073}
{"event": "progress", "epoch": 47, "step": 300, "loss": -15.26499441614295, "seconds": 9084}
{"event": "progress", "epoch": 47, "step": 350, "loss": -18.148231104968065, "seconds": 9094}
{"event": "progress", "epoch": 47, "step": 400, "loss": -13.274724707833087, "seconds": 9105}
{"event": "progress", "epoch": 47, "step": 450, "loss": -15.512451941611824, "seconds": 9116}
{"event": "progress", "epoch": 47, "step": 500, "loss": -13.783743370956692, "seconds": 9127}
{"event": "progress", "epoch": 47, "step": 550, "loss": -15.914927179037832, "seconds": 9138}
{"event": "progress", "epoch": 47, "step": 600, "loss": -16.11856785446871, "seconds": 9149}
{"event": "progress", "epoch": 47, "step": 650, "loss": -16.432125859450313, "seconds": 9160}
{"event": "progress", "epoch": 47, "step": 700, "loss": -15.026340828150172, "seconds": 9171}
{"event": "progress", "epoch": 47, "step": 750, "loss": -13.22642437655529, "seconds": 9183}
{"event": "progress", "epoch": 47, "step": 800, "loss": -12.84053569615877, "seconds": 9193}
{"event": "progress", "epoch": 47, "step": 850, "loss": -17.340150786307937, "seconds": 9204}
{"event": "progress", "epoch": 47, "step": 900, "loss": -20.678730679742046, "seconds": 9215}
{"event": "epoch", "epoch": 47, "phase": "float", "loss": -15.200008247076807, "seconds": 196.4093735660008, "elapsed_seconds": 9217.703222692, "learning_rate": 0.0001, "utterances": 770, "total_utterances": 770, "invalid_utterances": 0, "noisy_si_sdr": 6.016738904979767, "si_sdr": 13.80869812546481, "si_sdri": 7.791959220485043, "best_si_sdri": 7.850535614657917}
{"event": "progress", "epoch": 48, "step": 0, "loss": -14.256855293789442, "seconds": 9218}
{"event": "progress", "epoch": 48, "step": 50, "loss": -17.70902688506832, "seconds": 9229}
{"event": "progress", "epoch": 48, "step": 100, "loss": -14.176859847436598, "seconds": 9240}
{"event": "progress", "epoch": 48, "step": 150, "loss": -15.486782628383441, "seconds": 9251}
{"event": "progress", "epoch": 48, "step": 200, "loss": -14.263039157464618, "seconds": 9262}
{"event": "progress", "epoch": 48, "step": 250, "loss": -15.55094750202384, "seconds": 9273}
{"event": "progress", "epoch": 48, "step": 300, "loss": -14.542068379105032, "seconds": 9284}
{"event": "progress", "epoch": 48, "step": 350, "loss": -16.690539443139304, "seconds": 9296}
{"event": "progress", "epoch": 48, "step": 400, "loss": -14.883691152668073, "seconds": 9307}
{"event": "progress", "epoch": 48, "step": 450, "loss": -11.49403808330142, "seconds": 9318}
{"event": "progress", "epoch": 48, "step": 500, "loss": -13.383986530894328, "seconds": 9329}
{"event": "progress", "epoch": 48, "step": 550, "loss": -13.713731191700461, "seconds": 9340}
{"event": "progress", "epoch": 48, "step": 600, "loss": -14.769605290728203, "seconds": 9351}
{"event": "progress", "epoch": 48, "step": 650, "loss": -13.775919123051487, "seconds": 9362}
{"event": "progress", "epoch": 48, "step": 700, "loss": -14.13637117062622, "seconds": 9373}
{"event": "progress", "epoch": 48, "step": 750, "loss": -14.362792531457863, "seconds": 9384}
{"event": "progress", "epoch": 48, "step": 800, "loss": -15.54017077512986, "seconds": 9395}
{"event": "progress", "epoch": 48, "step": 850, "loss": -16.754361923301403, "seconds": 9406}
{"event": "progress", "epoch": 48, "step": 900, "loss": -11.362610004846522, "seconds": 9417}
{"event": "epoch", "epoch": 48, "phase": "float", "loss": -15.098692499352918, "seconds": 201.2696825080002, "elapsed_seconds": 9419.050028387, "learning_rate": 5e-05, "utterances": 770, "total_utterances": 770, "invalid_utterances": 0, "noisy_si_sdr": 6.016738904979767, "si_sdr": 13.836033600716426, "si_sdri": 7.819294695736659, "best_si_sdri": 7.850535614657917}
{"event": "progress", "epoch": 49, "step": 0, "loss": -14.75485894667699, "seconds": 9420}
{"event": "progress", "epoch": 49, "step": 50, "loss": -15.978807354302742, "seconds": 9431}
{"event": "progress", "epoch": 49, "step": 100, "loss": -12.892076762750445, "seconds": 9442}
{"event": "progress", "epoch": 49, "step": 150, "loss": -13.791201838791668, "seconds": 9452}
{"event": "progress", "epoch": 49, "step": 200, "loss": -15.835543542375664, "seconds": 9463}
{"event": "progress", "epoch": 49, "step": 250, "loss": -15.782028500158159, "seconds": 9474}
{"event": "progress", "epoch": 49, "step": 300, "loss": -13.791557281861737, "seconds": 9485}
{"event": "progress", "epoch": 49, "step": 350, "loss": -12.171107220072432, "seconds": 9496}
{"event": "progress", "epoch": 49, "step": 400, "loss": -18.002653195845994, "seconds": 9507}
{"event": "progress", "epoch": 49, "step": 450, "loss": -15.3828453731337, "seconds": 9518}
{"event": "progress", "epoch": 49, "step": 500, "loss": -15.114913573938601, "seconds": 9529}
{"event": "progress", "epoch": 49, "step": 550, "loss": -16.61103105322414, "seconds": 9540}
{"event": "progress", "epoch": 49, "step": 600, "loss": -14.591162097843553, "seconds": 9551}
{"event": "progress", "epoch": 49, "step": 650, "loss": -21.23375879470455, "seconds": 9562}
{"event": "progress", "epoch": 49, "step": 700, "loss": -14.183544830053586, "seconds": 9573}
{"event": "progress", "epoch": 49, "step": 750, "loss": -16.101217367269328, "seconds": 9584}
{"event": "progress", "epoch": 49, "step": 800, "loss": -13.573903849224985, "seconds": 9595}
{"event": "progress", "epoch": 49, "step": 850, "loss": -14.474182452789387, "seconds": 9606}
{"event": "progress", "epoch": 49, "step": 900, "loss": -15.530449296151003, "seconds": 9617}
{"event": "epoch", "epoch": 49, "phase": "float", "loss": -15.105405292242528, "seconds": 200.12847774700094, "elapsed_seconds": 9619.234659959, "learning_rate": 5e-05, "utterances": 770, "total_utterances": 770, "invalid_utterances": 0, "noisy_si_sdr": 6.016738904979767, "si_sdr": 13.834881379879585, "si_sdri": 7.818142474899817, "best_si_sdri": 7.850535614657917}
{"event": "progress", "epoch": 50, "step": 0, "loss": -13.40143541263391, "seconds": 9620}
{"event": "progress", "epoch": 50, "step": 50, "loss": -13.095725146888421, "seconds": 9631}
{"event": "progress", "epoch": 50, "step": 100, "loss": -13.39814759492778, "seconds": 9642}
{"event": "progress", "epoch": 50, "step": 150, "loss": -12.49967953768333, "seconds": 9653}
{"event": "progress", "epoch": 50, "step": 200, "loss": -13.372742602590842, "seconds": 9663}
{"event": "progress", "epoch": 50, "step": 250, "loss": -16.48687423016453, "seconds": 9674}
{"event": "progress", "epoch": 50, "step": 300, "loss": -15.159959342599095, "seconds": 9685}
{"event": "progress", "epoch": 50, "step": 350, "loss": -13.433786789697525, "seconds": 9697}
{"event": "progress", "epoch": 50, "step": 400, "loss": -17.895500018924874, "seconds": 9708}
{"event": "progress", "epoch": 50, "step": 450, "loss": -15.015945589825332, "seconds": 9719}
{"event": "progress", "epoch": 50, "step": 500, "loss": -16.381247523875356, "seconds": 9730}
{"event": "progress", "epoch": 50, "step": 550, "loss": -16.654383339966152, "seconds": 9741}
{"event": "progress", "epoch": 50, "step": 600, "loss": -18.629624908857533, "seconds": 9752}
{"event": "progress", "epoch": 50, "step": 650, "loss": -15.986917177565946, "seconds": 9763}
{"event": "progress", "epoch": 50, "step": 700, "loss": -15.74821786711319, "seconds": 9774}
{"event": "progress", "epoch": 50, "step": 750, "loss": -13.132673448111877, "seconds": 9785}
{"event": "progress", "epoch": 50, "step": 800, "loss": -13.650003636029268, "seconds": 9796}
{"event": "progress", "epoch": 50, "step": 850, "loss": -13.985290172000575, "seconds": 9807}
{"event": "progress", "epoch": 50, "step": 900, "loss": -6.694404359171282, "seconds": 9818}
{"event": "epoch", "epoch": 50, "phase": "float", "loss": -15.18607392889875, "seconds": 200.84041778000028, "elapsed_seconds": 9820.131384759, "learning_rate": 5e-05, "utterances": 770, "total_utterances": 770, "invalid_utterances": 0, "noisy_si_sdr": 6.016738904979767, "si_sdr": 13.868195850429402, "si_sdri": 7.851456945449633, "best_si_sdri": 7.851456945449633}
{"event": "progress", "epoch": 51, "step": 0, "loss": -14.025533315248229, "seconds": 9821}
{"event": "progress", "epoch": 51, "step": 50, "loss": -17.45664174327348, "seconds": 9832}
{"event": "progress", "epoch": 51, "step": 100, "loss": -14.433216787728451, "seconds": 9844}
{"event": "progress", "epoch": 51, "step": 150, "loss": -13.390667424280199, "seconds": 9855}
{"event": "progress", "epoch": 51, "step": 200, "loss": -13.905280841357541, "seconds": 9865}
{"event": "progress", "epoch": 51, "step": 250, "loss": -14.971481930734663, "seconds": 9876}
{"event": "progress", "epoch": 51, "step": 300, "loss": -14.320795065098375, "seconds": 9887}
{"event": "progress", "epoch": 51, "step": 350, "loss": -15.16066660069109, "seconds": 9899}
{"event": "progress", "epoch": 51, "step": 400, "loss": -17.374091827009607, "seconds": 9910}
{"event": "progress", "epoch": 51, "step": 450, "loss": -16.7655902630743, "seconds": 9921}
{"event": "progress", "epoch": 51, "step": 500, "loss": -16.89406272689927, "seconds": 9932}
{"event": "progress", "epoch": 51, "step": 550, "loss": -16.659041839316192, "seconds": 9943}
{"event": "progress", "epoch": 51, "step": 600, "loss": -13.44294661238543, "seconds": 9954}
{"event": "progress", "epoch": 51, "step": 650, "loss": -13.52357664777773, "seconds": 9965}
{"event": "progress", "epoch": 51, "step": 700, "loss": -14.87987902982878, "seconds": 9976}
{"event": "progress", "epoch": 51, "step": 750, "loss": -13.384595401991618, "seconds": 9987}
{"event": "progress", "epoch": 51, "step": 800, "loss": -17.219760523437863, "seconds": 9998}
{"event": "progress", "epoch": 51, "step": 850, "loss": -14.773650296586021, "seconds": 10009}
{"event": "progress", "epoch": 51, "step": 900, "loss": -23.245640162811164, "seconds": 10020}
{"event": "epoch", "epoch": 51, "phase": "float", "loss": -15.238616960188645, "seconds": 201.763519903001, "elapsed_seconds": 10022.007678283, "learning_rate": 5e-05, "utterances": 770, "total_utterances": 770, "invalid_utterances": 0, "noisy_si_sdr": 6.016738904979767, "si_sdr": 13.924863492901242, "si_sdri": 7.908124587921473, "best_si_sdri": 7.908124587921473}
{"event": "progress", "epoch": 52, "step": 0, "loss": -14.912375995994418, "seconds": 10023}
{"event": "progress", "epoch": 52, "step": 50, "loss": -14.868519773526899, "seconds": 10034}
{"event": "progress", "epoch": 52, "step": 100, "loss": -15.377833698398598, "seconds": 10045}
{"event": "progress", "epoch": 52, "step": 150, "loss": -15.972665826048237, "seconds": 10056}
{"event": "progress", "epoch": 52, "step": 200, "loss": -15.087366151145538, "seconds": 10066}
{"event": "progress", "epoch": 52, "step": 250, "loss": -17.597870926469632, "seconds": 10077}
{"event": "progress", "epoch": 52, "step": 300, "loss": -15.81965211517593, "seconds": 10088}
{"event": "progress", "epoch": 52, "step": 350, "loss": -16.419870477616932, "seconds": 10099}
{"event": "progress", "epoch": 52, "step": 400, "loss": -13.104000725549188, "seconds": 10110}
{"event": "progress", "epoch": 52, "step": 450, "loss": -12.758521682208121, "seconds": 10121}
{"event": "progress", "epoch": 52, "step": 500, "loss": -15.886591862140246, "seconds": 10132}
{"event": "progress", "epoch": 52, "step": 550, "loss": -15.952830232590316, "seconds": 10143}
{"event": "progress", "epoch": 52, "step": 600, "loss": -13.572136443666512, "seconds": 10154}
{"event": "progress", "epoch": 52, "step": 650, "loss": -14.616228875633086, "seconds": 10165}
{"event": "progress", "epoch": 52, "step": 700, "loss": -16.057546279435428, "seconds": 10176}
{"event": "progress", "epoch": 52, "step": 750, "loss": -15.149873144735924, "seconds": 10187}
{"event": "progress", "epoch": 52, "step": 800, "loss": -15.435199276298997, "seconds": 10198}
{"event": "progress", "epoch": 52, "step": 850, "loss": -13.409601382151033, "seconds": 10209}
{"event": "progress", "epoch": 52, "step": 900, "loss": -10.293996449340908, "seconds": 10220}
{"event": "epoch", "epoch": 52, "phase": "float", "loss": -15.107747917342175, "seconds": 200.2943320710001, "elapsed_seconds": 10222.410147968001, "learning_rate": 5e-05, "utterances": 770, "total_utterances": 770, "invalid_utterances": 0, "noisy_si_sdr": 6.016738904979767, "si_sdr": 13.882328448534293, "si_sdri": 7.865589543554524, "best_si_sdri": 7.908124587921473}
{"event": "progress", "epoch": 53, "step": 0, "loss": -14.354641353229747, "seconds": 10223}
{"event": "progress", "epoch": 53, "step": 50, "loss": -14.587605328605557, "seconds": 10234}
{"event": "progress", "epoch": 53, "step": 100, "loss": -17.32192621606939, "seconds": 10245}
{"event": "progress", "epoch": 53, "step": 150, "loss": -16.52287705407304, "seconds": 10256}
{"event": "progress", "epoch": 53, "step": 200, "loss": -16.396297028780978, "seconds": 10266}
{"event": "progress", "epoch": 53, "step": 250, "loss": -13.936636428759218, "seconds": 10277}
{"event": "progress", "epoch": 53, "step": 300, "loss": -13.411336524617283, "seconds": 10288}
{"event": "progress", "epoch": 53, "step": 350, "loss": -14.797714321753007, "seconds": 10299}
{"event": "progress", "epoch": 53, "step": 400, "loss": -16.676256383900522, "seconds": 10310}
{"event": "progress", "epoch": 53, "step": 450, "loss": -16.227317614032135, "seconds": 10321}
{"event": "progress", "epoch": 53, "step": 500, "loss": -18.649205032410933, "seconds": 10332}
{"event": "progress", "epoch": 53, "step": 550, "loss": -13.084308280793481, "seconds": 10343}
{"event": "progress", "epoch": 53, "step": 600, "loss": -13.557681552556023, "seconds": 10354}
{"event": "progress", "epoch": 53, "step": 650, "loss": -13.182712682018584, "seconds": 10365}
{"event": "progress", "epoch": 53, "step": 700, "loss": -16.958418607406504, "seconds": 10376}
{"event": "progress", "epoch": 53, "step": 750, "loss": -13.573096822545864, "seconds": 10387}
{"event": "progress", "epoch": 53, "step": 800, "loss": -12.347115794712678, "seconds": 10398}
{"event": "progress", "epoch": 53, "step": 850, "loss": -16.474247377218646, "seconds": 10409}
{"event": "progress", "epoch": 53, "step": 900, "loss": -18.375938906814905, "seconds": 10420}
{"event": "epoch", "epoch": 53, "phase": "float", "loss": -15.164981398958773, "seconds": 200.12472772, "elapsed_seconds": 10422.588964928, "learning_rate": 5e-05, "utterances": 770, "total_utterances": 770, "invalid_utterances": 0, "noisy_si_sdr": 6.016738904979767, "si_sdr": 13.899386577034555, "si_sdri": 7.882647672054787, "best_si_sdri": 7.908124587921473}
{"event": "progress", "epoch": 54, "step": 0, "loss": -15.7783332130861, "seconds": 10423}
{"event": "progress", "epoch": 54, "step": 50, "loss": -15.17908150686576, "seconds": 10434}
{"event": "progress", "epoch": 54, "step": 100, "loss": -13.773508657866829, "seconds": 10445}
{"event": "progress", "epoch": 54, "step": 150, "loss": -12.73600363933639, "seconds": 10456}
{"event": "progress", "epoch": 54, "step": 200, "loss": -15.672380996282998, "seconds": 10466}
{"event": "progress", "epoch": 54, "step": 250, "loss": -16.08623798267769, "seconds": 10477}
{"event": "progress", "epoch": 54, "step": 300, "loss": -13.720288950592025, "seconds": 10488}
{"event": "progress", "epoch": 54, "step": 350, "loss": -16.763194678404094, "seconds": 10499}
{"event": "progress", "epoch": 54, "step": 400, "loss": -13.973958495522727, "seconds": 10510}
{"event": "progress", "epoch": 54, "step": 450, "loss": -15.776455637653314, "seconds": 10522}
{"event": "progress", "epoch": 54, "step": 500, "loss": -14.99520186771654, "seconds": 10533}
{"event": "progress", "epoch": 54, "step": 550, "loss": -16.275252526417578, "seconds": 10543}
{"event": "progress", "epoch": 54, "step": 600, "loss": -13.86881188115323, "seconds": 10555}
{"event": "progress", "epoch": 54, "step": 650, "loss": -14.904065776617955, "seconds": 10566}
{"event": "progress", "epoch": 54, "step": 700, "loss": -18.16776638672757, "seconds": 10577}
{"event": "progress", "epoch": 54, "step": 750, "loss": -12.02629258219261, "seconds": 10588}
{"event": "progress", "epoch": 54, "step": 800, "loss": -17.868837104673716, "seconds": 10599}
{"event": "progress", "epoch": 54, "step": 850, "loss": -15.010191999327526, "seconds": 10610}
{"event": "progress", "epoch": 54, "step": 900, "loss": -15.480905027104384, "seconds": 10620}
{"event": "epoch", "epoch": 54, "phase": "float", "loss": -15.145366012919677, "seconds": 200.17176815099992, "elapsed_seconds": 10622.821354542, "learning_rate": 5e-05, "utterances": 770, "total_utterances": 770, "invalid_utterances": 0, "noisy_si_sdr": 6.016738904979767, "si_sdr": 13.823148129768049, "si_sdri": 7.806409224788282, "best_si_sdri": 7.908124587921473}
{"event": "progress", "epoch": 55, "step": 0, "loss": -15.012270614750992, "seconds": 10623}
{"event": "progress", "epoch": 55, "step": 50, "loss": -13.424159309624532, "seconds": 10634}
{"event": "progress", "epoch": 55, "step": 100, "loss": -15.071208972456738, "seconds": 10645}
{"event": "progress", "epoch": 55, "step": 150, "loss": -15.569278601681553, "seconds": 10656}
{"event": "progress", "epoch": 55, "step": 200, "loss": -15.902294234206924, "seconds": 10667}
{"event": "progress", "epoch": 55, "step": 250, "loss": -15.318185826939402, "seconds": 10678}
{"event": "progress", "epoch": 55, "step": 300, "loss": -13.919765470820241, "seconds": 10689}
{"event": "progress", "epoch": 55, "step": 350, "loss": -14.631801237656259, "seconds": 10700}
{"event": "progress", "epoch": 55, "step": 400, "loss": -17.89795221382777, "seconds": 10711}
{"event": "progress", "epoch": 55, "step": 450, "loss": -15.067535085998928, "seconds": 10723}
{"event": "progress", "epoch": 55, "step": 500, "loss": -13.734377892933162, "seconds": 10734}
{"event": "progress", "epoch": 55, "step": 550, "loss": -13.593284838057599, "seconds": 10745}
{"event": "progress", "epoch": 55, "step": 600, "loss": -17.040807879451336, "seconds": 10756}
{"event": "progress", "epoch": 55, "step": 650, "loss": -14.496729877841748, "seconds": 10767}
{"event": "progress", "epoch": 55, "step": 700, "loss": -14.677045717591767, "seconds": 10779}
{"event": "progress", "epoch": 55, "step": 750, "loss": -14.569645944060655, "seconds": 10790}
{"event": "progress", "epoch": 55, "step": 800, "loss": -16.391222337210674, "seconds": 10801}
{"event": "progress", "epoch": 55, "step": 850, "loss": -14.93279220508256, "seconds": 10812}
{"event": "progress", "epoch": 55, "step": 900, "loss": -15.050685996802217, "seconds": 10823}
{"event": "epoch", "epoch": 55, "phase": "float", "loss": -15.194473735586405, "seconds": 202.17091700799938, "elapsed_seconds": 10825.047984603001, "learning_rate": 5e-05, "utterances": 770, "total_utterances": 770, "invalid_utterances": 0, "noisy_si_sdr": 6.016738904979767, "si_sdr": 13.911452229076808, "si_sdri": 7.89471332409704, "best_si_sdri": 7.908124587921473}
{"event": "progress", "epoch": 56, "step": 0, "loss": -14.859518098775258, "seconds": 10826}
{"event": "progress", "epoch": 56, "step": 50, "loss": -14.547111309604858, "seconds": 10837}
{"event": "progress", "epoch": 56, "step": 100, "loss": -13.08966429390081, "seconds": 10848}
{"event": "progress", "epoch": 56, "step": 150, "loss": -15.51303399044648, "seconds": 10859}
{"event": "progress", "epoch": 56, "step": 200, "loss": -14.614015930141672, "seconds": 10869}
{"event": "progress", "epoch": 56, "step": 250, "loss": -14.912785338075915, "seconds": 10880}
{"event": "progress", "epoch": 56, "step": 300, "loss": -17.453770167998858, "seconds": 10891}
{"event": "progress", "epoch": 56, "step": 350, "loss": -15.669401339415273, "seconds": 10902}
{"event": "progress", "epoch": 56, "step": 400, "loss": -13.532092031160865, "seconds": 10913}
{"event": "progress", "epoch": 56, "step": 450, "loss": -15.539064334178562, "seconds": 10924}
{"event": "progress", "epoch": 56, "step": 500, "loss": -14.437810596005178, "seconds": 10935}
{"event": "progress", "epoch": 56, "step": 550, "loss": -14.71346867586854, "seconds": 10946}
{"event": "progress", "epoch": 56, "step": 600, "loss": -14.10375320699236, "seconds": 10957}
{"event": "progress", "epoch": 56, "step": 650, "loss": -14.993237318952485, "seconds": 10968}
{"event": "progress", "epoch": 56, "step": 700, "loss": -14.675033170424294, "seconds": 10979}
{"event": "progress", "epoch": 56, "step": 750, "loss": -16.569242174767773, "seconds": 10990}
{"event": "progress", "epoch": 56, "step": 800, "loss": -17.38341483033318, "seconds": 11001}
{"event": "progress", "epoch": 56, "step": 850, "loss": -15.93906548418397, "seconds": 11012}
{"event": "progress", "epoch": 56, "step": 900, "loss": -15.902757653837146, "seconds": 11023}
{"event": "epoch", "epoch": 56, "phase": "float", "loss": -15.194272733246622, "seconds": 200.1116388999999, "elapsed_seconds": 11025.212925714, "learning_rate": 2.5e-05, "utterances": 770, "total_utterances": 770, "invalid_utterances": 0, "noisy_si_sdr": 6.016738904979767, "si_sdr": 13.86779335405881, "si_sdri": 7.851054449079044, "best_si_sdri": 7.908124587921473}
{"event": "progress", "epoch": 57, "step": 0, "loss": -14.378070350316564, "seconds": 11026}
{"event": "progress", "epoch": 57, "step": 50, "loss": -14.878061513539821, "seconds": 11037}
{"event": "progress", "epoch": 57, "step": 100, "loss": -18.21854922529493, "seconds": 11048}
{"event": "progress", "epoch": 57, "step": 150, "loss": -12.301683434919084, "seconds": 11059}
{"event": "progress", "epoch": 57, "step": 200, "loss": -15.096731423645139, "seconds": 11069}
{"event": "progress", "epoch": 57, "step": 250, "loss": -17.68610231454965, "seconds": 11080}
{"event": "progress", "epoch": 57, "step": 300, "loss": -19.03015743094992, "seconds": 11091}
{"event": "progress", "epoch": 57, "step": 350, "loss": -16.80458139065935, "seconds": 11102}
{"event": "progress", "epoch": 57, "step": 400, "loss": -13.03963937767326, "seconds": 11113}
{"event": "progress", "epoch": 57, "step": 450, "loss": -16.149643630402654, "seconds": 11124}
{"event": "progress", "epoch": 57, "step": 500, "loss": -15.474053515437518, "seconds": 11135}
{"event": "progress", "epoch": 57, "step": 550, "loss": -13.45806380121426, "seconds": 11146}
{"event": "progress", "epoch": 57, "step": 600, "loss": -15.55066145325668, "seconds": 11157}
{"event": "progress", "epoch": 57, "step": 650, "loss": -13.375918850530965, "seconds": 11168}
{"event": "progress", "epoch": 57, "step": 700, "loss": -15.704614664853196, "seconds": 11179}
{"event": "progress", "epoch": 57, "step": 750, "loss": -16.434942071837437, "seconds": 11190}
{"event": "progress", "epoch": 57, "step": 800, "loss": -16.876553354602365, "seconds": 11201}
{"event": "progress", "epoch": 57, "step": 850, "loss": -14.070925793512181, "seconds": 11212}
{"event": "progress", "epoch": 57, "step": 900, "loss": -15.73650847508932, "seconds": 11223}
{"event": "epoch", "epoch": 57, "phase": "float", "loss": -15.276095733748981, "seconds": 199.9887576120018, "elapsed_seconds": 11225.255964221, "learning_rate": 2.5e-05, "utterances": 770, "total_utterances": 770, "invalid_utterances": 0, "noisy_si_sdr": 6.016738904979767, "si_sdr": 13.90390216828916, "si_sdri": 7.887163263309393, "best_si_sdri": 7.908124587921473}
{"event": "progress", "epoch": 58, "step": 0, "loss": -15.999108976055076, "seconds": 11226}
{"event": "progress", "epoch": 58, "step": 50, "loss": -14.89032891752474, "seconds": 11237}
{"event": "progress", "epoch": 58, "step": 100, "loss": -17.07768430567235, "seconds": 11248}
{"event": "progress", "epoch": 58, "step": 150, "loss": -13.974941526355723, "seconds": 11259}
{"event": "progress", "epoch": 58, "step": 200, "loss": -15.707501949470796, "seconds": 11269}
{"event": "progress", "epoch": 58, "step": 250, "loss": -15.67620747984249, "seconds": 11281}
{"event": "progress", "epoch": 58, "step": 300, "loss": -15.343446199471211, "seconds": 11292}
{"event": "progress", "epoch": 58, "step": 350, "loss": -13.309393655049764, "seconds": 11303}
{"event": "progress", "epoch": 58, "step": 400, "loss": -13.073859862499491, "seconds": 11314}
{"event": "progress", "epoch": 58, "step": 450, "loss": -14.000269963315684, "seconds": 11325}
{"event": "progress", "epoch": 58, "step": 500, "loss": -15.669699829233991, "seconds": 11336}
{"event": "progress", "epoch": 58, "step": 550, "loss": -16.15277887641374, "seconds": 11347}
{"event": "progress", "epoch": 58, "step": 600, "loss": -15.264487648780246, "seconds": 11358}
{"event": "progress", "epoch": 58, "step": 650, "loss": -16.20615299513144, "seconds": 11369}
{"event": "progress", "epoch": 58, "step": 700, "loss": -14.002474756169416, "seconds": 11380}
{"event": "progress", "epoch": 58, "step": 750, "loss": -15.572492288340587, "seconds": 11391}
{"event": "progress", "epoch": 58, "step": 800, "loss": -15.786669245429659, "seconds": 11402}
{"event": "progress", "epoch": 58, "step": 850, "loss": -16.72740956131782, "seconds": 11413}
{"event": "progress", "epoch": 58, "step": 900, "loss": -11.404791354084704, "seconds": 11424}
{"event": "epoch", "epoch": 58, "phase": "float", "loss": -15.264011076072856, "seconds": 200.80415547400116, "elapsed_seconds": 11426.129877849002, "learning_rate": 2.5e-05, "utterances": 770, "total_utterances": 770, "invalid_utterances": 0, "noisy_si_sdr": 6.016738904979767, "si_sdr": 13.863714306248207, "si_sdri": 7.846975401268439, "best_si_sdri": 7.908124587921473}
{"event": "progress", "epoch": 59, "step": 0, "loss": -12.31563180242101, "seconds": 11427}
{"event": "progress", "epoch": 59, "step": 50, "loss": -15.384705637974616, "seconds": 11438}
{"event": "progress", "epoch": 59, "step": 100, "loss": -13.807074406127231, "seconds": 11449}
{"event": "progress", "epoch": 59, "step": 150, "loss": -12.48490802967784, "seconds": 11460}
{"event": "progress", "epoch": 59, "step": 200, "loss": -15.360037606431518, "seconds": 11470}
{"event": "progress", "epoch": 59, "step": 250, "loss": -15.641046578133412, "seconds": 11481}
{"event": "progress", "epoch": 59, "step": 300, "loss": -17.13082773256993, "seconds": 11492}
{"event": "progress", "epoch": 59, "step": 350, "loss": -16.16028048995674, "seconds": 11503}
{"event": "progress", "epoch": 59, "step": 400, "loss": -13.60719292966452, "seconds": 11514}
{"event": "progress", "epoch": 59, "step": 450, "loss": -14.733415905478108, "seconds": 11525}
{"event": "progress", "epoch": 59, "step": 500, "loss": -17.032786758050527, "seconds": 11536}
{"event": "progress", "epoch": 59, "step": 550, "loss": -15.018157555239512, "seconds": 11547}
{"event": "progress", "epoch": 59, "step": 600, "loss": -13.992287329809736, "seconds": 11558}
{"event": "progress", "epoch": 59, "step": 650, "loss": -13.707147820701012, "seconds": 11569}
{"event": "progress", "epoch": 59, "step": 700, "loss": -16.327599186234963, "seconds": 11580}
{"event": "progress", "epoch": 59, "step": 750, "loss": -16.83208297175789, "seconds": 11591}
{"event": "progress", "epoch": 59, "step": 800, "loss": -15.722981432418111, "seconds": 11602}
{"event": "progress", "epoch": 59, "step": 850, "loss": -14.776626724473745, "seconds": 11613}
{"event": "progress", "epoch": 59, "step": 900, "loss": -14.307392251944107, "seconds": 11624}
{"event": "epoch", "epoch": 59, "phase": "float", "loss": -15.165331464955901, "seconds": 199.88482900300005, "elapsed_seconds": 11626.093651779, "learning_rate": 2.5e-05, "utterances": 770, "total_utterances": 770, "invalid_utterances": 0, "noisy_si_sdr": 6.016738904979767, "si_sdr": 13.892783239461972, "si_sdri": 7.876044334482206, "best_si_sdri": 7.908124587921473}
{"event": "progress", "epoch": 60, "step": 0, "loss": -15.808340599057516, "seconds": 11627}
{"event": "progress", "epoch": 60, "step": 50, "loss": -18.537855894008608, "seconds": 11638}
{"event": "progress", "epoch": 60, "step": 100, "loss": -13.348451965749344, "seconds": 11649}
{"event": "progress", "epoch": 60, "step": 150, "loss": -14.304055942569365, "seconds": 11660}
{"event": "progress", "epoch": 60, "step": 200, "loss": -16.03250990019826, "seconds": 11670}
{"event": "progress", "epoch": 60, "step": 250, "loss": -14.232470192199603, "seconds": 11681}
{"event": "progress", "epoch": 60, "step": 300, "loss": -20.187534255422783, "seconds": 11692}
{"event": "progress", "epoch": 60, "step": 350, "loss": -17.36755555257209, "seconds": 11703}
{"event": "progress", "epoch": 60, "step": 400, "loss": -13.717803696149028, "seconds": 11714}
{"event": "progress", "epoch": 60, "step": 450, "loss": -14.482194689026786, "seconds": 11725}
{"event": "progress", "epoch": 60, "step": 500, "loss": -14.881632064674996, "seconds": 11736}
{"event": "progress", "epoch": 60, "step": 550, "loss": -16.81282588559163, "seconds": 11747}
{"event": "progress", "epoch": 60, "step": 600, "loss": -15.90649224497573, "seconds": 11758}
{"event": "progress", "epoch": 60, "step": 650, "loss": -11.890458914343201, "seconds": 11769}
{"event": "progress", "epoch": 60, "step": 700, "loss": -14.904150912054568, "seconds": 11780}
{"event": "progress", "epoch": 60, "step": 750, "loss": -21.061707042760375, "seconds": 11791}
{"event": "progress", "epoch": 60, "step": 800, "loss": -15.195688952589062, "seconds": 11802}
{"event": "progress", "epoch": 60, "step": 850, "loss": -14.709661863294151, "seconds": 11813}
{"event": "progress", "epoch": 60, "step": 900, "loss": -10.886570614597577, "seconds": 11824}
{"event": "epoch", "epoch": 60, "phase": "float", "loss": -15.181979017125872, "seconds": 200.24213291100023, "elapsed_seconds": 11826.389720096999, "learning_rate": 2.5e-05, "utterances": 770, "total_utterances": 770, "invalid_utterances": 0, "noisy_si_sdr": 6.016738904979767, "si_sdr": 13.8727631639918, "si_sdri": 7.856024259012032, "best_si_sdri": 7.908124587921473}
{"event": "progress", "epoch": 61, "step": 0, "loss": -16.128384242380672, "seconds": 11827}
{"event": "progress", "epoch": 61, "step": 50, "loss": -14.794794955359308, "seconds": 11838}
{"event": "progress", "epoch": 61, "step": 100, "loss": -15.158205479788172, "seconds": 11849}
{"event": "progress", "epoch": 61, "step": 150, "loss": -16.873941732113906, "seconds": 11860}
{"event": "progress", "epoch": 61, "step": 200, "loss": -17.034611751830262, "seconds": 11871}
{"event": "progress", "epoch": 61, "step": 250, "loss": -15.619699507036865, "seconds": 11882}
{"event": "progress", "epoch": 61, "step": 300, "loss": -13.149919113700125, "seconds": 11893}
{"event": "progress", "epoch": 61, "step": 350, "loss": -13.874777191902862, "seconds": 11904}
{"event": "progress", "epoch": 61, "step": 400, "loss": -14.425674050468373, "seconds": 11915}
{"event": "progress", "epoch": 61, "step": 450, "loss": -15.039450059158511, "seconds": 11926}
{"event": "progress", "epoch": 61, "step": 500, "loss": -16.89834672725214, "seconds": 11937}
{"event": "progress", "epoch": 61, "step": 550, "loss": -17.243149848855808, "seconds": 11948}
{"event": "progress", "epoch": 61, "step": 600, "loss": -16.02220067465909, "seconds": 11959}
{"event": "progress", "epoch": 61, "step": 650, "loss": -14.207751585399913, "seconds": 11970}
{"event": "progress", "epoch": 61, "step": 700, "loss": -15.192445384819232, "seconds": 11981}
{"event": "progress", "epoch": 61, "step": 750, "loss": -16.461790940183878, "seconds": 11992}
{"event": "progress", "epoch": 61, "step": 800, "loss": -16.862857567486195, "seconds": 12003}
{"event": "progress", "epoch": 61, "step": 850, "loss": -13.657733145097293, "seconds": 12014}
{"event": "progress", "epoch": 61, "step": 900, "loss": -16.899053147265327, "seconds": 12025}
{"event": "epoch", "epoch": 61, "phase": "float", "loss": -15.290769932365254, "seconds": 200.5062179969973, "elapsed_seconds": 12026.950205165002, "learning_rate": 1.25e-05, "utterances": 770, "total_utterances": 770, "invalid_utterances": 0, "noisy_si_sdr": 6.016738904979767, "si_sdr": 13.851076679902427, "si_sdri": 7.834337774922661, "best_si_sdri": 7.908124587921473}
{"event": "progress", "epoch": 62, "step": 0, "loss": -18.777410785566993, "seconds": 12027}
{"event": "progress", "epoch": 62, "step": 50, "loss": -12.64817695062719, "seconds": 12039}
{"event": "progress", "epoch": 62, "step": 100, "loss": -14.186613043650517, "seconds": 12050}
{"event": "progress", "epoch": 62, "step": 150, "loss": -14.83466185631358, "seconds": 12060}
{"event": "progress", "epoch": 62, "step": 200, "loss": -13.490881060265579, "seconds": 12071}
{"event": "progress", "epoch": 62, "step": 250, "loss": -14.662799554201735, "seconds": 12082}
{"event": "progress", "epoch": 62, "step": 300, "loss": -15.86156451719164, "seconds": 12093}
{"event": "progress", "epoch": 62, "step": 350, "loss": -17.35186882337607, "seconds": 12104}
{"event": "progress", "epoch": 62, "step": 400, "loss": -16.660808577425023, "seconds": 12115}
{"event": "progress", "epoch": 62, "step": 450, "loss": -17.396314181914338, "seconds": 12126}
{"event": "progress", "epoch": 62, "step": 500, "loss": -13.917921900733951, "seconds": 12137}
{"event": "progress", "epoch": 62, "step": 550, "loss": -14.278006334780672, "seconds": 12148}
{"event": "progress", "epoch": 62, "step": 600, "loss": -16.99215619994274, "seconds": 12159}
{"event": "progress", "epoch": 62, "step": 650, "loss": -12.936822866109068, "seconds": 12170}
{"event": "progress", "epoch": 62, "step": 700, "loss": -17.738536053825598, "seconds": 12181}
{"event": "progress", "epoch": 62, "step": 750, "loss": -15.02482892336116, "seconds": 12192}
{"event": "progress", "epoch": 62, "step": 800, "loss": -15.713786861603669, "seconds": 12203}
{"event": "progress", "epoch": 62, "step": 850, "loss": -15.282057319488224, "seconds": 12214}
{"event": "progress", "epoch": 62, "step": 900, "loss": -17.055178093283615, "seconds": 12225}
{"event": "epoch", "epoch": 62, "phase": "float", "loss": -15.222392012837636, "seconds": 200.23041532700154, "elapsed_seconds": 12227.236763280001, "learning_rate": 1.25e-05, "utterances": 770, "total_utterances": 770, "invalid_utterances": 0, "noisy_si_sdr": 6.016738904979767, "si_sdr": 13.851151217360162, "si_sdri": 7.834412312380392, "best_si_sdri": 7.908124587921473}
{"event": "progress", "epoch": 63, "step": 0, "loss": -16.498211060322376, "seconds": 12228}
{"event": "progress", "epoch": 63, "step": 50, "loss": -13.166357199965745, "seconds": 12239}
{"event": "progress", "epoch": 63, "step": 100, "loss": -16.688851240715742, "seconds": 12250}
{"event": "progress", "epoch": 63, "step": 150, "loss": -16.375664275104537, "seconds": 12261}
{"event": "progress", "epoch": 63, "step": 200, "loss": -13.798495250285129, "seconds": 12271}
{"event": "progress", "epoch": 63, "step": 250, "loss": -17.14421606538802, "seconds": 12282}
{"event": "progress", "epoch": 63, "step": 300, "loss": -14.350093844609013, "seconds": 12293}
{"event": "progress", "epoch": 63, "step": 350, "loss": -15.339265544071374, "seconds": 12304}
{"event": "progress", "epoch": 63, "step": 400, "loss": -13.755493899687973, "seconds": 12315}
{"event": "progress", "epoch": 63, "step": 450, "loss": -17.28509086151636, "seconds": 12326}
{"event": "progress", "epoch": 63, "step": 500, "loss": -14.182196437823283, "seconds": 12337}
{"event": "progress", "epoch": 63, "step": 550, "loss": -13.020343261060823, "seconds": 12348}
{"event": "progress", "epoch": 63, "step": 600, "loss": -18.052211645399243, "seconds": 12359}
{"event": "progress", "epoch": 63, "step": 650, "loss": -13.859059027118, "seconds": 12370}
{"event": "progress", "epoch": 63, "step": 700, "loss": -12.73632564665903, "seconds": 12381}
{"event": "progress", "epoch": 63, "step": 750, "loss": -16.777302928585232, "seconds": 12392}
{"event": "progress", "epoch": 63, "step": 800, "loss": -15.782752364515211, "seconds": 12403}
{"event": "progress", "epoch": 63, "step": 850, "loss": -14.532379393948485, "seconds": 12414}
{"event": "progress", "epoch": 63, "step": 900, "loss": -14.363032723102048, "seconds": 12425}
{"event": "epoch", "epoch": 63, "phase": "float", "loss": -15.178620249348509, "seconds": 200.16277350300152, "elapsed_seconds": 12427.455032312999, "learning_rate": 1.25e-05, "utterances": 770, "total_utterances": 770, "invalid_utterances": 0, "noisy_si_sdr": 6.016738904979767, "si_sdr": 13.881039973321286, "si_sdri": 7.864301068341517, "best_si_sdri": 7.908124587921473}
{"event": "progress", "epoch": 64, "step": 0, "loss": -14.440687417529357, "seconds": 12428}
{"event": "progress", "epoch": 64, "step": 50, "loss": -14.909682467911871, "seconds": 12439}
{"event": "progress", "epoch": 64, "step": 100, "loss": -17.008737199927157, "seconds": 12450}
{"event": "progress", "epoch": 64, "step": 150, "loss": -12.269767471496744, "seconds": 12461}
{"event": "progress", "epoch": 64, "step": 200, "loss": -14.7692836907856, "seconds": 12471}
{"event": "progress", "epoch": 64, "step": 250, "loss": -12.554339141686985, "seconds": 12482}
{"event": "progress", "epoch": 64, "step": 300, "loss": -15.96203048009285, "seconds": 12493}
{"event": "progress", "epoch": 64, "step": 350, "loss": -13.663323325328523, "seconds": 12504}
{"event": "progress", "epoch": 64, "step": 400, "loss": -15.46630793431691, "seconds": 12515}
{"event": "progress", "epoch": 64, "step": 450, "loss": -16.607174568243295, "seconds": 12526}
{"event": "progress", "epoch": 64, "step": 500, "loss": -13.74787616310419, "seconds": 12537}
{"event": "progress", "epoch": 64, "step": 550, "loss": -12.79953151815575, "seconds": 12549}
{"event": "progress", "epoch": 64, "step": 600, "loss": -16.161987664258888, "seconds": 12559}
{"event": "progress", "epoch": 64, "step": 650, "loss": -15.862982627945183, "seconds": 12570}
{"event": "progress", "epoch": 64, "step": 700, "loss": -14.85912126701621, "seconds": 12582}
{"event": "progress", "epoch": 64, "step": 750, "loss": -16.96911537481494, "seconds": 12593}
{"event": "progress", "epoch": 64, "step": 800, "loss": -14.913029960432148, "seconds": 12603}
{"event": "progress", "epoch": 64, "step": 850, "loss": -16.63121085605352, "seconds": 12615}
{"event": "progress", "epoch": 64, "step": 900, "loss": -10.371237218097434, "seconds": 12625}
{"event": "epoch", "epoch": 64, "phase": "float", "loss": -15.087427245499793, "seconds": 200.12501798400262, "elapsed_seconds": 12627.633066645001, "learning_rate": 1.25e-05, "utterances": 770, "total_utterances": 770, "invalid_utterances": 0, "noisy_si_sdr": 6.016738904979767, "si_sdr": 13.910498934084806, "si_sdri": 7.893760029105038, "best_si_sdri": 7.908124587921473}
{"event": "progress", "epoch": 65, "step": 0, "loss": -14.963692884653266, "seconds": 12628}
{"event": "progress", "epoch": 65, "step": 50, "loss": -16.437114868053655, "seconds": 12639}
{"event": "progress", "epoch": 65, "step": 100, "loss": -14.50158594113372, "seconds": 12650}
{"event": "progress", "epoch": 65, "step": 150, "loss": -14.137667322338675, "seconds": 12661}
{"event": "progress", "epoch": 65, "step": 200, "loss": -12.771294008091125, "seconds": 12671}
{"event": "progress", "epoch": 65, "step": 250, "loss": -16.97490574044491, "seconds": 12682}
{"event": "progress", "epoch": 65, "step": 300, "loss": -14.160428268394003, "seconds": 12694}
{"event": "progress", "epoch": 65, "step": 350, "loss": -12.924000278621145, "seconds": 12705}
{"event": "progress", "epoch": 65, "step": 400, "loss": -15.368134033546056, "seconds": 12715}
{"event": "progress", "epoch": 65, "step": 450, "loss": -18.7531718541712, "seconds": 12727}
{"event": "progress", "epoch": 65, "step": 500, "loss": -13.603265556256781, "seconds": 12738}
{"event": "progress", "epoch": 65, "step": 550, "loss": -13.582842645300268, "seconds": 12749}
{"event": "progress", "epoch": 65, "step": 600, "loss": -14.824601384839633, "seconds": 12760}
{"event": "progress", "epoch": 65, "step": 650, "loss": -17.124946994380256, "seconds": 12771}
{"event": "progress", "epoch": 65, "step": 700, "loss": -15.326950183101818, "seconds": 12782}
{"event": "progress", "epoch": 65, "step": 750, "loss": -17.650672494169996, "seconds": 12793}
{"event": "progress", "epoch": 65, "step": 800, "loss": -14.862362381788888, "seconds": 12804}
{"event": "progress", "epoch": 65, "step": 850, "loss": -15.243818911176625, "seconds": 12815}
{"event": "progress", "epoch": 65, "step": 900, "loss": -15.01715990960888, "seconds": 12825}
{"event": "epoch", "epoch": 65, "phase": "float", "loss": -15.26557544197209, "seconds": 200.14819134400022, "elapsed_seconds": 12827.835258767002, "learning_rate": 1.25e-05, "utterances": 770, "total_utterances": 770, "invalid_utterances": 0, "noisy_si_sdr": 6.016738904979767, "si_sdr": 13.85843989525049, "si_sdri": 7.841700990270723, "best_si_sdri": 7.908124587921473}
{"event": "progress", "epoch": 66, "step": 0, "loss": -14.420163658405276, "seconds": 12828}
{"event": "progress", "epoch": 66, "step": 50, "loss": -15.090492493412754, "seconds": 12840}
{"event": "progress", "epoch": 66, "step": 100, "loss": -16.972796853527704, "seconds": 12850}
{"event": "progress", "epoch": 66, "step": 150, "loss": -14.567307125347408, "seconds": 12862}
{"event": "progress", "epoch": 66, "step": 200, "loss": -14.811294298214907, "seconds": 12872}
{"event": "progress", "epoch": 66, "step": 250, "loss": -16.569333017785276, "seconds": 12883}
{"event": "progress", "epoch": 66, "step": 300, "loss": -15.805996162612397, "seconds": 12894}
{"event": "progress", "epoch": 66, "step": 350, "loss": -14.081034425839825, "seconds": 12905}
{"event": "progress", "epoch": 66, "step": 400, "loss": -16.003445110576124, "seconds": 12916}
{"event": "progress", "epoch": 66, "step": 450, "loss": -14.81036535164018, "seconds": 12927}
{"event": "progress", "epoch": 66, "step": 500, "loss": -17.370014726675237, "seconds": 12938}
{"event": "progress", "epoch": 66, "step": 550, "loss": -15.318849866631414, "seconds": 12949}
{"event": "progress", "epoch": 66, "step": 600, "loss": -13.663040568730871, "seconds": 12960}
{"event": "progress", "epoch": 66, "step": 650, "loss": -16.103657501818333, "seconds": 12971}
{"event": "progress", "epoch": 66, "step": 700, "loss": -17.547022316305657, "seconds": 12982}
{"event": "progress", "epoch": 66, "step": 750, "loss": -15.497262740618329, "seconds": 12993}
{"event": "progress", "epoch": 66, "step": 800, "loss": -14.434217697046822, "seconds": 13004}
{"event": "progress", "epoch": 66, "step": 850, "loss": -13.709491437752641, "seconds": 13015}
{"event": "progress", "epoch": 66, "step": 900, "loss": -20.253014494919363, "seconds": 13026}
{"event": "epoch", "epoch": 66, "phase": "float", "loss": -15.251344908752246, "seconds": 200.3156208670007, "elapsed_seconds": 13028.217127354, "learning_rate": 1e-05, "utterances": 770, "total_utterances": 770, "invalid_utterances": 0, "noisy_si_sdr": 6.016738904979767, "si_sdr": 13.913929183077, "si_sdri": 7.897190278097233, "best_si_sdri": 7.908124587921473}
{"event": "progress", "epoch": 67, "step": 0, "loss": -16.076521844635618, "seconds": 13029}
{"event": "progress", "epoch": 67, "step": 50, "loss": -16.984481775417358, "seconds": 13040}
{"event": "progress", "epoch": 67, "step": 100, "loss": -15.213238320459645, "seconds": 13051}
{"event": "progress", "epoch": 67, "step": 150, "loss": -12.961953938379605, "seconds": 13062}
{"event": "progress", "epoch": 67, "step": 200, "loss": -13.905361292525956, "seconds": 13072}
{"event": "progress", "epoch": 67, "step": 250, "loss": -16.16069888343887, "seconds": 13083}
{"event": "progress", "epoch": 67, "step": 300, "loss": -16.299817668034425, "seconds": 13094}
{"event": "progress", "epoch": 67, "step": 350, "loss": -17.305640734551663, "seconds": 13105}
{"event": "progress", "epoch": 67, "step": 400, "loss": -15.198728066363955, "seconds": 13116}
{"event": "progress", "epoch": 67, "step": 450, "loss": -13.929374380341551, "seconds": 13127}
{"event": "progress", "epoch": 67, "step": 500, "loss": -15.010455087941688, "seconds": 13138}
{"event": "progress", "epoch": 67, "step": 550, "loss": -14.641455969788462, "seconds": 13150}
{"event": "progress", "epoch": 67, "step": 600, "loss": -16.5202508289238, "seconds": 13160}
{"event": "progress", "epoch": 67, "step": 650, "loss": -14.438573735366306, "seconds": 13171}
{"event": "progress", "epoch": 67, "step": 700, "loss": -16.715614262221017, "seconds": 13183}
{"event": "progress", "epoch": 67, "step": 750, "loss": -16.383520106053076, "seconds": 13193}
{"event": "progress", "epoch": 67, "step": 800, "loss": -16.58829370293349, "seconds": 13205}
{"event": "progress", "epoch": 67, "step": 850, "loss": -14.193993679653957, "seconds": 13215}
{"event": "progress", "epoch": 67, "step": 900, "loss": -14.41336929362694, "seconds": 13226}
{"event": "epoch", "epoch": 67, "phase": "float", "loss": -15.251038576448401, "seconds": 200.3465235779986, "elapsed_seconds": 13228.623184695, "learning_rate": 1e-05, "utterances": 770, "total_utterances": 770, "invalid_utterances": 0, "noisy_si_sdr": 6.016738904979767, "si_sdr": 13.880715193891346, "si_sdri": 7.86397628891158, "best_si_sdri": 7.908124587921473}
{"event": "progress", "epoch": 68, "step": 0, "loss": -16.750433641030494, "seconds": 13229}
{"event": "progress", "epoch": 68, "step": 50, "loss": -18.620021183571616, "seconds": 13240}
{"event": "progress", "epoch": 68, "step": 100, "loss": -15.240559138863432, "seconds": 13251}
{"event": "progress", "epoch": 68, "step": 150, "loss": -14.342796938409979, "seconds": 13262}
{"event": "progress", "epoch": 68, "step": 200, "loss": -15.66877760163707, "seconds": 13273}
{"event": "progress", "epoch": 68, "step": 250, "loss": -13.448626128514498, "seconds": 13284}
{"event": "progress", "epoch": 68, "step": 300, "loss": -17.146710808881423, "seconds": 13295}
{"event": "progress", "epoch": 68, "step": 350, "loss": -15.712058077880608, "seconds": 13306}
{"event": "progress", "epoch": 68, "step": 400, "loss": -11.389052964901873, "seconds": 13317}
{"event": "progress", "epoch": 68, "step": 450, "loss": -11.820577305243734, "seconds": 13328}
{"event": "progress", "epoch": 68, "step": 500, "loss": -16.099695335095912, "seconds": 13339}
{"event": "progress", "epoch": 68, "step": 550, "loss": -17.525328457920686, "seconds": 13350}
{"event": "progress", "epoch": 68, "step": 600, "loss": -16.71699916674945, "seconds": 13361}
{"event": "progress", "epoch": 68, "step": 650, "loss": -16.09530004163564, "seconds": 13372}
{"event": "progress", "epoch": 68, "step": 700, "loss": -13.829630753225231, "seconds": 13383}
{"event": "progress", "epoch": 68, "step": 750, "loss": -12.993363196293288, "seconds": 13394}
{"event": "progress", "epoch": 68, "step": 800, "loss": -15.849363287360072, "seconds": 13405}
{"event": "progress", "epoch": 68, "step": 850, "loss": -16.306532016021308, "seconds": 13416}
{"event": "progress", "epoch": 68, "step": 900, "loss": -18.836736837864958, "seconds": 13427}
{"event": "epoch", "epoch": 68, "phase": "float", "loss": -15.171556416460826, "seconds": 200.68388247199982, "elapsed_seconds": 13429.361217929, "learning_rate": 1e-05, "utterances": 770, "total_utterances": 770, "invalid_utterances": 0, "noisy_si_sdr": 6.016738904979767, "si_sdr": 13.915915467298706, "si_sdri": 7.899176562318937, "best_si_sdri": 7.908124587921473}
{"event": "progress", "epoch": 69, "step": 0, "loss": -13.4037669748841, "seconds": 13430}
{"event": "progress", "epoch": 69, "step": 50, "loss": -17.266095845886166, "seconds": 13441}
{"event": "progress", "epoch": 69, "step": 100, "loss": -13.800583288942722, "seconds": 13452}
{"event": "progress", "epoch": 69, "step": 150, "loss": -14.716855748707218, "seconds": 13463}
{"event": "progress", "epoch": 69, "step": 200, "loss": -15.441150218100129, "seconds": 13473}
{"event": "progress", "epoch": 69, "step": 250, "loss": -18.54139384153283, "seconds": 13484}
{"event": "progress", "epoch": 69, "step": 300, "loss": -15.133640710019714, "seconds": 13495}
{"event": "progress", "epoch": 69, "step": 350, "loss": -13.035404562211486, "seconds": 13506}
{"event": "progress", "epoch": 69, "step": 400, "loss": -13.70572598758256, "seconds": 13517}
{"event": "progress", "epoch": 69, "step": 450, "loss": -15.308724839337742, "seconds": 13528}
{"event": "progress", "epoch": 69, "step": 500, "loss": -15.083048850214164, "seconds": 13539}
{"event": "progress", "epoch": 69, "step": 550, "loss": -16.648847428802398, "seconds": 13550}
{"event": "progress", "epoch": 69, "step": 600, "loss": -14.036186909279415, "seconds": 13561}
{"event": "progress", "epoch": 69, "step": 650, "loss": -14.855154778513112, "seconds": 13572}
{"event": "progress", "epoch": 69, "step": 700, "loss": -16.83121862677516, "seconds": 13583}
{"event": "progress", "epoch": 69, "step": 750, "loss": -16.16491146780774, "seconds": 13594}
{"event": "progress", "epoch": 69, "step": 800, "loss": -16.9609621716288, "seconds": 13605}
{"event": "progress", "epoch": 69, "step": 850, "loss": -14.56765349685568, "seconds": 13616}
{"event": "progress", "epoch": 69, "step": 900, "loss": -13.684431690475966, "seconds": 13627}
{"event": "epoch", "epoch": 69, "phase": "float", "loss": -15.18148473976999, "seconds": 200.21077124099975, "elapsed_seconds": 13629.627088231999, "learning_rate": 1e-05, "utterances": 770, "total_utterances": 770, "invalid_utterances": 0, "noisy_si_sdr": 6.016738904979767, "si_sdr": 13.891921313716368, "si_sdri": 7.875182408736599, "best_si_sdri": 7.908124587921473}
{"event": "progress", "epoch": 70, "step": 0, "loss": -13.356255667790297, "seconds": 13630}
{"event": "progress", "epoch": 70, "step": 50, "loss": -15.405825778349438, "seconds": 13641}
{"event": "progress", "epoch": 70, "step": 100, "loss": -16.158290426697157, "seconds": 13653}
{"event": "progress", "epoch": 70, "step": 150, "loss": -16.594984734913318, "seconds": 13664}
{"event": "progress", "epoch": 70, "step": 200, "loss": -13.801434216158109, "seconds": 13674}
{"event": "progress", "epoch": 70, "step": 250, "loss": -15.408978625687116, "seconds": 13685}
{"event": "progress", "epoch": 70, "step": 300, "loss": -13.738186628072995, "seconds": 13696}
{"event": "progress", "epoch": 70, "step": 350, "loss": -16.34436369850914, "seconds": 13707}
{"event": "progress", "epoch": 70, "step": 400, "loss": -15.6497764836168, "seconds": 13718}
{"event": "progress", "epoch": 70, "step": 450, "loss": -14.32873287728824, "seconds": 13729}
{"event": "progress", "epoch": 70, "step": 500, "loss": -15.071049222418115, "seconds": 13740}
{"event": "progress", "epoch": 70, "step": 550, "loss": -16.87221514796854, "seconds": 13751}
{"event": "progress", "epoch": 70, "step": 600, "loss": -15.737689170806767, "seconds": 13762}
{"event": "progress", "epoch": 70, "step": 650, "loss": -17.69264977501482, "seconds": 13773}
{"event": "progress", "epoch": 70, "step": 700, "loss": -12.919004865162321, "seconds": 13784}
{"event": "progress", "epoch": 70, "step": 750, "loss": -16.64054499070854, "seconds": 13795}
{"event": "progress", "epoch": 70, "step": 800, "loss": -14.222452456154077, "seconds": 13806}
{"event": "progress", "epoch": 70, "step": 850, "loss": -15.929857901725194, "seconds": 13817}
{"event": "progress", "epoch": 70, "step": 900, "loss": -14.512995304307342, "seconds": 13828}
{"event": "epoch", "epoch": 70, "phase": "float", "loss": -15.149499125207765, "seconds": 200.73865472300167, "elapsed_seconds": 13830.436785275, "learning_rate": 1e-05, "utterances": 770, "total_utterances": 770, "invalid_utterances": 0, "noisy_si_sdr": 6.016738904979767, "si_sdr": 13.881362598544497, "si_sdri": 7.864623693564728, "best_si_sdri": 7.908124587921473}
{"event": "progress", "epoch": 71, "step": 0, "loss": -13.991288925497035, "seconds": 13831}
{"event": "progress", "epoch": 71, "step": 50, "loss": -15.158551918217976, "seconds": 13842}
{"event": "progress", "epoch": 71, "step": 100, "loss": -18.21372905014721, "seconds": 13854}
{"event": "progress", "epoch": 71, "step": 150, "loss": -14.102787175920739, "seconds": 13865}
{"event": "progress", "epoch": 71, "step": 200, "loss": -16.15876800122998, "seconds": 13875}
{"event": "progress", "epoch": 71, "step": 250, "loss": -14.214144950289707, "seconds": 13886}
{"event": "progress", "epoch": 71, "step": 300, "loss": -14.870124798171119, "seconds": 13897}
{"event": "progress", "epoch": 71, "step": 350, "loss": -14.862357457850312, "seconds": 13908}
{"event": "progress", "epoch": 71, "step": 400, "loss": -13.809333937398856, "seconds": 13919}
{"event": "progress", "epoch": 71, "step": 450, "loss": -13.920405157159404, "seconds": 13930}
{"event": "progress", "epoch": 71, "step": 500, "loss": -15.064860587055364, "seconds": 13941}
{"event": "progress", "epoch": 71, "step": 550, "loss": -16.600270754279165, "seconds": 13952}
{"event": "progress", "epoch": 71, "step": 600, "loss": -13.988835858960297, "seconds": 13963}
{"event": "progress", "epoch": 71, "step": 650, "loss": -14.233423071701012, "seconds": 13974}
{"event": "progress", "epoch": 71, "step": 700, "loss": -13.007540008294939, "seconds": 13985}
{"event": "progress", "epoch": 71, "step": 750, "loss": -12.55615613707479, "seconds": 13996}
{"event": "progress", "epoch": 71, "step": 800, "loss": -14.95247726902231, "seconds": 14007}
{"event": "progress", "epoch": 71, "step": 850, "loss": -16.081711708632415, "seconds": 14018}
{"event": "progress", "epoch": 71, "step": 900, "loss": -15.317741090470163, "seconds": 14029}
{"event": "epoch", "epoch": 71, "phase": "float", "loss": -15.231787826381286, "seconds": 200.87635024499832, "elapsed_seconds": 14031.367705142999, "learning_rate": 1e-05, "utterances": 770, "total_utterances": 770, "invalid_utterances": 0, "noisy_si_sdr": 6.016738904979767, "si_sdr": 13.895580474644001, "si_sdri": 7.878841569664234, "best_si_sdri": 7.908124587921473}
{"event": "progress", "epoch": 72, "step": 0, "loss": -16.791526666648004, "seconds": 14032}
{"event": "progress", "epoch": 72, "step": 50, "loss": -14.649998573165051, "seconds": 14043}
{"event": "progress", "epoch": 72, "step": 100, "loss": -15.00952774148349, "seconds": 14054}
{"event": "progress", "epoch": 72, "step": 150, "loss": -16.490785005782673, "seconds": 14065}
{"event": "progress", "epoch": 72, "step": 200, "loss": -13.506023357601068, "seconds": 14075}
{"event": "progress", "epoch": 72, "step": 250, "loss": -15.301248342980887, "seconds": 14086}
{"event": "progress", "epoch": 72, "step": 300, "loss": -14.779440768210197, "seconds": 14097}
{"event": "progress", "epoch": 72, "step": 350, "loss": -15.292773484903975, "seconds": 14108}
{"event": "progress", "epoch": 72, "step": 400, "loss": -15.482877946896581, "seconds": 14119}
{"event": "progress", "epoch": 72, "step": 450, "loss": -14.021545133128289, "seconds": 14130}
{"event": "progress", "epoch": 72, "step": 500, "loss": -14.615131656461273, "seconds": 14141}
{"event": "progress", "epoch": 72, "step": 550, "loss": -15.288054345340512, "seconds": 14152}
{"event": "progress", "epoch": 72, "step": 600, "loss": -13.592967043472635, "seconds": 14163}
{"event": "progress", "epoch": 72, "step": 650, "loss": -15.803318756932407, "seconds": 14174}
{"event": "progress", "epoch": 72, "step": 700, "loss": -16.933439608419683, "seconds": 14185}
{"event": "progress", "epoch": 72, "step": 750, "loss": -15.438456355618268, "seconds": 14196}
{"event": "progress", "epoch": 72, "step": 800, "loss": -12.64360785037193, "seconds": 14207}
{"event": "progress", "epoch": 72, "step": 850, "loss": -15.5723930308631, "seconds": 14218}
{"event": "progress", "epoch": 72, "step": 900, "loss": -12.6241160750488, "seconds": 14229}
{"event": "epoch", "epoch": 72, "phase": "float", "loss": -15.19349094166753, "seconds": 200.08073555800001, "elapsed_seconds": 14231.502248957, "learning_rate": 1e-05, "utterances": 770, "total_utterances": 770, "invalid_utterances": 0, "noisy_si_sdr": 6.016738904979767, "si_sdr": 13.903790810611177, "si_sdri": 7.8870519056314095, "best_si_sdri": 7.908124587921473}
{"event": "progress", "epoch": 73, "step": 0, "loss": -11.281607496204623, "seconds": 14232}
{"event": "progress", "epoch": 73, "step": 50, "loss": -13.15300889921362, "seconds": 14243}
{"event": "progress", "epoch": 73, "step": 100, "loss": -16.90694697217943, "seconds": 14254}
{"event": "progress", "epoch": 73, "step": 150, "loss": -15.200045693147977, "seconds": 14265}
{"event": "progress", "epoch": 73, "step": 200, "loss": -16.644167811164763, "seconds": 14275}
{"event": "progress", "epoch": 73, "step": 250, "loss": -14.3347578718402, "seconds": 14286}
{"event": "progress", "epoch": 73, "step": 300, "loss": -15.748355092189882, "seconds": 14297}
{"event": "progress", "epoch": 73, "step": 350, "loss": -14.75822204785251, "seconds": 14308}
{"event": "progress", "epoch": 73, "step": 400, "loss": -16.52648210959423, "seconds": 14319}
{"event": "progress", "epoch": 73, "step": 450, "loss": -13.670778227758897, "seconds": 14330}
{"event": "progress", "epoch": 73, "step": 500, "loss": -17.064231560930956, "seconds": 14341}
{"event": "progress", "epoch": 73, "step": 550, "loss": -13.18135085578476, "seconds": 14352}
{"event": "progress", "epoch": 73, "step": 600, "loss": -13.922389044748716, "seconds": 14363}
{"event": "progress", "epoch": 73, "step": 650, "loss": -13.714812987201643, "seconds": 14374}
{"event": "progress", "epoch": 73, "step": 700, "loss": -13.993659723692616, "seconds": 14385}
{"event": "progress", "epoch": 73, "step": 750, "loss": -15.498461539493992, "seconds": 14396}
{"event": "progress", "epoch": 73, "step": 800, "loss": -13.121919691098025, "seconds": 14407}
{"event": "progress", "epoch": 73, "step": 850, "loss": -14.934801048992178, "seconds": 14418}
{"event": "progress", "epoch": 73, "step": 900, "loss": -12.629382090078831, "seconds": 14429}
{"event": "epoch", "epoch": 73, "phase": "float", "loss": -15.172879292415125, "seconds": 199.96433945899844, "elapsed_seconds": 14431.520336168, "learning_rate": 1e-05, "utterances": 770, "total_utterances": 770, "invalid_utterances": 0, "noisy_si_sdr": 6.016738904979767, "si_sdr": 13.894020391909603, "si_sdri": 7.877281486929835, "best_si_sdri": 7.908124587921473}
{"event": "progress", "epoch": 74, "step": 0, "loss": -15.305667854794198, "seconds": 14432}
{"event": "progress", "epoch": 74, "step": 50, "loss": -13.663610728597593, "seconds": 14443}
{"event": "progress", "epoch": 74, "step": 100, "loss": -14.139260099226398, "seconds": 14454}
{"event": "progress", "epoch": 74, "step": 150, "loss": -15.466974617431735, "seconds": 14466}
{"event": "progress", "epoch": 74, "step": 200, "loss": -14.917117686961607, "seconds": 14476}
{"event": "progress", "epoch": 74, "step": 250, "loss": -13.458713524166264, "seconds": 14487}
{"event": "progress", "epoch": 74, "step": 300, "loss": -17.173085365991003, "seconds": 14498}
{"event": "progress", "epoch": 74, "step": 350, "loss": -15.227186861837524, "seconds": 14509}
{"event": "progress", "epoch": 74, "step": 400, "loss": -14.490375581076423, "seconds": 14520}
{"event": "progress", "epoch": 74, "step": 450, "loss": -14.704991144241077, "seconds": 14531}
{"event": "progress", "epoch": 74, "step": 500, "loss": -13.987926740525376, "seconds": 14542}
{"event": "progress", "epoch": 74, "step": 550, "loss": -13.527211904696301, "seconds": 14553}
{"event": "progress", "epoch": 74, "step": 600, "loss": -16.462558309897435, "seconds": 14564}
{"event": "progress", "epoch": 74, "step": 650, "loss": -14.531242088234634, "seconds": 14575}
{"event": "progress", "epoch": 74, "step": 700, "loss": -14.974035743080885, "seconds": 14586}
{"event": "progress", "epoch": 74, "step": 750, "loss": -15.286302770659882, "seconds": 14597}
{"event": "progress", "epoch": 74, "step": 800, "loss": -18.161915402094415, "seconds": 14608}
{"event": "progress", "epoch": 74, "step": 850, "loss": -14.852299199318992, "seconds": 14619}
{"event": "progress", "epoch": 74, "step": 900, "loss": -16.72399427629226, "seconds": 14630}
{"event": "epoch", "epoch": 74, "phase": "float", "loss": -15.284138534653547, "seconds": 200.70083392999732, "elapsed_seconds": 14632.309139451001, "learning_rate": 1e-05, "utterances": 770, "total_utterances": 770, "invalid_utterances": 0, "noisy_si_sdr": 6.016738904979767, "si_sdr": 13.895670602209824, "si_sdri": 7.878931697230057, "best_si_sdri": 7.908124587921473}
{"event": "progress", "epoch": 75, "step": 0, "loss": -12.804055473433438, "seconds": 14633}
{"event": "progress", "epoch": 75, "step": 50, "loss": -16.09156306517158, "seconds": 14644}
{"event": "progress", "epoch": 75, "step": 100, "loss": -12.850261170262806, "seconds": 14655}
{"event": "progress", "epoch": 75, "step": 150, "loss": -15.914927827006766, "seconds": 14666}
{"event": "progress", "epoch": 75, "step": 200, "loss": -13.847137686970687, "seconds": 14676}
{"event": "progress", "epoch": 75, "step": 250, "loss": -19.635182554840036, "seconds": 14687}
{"event": "progress", "epoch": 75, "step": 300, "loss": -16.123901377250203, "seconds": 14698}
{"event": "progress", "epoch": 75, "step": 350, "loss": -15.70649086737702, "seconds": 14709}
{"event": "progress", "epoch": 75, "step": 400, "loss": -13.99473525273391, "seconds": 14720}
{"event": "progress", "epoch": 75, "step": 450, "loss": -15.327964020626684, "seconds": 14731}
{"event": "progress", "epoch": 75, "step": 500, "loss": -14.588741062170257, "seconds": 14742}
{"event": "progress", "epoch": 75, "step": 550, "loss": -12.869196529218323, "seconds": 14753}
{"event": "progress", "epoch": 75, "step": 600, "loss": -15.554947300170458, "seconds": 14764}
{"event": "progress", "epoch": 75, "step": 650, "loss": -15.740447590963003, "seconds": 14776}
{"event": "progress", "epoch": 75, "step": 700, "loss": -15.972060859906033, "seconds": 14786}
{"event": "progress", "epoch": 75, "step": 750, "loss": -16.888320950103306, "seconds": 14797}
{"event": "progress", "epoch": 75, "step": 800, "loss": -14.043326796832048, "seconds": 14809}
{"event": "progress", "epoch": 75, "step": 850, "loss": -12.952133252276443, "seconds": 14820}
{"event": "progress", "epoch": 75, "step": 900, "loss": -13.095490408479137, "seconds": 14830}
{"event": "epoch", "epoch": 75, "phase": "float", "loss": -15.159360300528581, "seconds": 200.424326837001, "elapsed_seconds": 14832.805862534999, "learning_rate": 1e-05, "utterances": 770, "total_utterances": 770, "invalid_utterances": 0, "noisy_si_sdr": 6.016738904979767, "si_sdr": 13.90308374279482, "si_sdri": 7.886344837815052, "best_si_sdri": 7.908124587921473}
{"event": "progress", "epoch": 76, "step": 0, "loss": -13.946007475442174, "seconds": 14833}
{"event": "progress", "epoch": 76, "step": 50, "loss": -14.50647305676185, "seconds": 14844}
{"event": "progress", "epoch": 76, "step": 100, "loss": -16.204034702562893, "seconds": 14855}
{"event": "progress", "epoch": 76, "step": 150, "loss": -16.61511163630113, "seconds": 14866}
{"event": "progress", "epoch": 76, "step": 200, "loss": -14.77728256070379, "seconds": 14877}
{"event": "progress", "epoch": 76, "step": 250, "loss": -17.07790049543008, "seconds": 14888}
{"event": "progress", "epoch": 76, "step": 300, "loss": -14.247161340155095, "seconds": 14899}
{"event": "progress", "epoch": 76, "step": 350, "loss": -13.42032730016605, "seconds": 14910}
{"event": "progress", "epoch": 76, "step": 400, "loss": -13.495508511905982, "seconds": 14921}
{"event": "progress", "epoch": 76, "step": 450, "loss": -14.89819488314563, "seconds": 14932}
{"event": "progress", "epoch": 76, "step": 500, "loss": -14.381373589147316, "seconds": 14943}
{"event": "progress", "epoch": 76, "step": 550, "loss": -14.140690869084906, "seconds": 14954}
{"event": "progress", "epoch": 76, "step": 600, "loss": -13.70601396110871, "seconds": 14965}
{"event": "progress", "epoch": 76, "step": 650, "loss": -13.563213113088253, "seconds": 14976}
{"event": "progress", "epoch": 76, "step": 700, "loss": -14.948060092248145, "seconds": 14987}
{"event": "progress", "epoch": 76, "step": 750, "loss": -16.458589537060817, "seconds": 14998}
{"event": "progress", "epoch": 76, "step": 800, "loss": -14.294232241132917, "seconds": 15009}
{"event": "progress", "epoch": 76, "step": 850, "loss": -17.64703667214023, "seconds": 15020}
{"event": "progress", "epoch": 76, "step": 900, "loss": -10.503243729802419, "seconds": 15031}
{"event": "epoch", "epoch": 76, "phase": "float", "loss": -15.259336047822385, "seconds": 200.7149525169989, "elapsed_seconds": 15033.597234305002, "learning_rate": 1e-05, "utterances": 770, "total_utterances": 770, "invalid_utterances": 0, "noisy_si_sdr": 6.016738904979767, "si_sdr": 13.894570060349318, "si_sdri": 7.877831155369549, "best_si_sdri": 7.908124587921473}
{"event": "progress", "epoch": 77, "step": 0, "loss": -16.021805265904746, "seconds": 15034}
{"event": "progress", "epoch": 77, "step": 50, "loss": -15.553889465771391, "seconds": 15045}
{"event": "progress", "epoch": 77, "step": 100, "loss": -13.843786895919255, "seconds": 15056}
{"event": "progress", "epoch": 77, "step": 150, "loss": -16.434343935042527, "seconds": 15067}
{"event": "progress", "epoch": 77, "step": 200, "loss": -14.90289772602207, "seconds": 15077}
{"event": "progress", "epoch": 77, "step": 250, "loss": -14.804592712504283, "seconds": 15088}
{"event": "progress", "epoch": 77, "step": 300, "loss": -12.939447924857662, "seconds": 15099}
{"event": "progress", "epoch": 77, "step": 350, "loss": -14.941675798181603, "seconds": 15110}
{"event": "progress", "epoch": 77, "step": 400, "loss": -16.407851931750145, "seconds": 15121}
{"event": "progress", "epoch": 77, "step": 450, "loss": -15.050163674756456, "seconds": 15132}
{"event": "progress", "epoch": 77, "step": 500, "loss": -17.949694345699278, "seconds": 15143}
{"event": "progress", "epoch": 77, "step": 550, "loss": -15.037129145603178, "seconds": 15154}
{"event": "progress", "epoch": 77, "step": 600, "loss": -14.171594883093094, "seconds": 15165}
{"event": "progress", "epoch": 77, "step": 650, "loss": -15.188081657752072, "seconds": 15176}
{"event": "progress", "epoch": 77, "step": 700, "loss": -16.27953476518825, "seconds": 15187}
{"event": "progress", "epoch": 77, "step": 750, "loss": -12.90182784685056, "seconds": 15198}
{"event": "progress", "epoch": 77, "step": 800, "loss": -14.242962338414438, "seconds": 15209}
{"event": "progress", "epoch": 77, "step": 850, "loss": -14.979297332277909, "seconds": 15220}
{"event": "progress", "epoch": 77, "step": 900, "loss": -14.782339076490747, "seconds": 15231}
{"event": "epoch", "epoch": 77, "phase": "float", "loss": -15.284796461644001, "seconds": 200.13978400500127, "elapsed_seconds": 15233.791570038, "learning_rate": 1e-05, "utterances": 770, "total_utterances": 770, "invalid_utterances": 0, "noisy_si_sdr": 6.016738904979767, "si_sdr": 13.903894978763066, "si_sdri": 7.887156073783298, "best_si_sdri": 7.908124587921473}
{"event": "progress", "epoch": 78, "step": 0, "loss": -18.503099650434354, "seconds": 15234}
{"event": "progress", "epoch": 78, "step": 50, "loss": -14.720342018881945, "seconds": 15245}
{"event": "progress", "epoch": 78, "step": 100, "loss": -17.76253439789022, "seconds": 15256}
{"event": "progress", "epoch": 78, "step": 150, "loss": -16.1341158438934, "seconds": 15267}
{"event": "progress", "epoch": 78, "step": 200, "loss": -15.854061605705391, "seconds": 15277}
{"event": "progress", "epoch": 78, "step": 250, "loss": -16.138172860217974, "seconds": 15289}
{"event": "progress", "epoch": 78, "step": 300, "loss": -13.943171145826906, "seconds": 15300}
{"event": "progress", "epoch": 78, "step": 350, "loss": -14.810881963605112, "seconds": 15311}
{"event": "progress", "epoch": 78, "step": 400, "loss": -15.388115634388313, "seconds": 15322}
{"event": "progress", "epoch": 78, "step": 450, "loss": -18.22955655488105, "seconds": 15333}
{"event": "progress", "epoch": 78, "step": 500, "loss": -14.981818208742391, "seconds": 15344}
{"event": "progress", "epoch": 78, "step": 550, "loss": -15.9738776063936, "seconds": 15355}
{"event": "progress", "epoch": 78, "step": 600, "loss": -17.148847449752644, "seconds": 15366}
{"event": "progress", "epoch": 78, "step": 650, "loss": -15.653633918463942, "seconds": 15377}
{"event": "progress", "epoch": 78, "step": 700, "loss": -15.670743852398676, "seconds": 15388}
{"event": "progress", "epoch": 78, "step": 750, "loss": -15.993578949791043, "seconds": 15399}
{"event": "progress", "epoch": 78, "step": 800, "loss": -18.26757219254931, "seconds": 15410}
{"event": "progress", "epoch": 78, "step": 850, "loss": -15.09935040705574, "seconds": 15421}
{"event": "progress", "epoch": 78, "step": 900, "loss": -9.835351038538873, "seconds": 15432}
{"event": "epoch", "epoch": 78, "phase": "float", "loss": -15.34613972593255, "seconds": 200.3856509239995, "elapsed_seconds": 15434.233600968, "learning_rate": 1e-05, "utterances": 770, "total_utterances": 770, "invalid_utterances": 0, "noisy_si_sdr": 6.016738904979767, "si_sdr": 13.86678420670979, "si_sdri": 7.850045301730024, "best_si_sdri": 7.908124587921473}
{"event": "progress", "epoch": 79, "step": 0, "loss": -18.36863481748619, "seconds": 15435}
{"event": "progress", "epoch": 79, "step": 50, "loss": -16.274037127692978, "seconds": 15446}
{"event": "progress", "epoch": 79, "step": 100, "loss": -14.034132719997835, "seconds": 15457}
{"event": "progress", "epoch": 79, "step": 150, "loss": -16.273752863412643, "seconds": 15468}
{"event": "progress", "epoch": 79, "step": 200, "loss": -13.994947843945285, "seconds": 15478}
{"event": "progress", "epoch": 79, "step": 250, "loss": -14.557172047407725, "seconds": 15489}
{"event": "progress", "epoch": 79, "step": 300, "loss": -16.84781225045136, "seconds": 15500}
{"event": "progress", "epoch": 79, "step": 350, "loss": -13.30876808170784, "seconds": 15511}
{"event": "progress", "epoch": 79, "step": 400, "loss": -13.801861734185431, "seconds": 15522}
{"event": "progress", "epoch": 79, "step": 450, "loss": -15.785642162763375, "seconds": 15533}
{"event": "progress", "epoch": 79, "step": 500, "loss": -15.168300998171121, "seconds": 15544}
{"event": "progress", "epoch": 79, "step": 550, "loss": -13.56362822353567, "seconds": 15555}
{"event": "progress", "epoch": 79, "step": 600, "loss": -13.17769571977032, "seconds": 15566}
{"event": "progress", "epoch": 79, "step": 650, "loss": -14.983507851943637, "seconds": 15577}
{"event": "progress", "epoch": 79, "step": 700, "loss": -13.648211360133013, "seconds": 15588}
{"event": "progress", "epoch": 79, "step": 750, "loss": -16.090243829643292, "seconds": 15599}
{"event": "progress", "epoch": 79, "step": 800, "loss": -16.72131861297305, "seconds": 15610}
{"event": "progress", "epoch": 79, "step": 850, "loss": -13.658557246479866, "seconds": 15621}
{"event": "progress", "epoch": 79, "step": 900, "loss": -16.55543210390752, "seconds": 15632}
{"event": "epoch", "epoch": 79, "phase": "float", "loss": -15.281116279886728, "seconds": 200.22968474499794, "elapsed_seconds": 15634.524379858001, "learning_rate": 1e-05, "utterances": 770, "total_utterances": 770, "invalid_utterances": 0, "noisy_si_sdr": 6.016738904979767, "si_sdr": 13.903689258344022, "si_sdri": 7.886950353364253, "best_si_sdri": 7.908124587921473}
{"event": "progress", "epoch": 80, "step": 0, "loss": -13.724123273743182, "seconds": 15635}
{"event": "progress", "epoch": 80, "step": 50, "loss": -16.701187245530697, "seconds": 15646}
{"event": "progress", "epoch": 80, "step": 100, "loss": -15.713095473811368, "seconds": 15657}
{"event": "progress", "epoch": 80, "step": 150, "loss": -15.276927652311961, "seconds": 15668}
{"event": "progress", "epoch": 80, "step": 200, "loss": -13.346733794779945, "seconds": 15678}
{"event": "progress", "epoch": 80, "step": 250, "loss": -13.904766861733473, "seconds": 15689}
{"event": "progress", "epoch": 80, "step": 300, "loss": -13.3823754012882, "seconds": 15700}
{"event": "progress", "epoch": 80, "step": 350, "loss": -15.467202538908447, "seconds": 15711}
{"event": "progress", "epoch": 80, "step": 400, "loss": -14.741317307495137, "seconds": 15722}
{"event": "progress", "epoch": 80, "step": 450, "loss": -13.779676160538337, "seconds": 15733}
{"event": "progress", "epoch": 80, "step": 500, "loss": -17.416948291967, "seconds": 15744}
{"event": "progress", "epoch": 80, "step": 550, "loss": -17.127834995865474, "seconds": 15755}
{"event": "progress", "epoch": 80, "step": 600, "loss": -13.633516418749792, "seconds": 15766}
{"event": "progress", "epoch": 80, "step": 650, "loss": -16.040178508385345, "seconds": 15777}
{"event": "progress", "epoch": 80, "step": 700, "loss": -15.587150601725487, "seconds": 15788}
{"event": "progress", "epoch": 80, "step": 750, "loss": -14.801644480798362, "seconds": 15799}
{"event": "progress", "epoch": 80, "step": 800, "loss": -14.65287881561681, "seconds": 15810}
{"event": "progress", "epoch": 80, "step": 850, "loss": -16.18068625493557, "seconds": 15821}
{"event": "progress", "epoch": 80, "step": 900, "loss": -16.68477962800876, "seconds": 15832}
{"event": "epoch", "epoch": 80, "phase": "float", "loss": -15.348454931044245, "seconds": 200.07571776900295, "elapsed_seconds": 15834.65406732, "learning_rate": 1e-05, "utterances": 770, "total_utterances": 770, "invalid_utterances": 0, "noisy_si_sdr": 6.016738904979767, "si_sdr": 13.917197131898403, "si_sdri": 7.900458226918635, "best_si_sdri": 7.908124587921473}
{"event": "progress", "epoch": 81, "step": 0, "loss": -16.803935375940018, "seconds": 15835}
{"event": "progress", "epoch": 81, "step": 50, "loss": -15.217006934877299, "seconds": 15847}
{"event": "progress", "epoch": 81, "step": 100, "loss": -12.32647347572793, "seconds": 15858}
{"event": "progress", "epoch": 81, "step": 150, "loss": -16.39849426073482, "seconds": 15869}
{"event": "progress", "epoch": 81, "step": 200, "loss": -16.059148685577092, "seconds": 15879}
{"event": "progress", "epoch": 81, "step": 250, "loss": -15.747311767823003, "seconds": 15890}
{"event": "progress", "epoch": 81, "step": 300, "loss": -13.165317178435268, "seconds": 15901}
{"event": "progress", "epoch": 81, "step": 350, "loss": -12.130845276296675, "seconds": 15912}
{"event": "progress", "epoch": 81, "step": 400, "loss": -14.403498738393413, "seconds": 15923}
{"event": "progress", "epoch": 81, "step": 450, "loss": -13.912587975892333, "seconds": 15934}
{"event": "progress", "epoch": 81, "step": 500, "loss": -16.11048024962605, "seconds": 15945}
{"event": "progress", "epoch": 81, "step": 550, "loss": -16.248846021539585, "seconds": 15956}
{"event": "progress", "epoch": 81, "step": 600, "loss": -15.971982586604556, "seconds": 15967}
{"event": "progress", "epoch": 81, "step": 650, "loss": -13.772590135321988, "seconds": 15978}
{"event": "progress", "epoch": 81, "step": 700, "loss": -18.157307894941376, "seconds": 15989}
{"event": "progress", "epoch": 81, "step": 750, "loss": -14.797664567785887, "seconds": 16000}
{"event": "progress", "epoch": 81, "step": 800, "loss": -16.024859032247196, "seconds": 16011}
{"event": "progress", "epoch": 81, "step": 850, "loss": -13.19309638911415, "seconds": 16022}
{"event": "progress", "epoch": 81, "step": 900, "loss": -13.37245293623285, "seconds": 16033}
{"event": "epoch", "epoch": 81, "phase": "float", "loss": -15.287471065565853, "seconds": 200.6102293490003, "elapsed_seconds": 16035.344999133002, "learning_rate": 1e-05, "utterances": 770, "total_utterances": 770, "invalid_utterances": 0, "noisy_si_sdr": 6.016738904979767, "si_sdr": 13.910754075021197, "si_sdri": 7.8940151700414285, "best_si_sdri": 7.908124587921473}
{"event": "progress", "epoch": 82, "step": 0, "loss": -17.01015137397763, "seconds": 16036}
{"event": "progress", "epoch": 82, "step": 50, "loss": -14.900526924407226, "seconds": 16047}
{"event": "progress", "epoch": 82, "step": 100, "loss": -16.424805578121845, "seconds": 16058}
{"event": "progress", "epoch": 82, "step": 150, "loss": -19.194375748351355, "seconds": 16069}
{"event": "progress", "epoch": 82, "step": 200, "loss": -16.319924611532308, "seconds": 16079}
{"event": "progress", "epoch": 82, "step": 250, "loss": -16.971729379891034, "seconds": 16090}
{"event": "progress", "epoch": 82, "step": 300, "loss": -15.333483042595176, "seconds": 16101}
{"event": "progress", "epoch": 82, "step": 350, "loss": -15.171322151954602, "seconds": 16112}
{"event": "progress", "epoch": 82, "step": 400, "loss": -14.360021520252937, "seconds": 16123}
{"event": "progress", "epoch": 82, "step": 450, "loss": -13.323113449073436, "seconds": 16134}
{"event": "progress", "epoch": 82, "step": 500, "loss": -15.532903499000756, "seconds": 16145}
{"event": "progress", "epoch": 82, "step": 550, "loss": -14.507104041292703, "seconds": 16156}
{"event": "progress", "epoch": 82, "step": 600, "loss": -16.649745693046057, "seconds": 16167}
{"event": "progress", "epoch": 82, "step": 650, "loss": -13.973857741247105, "seconds": 16178}
{"event": "progress", "epoch": 82, "step": 700, "loss": -13.925850210739762, "seconds": 16189}
{"event": "progress", "epoch": 82, "step": 750, "loss": -14.941291307628248, "seconds": 16200}
{"event": "progress", "epoch": 82, "step": 800, "loss": -17.605485543663292, "seconds": 16211}
{"event": "progress", "epoch": 82, "step": 850, "loss": -15.190159429979875, "seconds": 16222}
{"event": "progress", "epoch": 82, "step": 900, "loss": -18.563292782736347, "seconds": 16233}
{"event": "epoch", "epoch": 82, "phase": "float", "loss": -15.270652888699566, "seconds": 199.9863662989992, "elapsed_seconds": 16235.385270306, "learning_rate": 1e-05, "utterances": 770, "total_utterances": 770, "invalid_utterances": 0, "noisy_si_sdr": 6.016738904979767, "si_sdr": 13.89725751308085, "si_sdri": 7.880518608101082, "best_si_sdri": 7.908124587921473}
{"event": "progress", "epoch": 83, "step": 0, "loss": -15.412820696080013, "seconds": 16236}
{"event": "progress", "epoch": 83, "step": 50, "loss": -17.18165507551146, "seconds": 16246}
{"event": "progress", "epoch": 83, "step": 100, "loss": -14.429427018952207, "seconds": 16257}
{"event": "progress", "epoch": 83, "step": 150, "loss": -15.270187140232494, "seconds": 16267}
{"event": "progress", "epoch": 83, "step": 200, "loss": -16.442394400264412, "seconds": 16277}
{"event": "progress", "epoch": 83, "step": 250, "loss": -17.995553993797863, "seconds": 16288}
{"event": "progress", "epoch": 83, "step": 300, "loss": -17.380669135642435, "seconds": 16298}
{"event": "progress", "epoch": 83, "step": 350, "loss": -15.526488055495829, "seconds": 16309}
{"event": "progress", "epoch": 83, "step": 400, "loss": -14.186914689444217, "seconds": 16319}
{"event": "progress", "epoch": 83, "step": 450, "loss": -17.180524703523638, "seconds": 16330}
{"event": "progress", "epoch": 83, "step": 500, "loss": -13.719462517137318, "seconds": 16340}
{"event": "progress", "epoch": 83, "step": 550, "loss": -18.538543792120812, "seconds": 16351}
{"event": "progress", "epoch": 83, "step": 600, "loss": -12.871983024459292, "seconds": 16361}
{"event": "progress", "epoch": 83, "step": 650, "loss": -12.974864496247138, "seconds": 16372}
{"event": "progress", "epoch": 83, "step": 700, "loss": -13.79155580062573, "seconds": 16382}
{"event": "progress", "epoch": 83, "step": 750, "loss": -16.13872241641724, "seconds": 16393}
{"event": "progress", "epoch": 83, "step": 800, "loss": -13.048544249708776, "seconds": 16403}
{"event": "progress", "epoch": 83, "step": 850, "loss": -16.283436043824132, "seconds": 16414}
{"event": "progress", "epoch": 83, "step": 900, "loss": -13.408094625412588, "seconds": 16424}
{"event": "epoch", "epoch": 83, "phase": "float", "loss": -15.24903986329867, "seconds": 191.14564650300235, "elapsed_seconds": 16426.609181115, "learning_rate": 1e-05, "utterances": 770, "total_utterances": 770, "invalid_utterances": 0, "noisy_si_sdr": 6.016738904979767, "si_sdr": 13.882142095045015, "si_sdri": 7.865403190065246, "best_si_sdri": 7.908124587921473}
{"event": "progress", "epoch": 84, "step": 0, "loss": -12.64987909629713, "seconds": 16427}
{"event": "progress", "epoch": 84, "step": 50, "loss": -15.90723446372858, "seconds": 16438}
{"event": "progress", "epoch": 84, "step": 100, "loss": -14.717140364538462, "seconds": 16448}
{"event": "progress", "epoch": 84, "step": 150, "loss": -16.79994521318008, "seconds": 16459}
{"event": "progress", "epoch": 84, "step": 200, "loss": -15.149985890194717, "seconds": 16469}
{"event": "progress", "epoch": 84, "step": 250, "loss": -13.791736848532434, "seconds": 16479}
{"event": "progress", "epoch": 84, "step": 300, "loss": -14.73283416187347, "seconds": 16490}
{"event": "progress", "epoch": 84, "step": 350, "loss": -12.880605724902624, "seconds": 16501}
{"event": "progress", "epoch": 84, "step": 400, "loss": -16.45423952309392, "seconds": 16512}
{"event": "progress", "epoch": 84, "step": 450, "loss": -15.839650980114742, "seconds": 16523}
{"event": "progress", "epoch": 84, "step": 500, "loss": -14.166967696486132, "seconds": 16534}
{"event": "progress", "epoch": 84, "step": 550, "loss": -15.180855928418278, "seconds": 16545}
{"event": "progress", "epoch": 84, "step": 600, "loss": -14.393381568035254, "seconds": 16556}
{"event": "progress", "epoch": 84, "step": 650, "loss": -16.13003989078483, "seconds": 16567}
{"event": "progress", "epoch": 84, "step": 700, "loss": -17.451185404187868, "seconds": 16578}
{"event": "progress", "epoch": 84, "step": 750, "loss": -18.377495692760842, "seconds": 16589}
{"event": "progress", "epoch": 84, "step": 800, "loss": -14.444271604798269, "seconds": 16600}
{"event": "progress", "epoch": 84, "step": 850, "loss": -16.42848857144005, "seconds": 16611}
{"event": "progress", "epoch": 84, "step": 900, "loss": -14.154825087616524, "seconds": 16622}
{"event": "epoch", "epoch": 84, "phase": "float", "loss": -15.307033092134736, "seconds": 197.63062266199995, "elapsed_seconds": 16624.294379297, "learning_rate": 1e-05, "utterances": 770, "total_utterances": 770, "invalid_utterances": 0, "noisy_si_sdr": 6.016738904979767, "si_sdr": 13.919050308882884, "si_sdri": 7.902311403903116, "best_si_sdri": 7.908124587921473}
{"event": "progress", "epoch": 85, "step": 0, "loss": -12.590329560821875, "seconds": 16625}
{"event": "progress", "epoch": 85, "step": 50, "loss": -18.08897822239583, "seconds": 16636}
{"event": "progress", "epoch": 85, "step": 100, "loss": -17.09752989215324, "seconds": 16647}
{"event": "progress", "epoch": 85, "step": 150, "loss": -13.962258409478217, "seconds": 16658}
{"event": "progress", "epoch": 85, "step": 200, "loss": -15.338342345835892, "seconds": 16668}
{"event": "progress", "epoch": 85, "step": 250, "loss": -15.187040245049255, "seconds": 16679}
{"event": "progress", "epoch": 85, "step": 300, "loss": -13.899753938084126, "seconds": 16690}
{"event": "progress", "epoch": 85, "step": 350, "loss": -13.448693061405951, "seconds": 16701}
{"event": "progress", "epoch": 85, "step": 400, "loss": -13.526960351869777, "seconds": 16712}
{"event": "progress", "epoch": 85, "step": 450, "loss": -14.289956360039664, "seconds": 16723}
{"event": "progress", "epoch": 85, "step": 500, "loss": -13.742458435091905, "seconds": 16734}
{"event": "progress", "epoch": 85, "step": 550, "loss": -13.419990135077606, "seconds": 16745}
{"event": "progress", "epoch": 85, "step": 600, "loss": -17.026663879548924, "seconds": 16756}
{"event": "progress", "epoch": 85, "step": 650, "loss": -14.036159260450384, "seconds": 16767}
{"event": "progress", "epoch": 85, "step": 700, "loss": -15.65266614599913, "seconds": 16778}
{"event": "progress", "epoch": 85, "step": 750, "loss": -17.096336740379087, "seconds": 16789}
{"event": "progress", "epoch": 85, "step": 800, "loss": -16.299833275348437, "seconds": 16800}
{"event": "progress", "epoch": 85, "step": 850, "loss": -14.925984148128144, "seconds": 16811}
{"event": "progress", "epoch": 85, "step": 900, "loss": -13.55267602628408, "seconds": 16822}
{"event": "epoch", "epoch": 85, "phase": "float", "loss": -15.20670725586463, "seconds": 200.24634937500014, "elapsed_seconds": 16824.59479418, "learning_rate": 1e-05, "utterances": 770, "total_utterances": 770, "invalid_utterances": 0, "noisy_si_sdr": 6.016738904979767, "si_sdr": 13.913033942486184, "si_sdri": 7.896295037506414, "best_si_sdri": 7.908124587921473}
{"event": "progress", "epoch": 86, "step": 0, "loss": -14.205332590310961, "seconds": 16825}
{"event": "progress", "epoch": 86, "step": 50, "loss": -14.83522956465693, "seconds": 16836}
{"event": "progress", "epoch": 86, "step": 100, "loss": -14.410410351771192, "seconds": 16847}
{"event": "progress", "epoch": 86, "step": 150, "loss": -14.927312693382408, "seconds": 16858}
{"event": "progress", "epoch": 86, "step": 200, "loss": -16.88414892825549, "seconds": 16869}
{"event": "progress", "epoch": 86, "step": 250, "loss": -16.27802946286856, "seconds": 16880}
{"event": "progress", "epoch": 86, "step": 300, "loss": -15.394958824928406, "seconds": 16891}
{"event": "progress", "epoch": 86, "step": 350, "loss": -13.689993973189276, "seconds": 16902}
{"event": "progress", "epoch": 86, "step": 400, "loss": -13.166231788765177, "seconds": 16913}
{"event": "progress", "epoch": 86, "step": 450, "loss": -14.191679415394848, "seconds": 16924}
{"event": "progress", "epoch": 86, "step": 500, "loss": -12.829240669148781, "seconds": 16935}
{"event": "progress", "epoch": 86, "step": 550, "loss": -13.36907770446932, "seconds": 16946}
{"event": "progress", "epoch": 86, "step": 600, "loss": -13.871188453266978, "seconds": 16957}
{"event": "progress", "epoch": 86, "step": 650, "loss": -15.456506304690436, "seconds": 16968}
{"event": "progress", "epoch": 86, "step": 700, "loss": -14.557414622268471, "seconds": 16979}
{"event": "progress", "epoch": 86, "step": 750, "loss": -16.45656673619674, "seconds": 16990}
{"event": "progress", "epoch": 86, "step": 800, "loss": -15.230410852222288, "seconds": 17001}
{"event": "progress", "epoch": 86, "step": 850, "loss": -16.557065633375764, "seconds": 17012}
{"event": "progress", "epoch": 86, "step": 900, "loss": -16.729254679126257, "seconds": 17023}
{"event": "epoch", "epoch": 86, "phase": "float", "loss": -15.259973211141938, "seconds": 200.59539612799927, "elapsed_seconds": 17025.252583208, "learning_rate": 1e-05, "utterances": 770, "total_utterances": 770, "invalid_utterances": 0, "noisy_si_sdr": 6.016738904979767, "si_sdr": 13.907739351933994, "si_sdri": 7.891000446954227, "best_si_sdri": 7.908124587921473}
{"event": "progress", "epoch": 87, "step": 0, "loss": -14.335423240862456, "seconds": 17026}
{"event": "progress", "epoch": 87, "step": 50, "loss": -14.809029561530828, "seconds": 17037}
{"event": "progress", "epoch": 87, "step": 100, "loss": -13.364144303853672, "seconds": 17048}
{"event": "progress", "epoch": 87, "step": 150, "loss": -14.824424917282325, "seconds": 17059}
{"event": "progress", "epoch": 87, "step": 200, "loss": -13.904548634032823, "seconds": 17069}
{"event": "progress", "epoch": 87, "step": 250, "loss": -14.479983293103118, "seconds": 17080}
{"event": "progress", "epoch": 87, "step": 300, "loss": -14.146968286213266, "seconds": 17091}
{"event": "progress", "epoch": 87, "step": 350, "loss": -14.137273988457938, "seconds": 17102}
{"event": "progress", "epoch": 87, "step": 400, "loss": -14.937721030936832, "seconds": 17113}
{"event": "progress", "epoch": 87, "step": 450, "loss": -14.35399017538391, "seconds": 17124}
{"event": "progress", "epoch": 87, "step": 500, "loss": -15.619035703874838, "seconds": 17135}
{"event": "progress", "epoch": 87, "step": 550, "loss": -12.304225175083483, "seconds": 17146}
{"event": "progress", "epoch": 87, "step": 600, "loss": -14.152844252623286, "seconds": 17157}
{"event": "progress", "epoch": 87, "step": 650, "loss": -14.977160531667522, "seconds": 17168}
{"event": "progress", "epoch": 87, "step": 700, "loss": -17.222829730241777, "seconds": 17179}
{"event": "progress", "epoch": 87, "step": 750, "loss": -16.43811845531376, "seconds": 17190}
{"event": "progress", "epoch": 87, "step": 800, "loss": -14.00721033772594, "seconds": 17201}
{"event": "progress", "epoch": 87, "step": 850, "loss": -15.363456366694303, "seconds": 17212}
{"event": "progress", "epoch": 87, "step": 900, "loss": -21.30368236223641, "seconds": 17223}
{"event": "epoch", "epoch": 87, "phase": "float", "loss": -15.233633718714984, "seconds": 200.28285503900042, "elapsed_seconds": 17225.591017902, "learning_rate": 1e-05, "utterances": 770, "total_utterances": 770, "invalid_utterances": 0, "noisy_si_sdr": 6.016738904979767, "si_sdr": 13.889009723697292, "si_sdri": 7.872270818717524, "best_si_sdri": 7.908124587921473}
{"event": "progress", "epoch": 88, "step": 0, "loss": -15.338719234489936, "seconds": 17226}
{"event": "progress", "epoch": 88, "step": 50, "loss": -15.31426510792014, "seconds": 17237}
{"event": "progress", "epoch": 88, "step": 100, "loss": -14.921327051887296, "seconds": 17248}
{"event": "progress", "epoch": 88, "step": 150, "loss": -16.745148733449806, "seconds": 17259}
{"event": "progress", "epoch": 88, "step": 200, "loss": -15.541421853363207, "seconds": 17270}
{"event": "progress", "epoch": 88, "step": 250, "loss": -16.33469961258502, "seconds": 17281}
{"event": "progress", "epoch": 88, "step": 300, "loss": -20.78149455867908, "seconds": 17292}
{"event": "progress", "epoch": 88, "step": 350, "loss": -13.413278427972246, "seconds": 17303}
{"event": "progress", "epoch": 88, "step": 400, "loss": -14.842592930353565, "seconds": 17314}
{"event": "progress", "epoch": 88, "step": 450, "loss": -12.992366216719436, "seconds": 17325}
{"event": "progress", "epoch": 88, "step": 500, "loss": -15.771936850813486, "seconds": 17336}
{"event": "progress", "epoch": 88, "step": 550, "loss": -15.127719230286843, "seconds": 17347}
{"event": "progress", "epoch": 88, "step": 600, "loss": -14.842128658065073, "seconds": 17358}
{"event": "progress", "epoch": 88, "step": 650, "loss": -13.938662507797531, "seconds": 17369}
{"event": "progress", "epoch": 88, "step": 700, "loss": -13.584437296115055, "seconds": 17380}
{"event": "progress", "epoch": 88, "step": 750, "loss": -15.331540404425017, "seconds": 17391}
{"event": "progress", "epoch": 88, "step": 800, "loss": -11.148928961847055, "seconds": 17402}
{"event": "progress", "epoch": 88, "step": 850, "loss": -14.73615745534073, "seconds": 17413}
{"event": "progress", "epoch": 88, "step": 900, "loss": -20.47049391445669, "seconds": 17424}
{"event": "epoch", "epoch": 88, "phase": "float", "loss": -15.260861022914192, "seconds": 200.62998399999924, "elapsed_seconds": 17426.274852169, "learning_rate": 1e-05, "utterances": 770, "total_utterances": 770, "invalid_utterances": 0, "noisy_si_sdr": 6.016738904979767, "si_sdr": 13.85511940783777, "si_sdri": 7.8383805028580005, "best_si_sdri": 7.908124587921473}
{"event": "progress", "epoch": 89, "step": 0, "loss": -14.783672396087955, "seconds": 17427}
{"event": "progress", "epoch": 89, "step": 50, "loss": -15.339830245055214, "seconds": 17438}
{"event": "progress", "epoch": 89, "step": 100, "loss": -13.34293120433651, "seconds": 17449}
{"event": "progress", "epoch": 89, "step": 150, "loss": -15.304514314031085, "seconds": 17460}
{"event": "progress", "epoch": 89, "step": 200, "loss": -10.96536256279145, "seconds": 17470}
{"event": "progress", "epoch": 89, "step": 250, "loss": -15.254444110088375, "seconds": 17481}
{"event": "progress", "epoch": 89, "step": 300, "loss": -15.237741021701547, "seconds": 17492}
{"event": "progress", "epoch": 89, "step": 350, "loss": -16.18587007326621, "seconds": 17503}
{"event": "progress", "epoch": 89, "step": 400, "loss": -15.457932056598219, "seconds": 17514}
{"event": "progress", "epoch": 89, "step": 450, "loss": -14.179715947314893, "seconds": 17525}
{"event": "progress", "epoch": 89, "step": 500, "loss": -16.34421417070204, "seconds": 17536}
{"event": "progress", "epoch": 89, "step": 550, "loss": -15.743087268188532, "seconds": 17547}
{"event": "progress", "epoch": 89, "step": 600, "loss": -14.114997723014866, "seconds": 17558}
{"event": "progress", "epoch": 89, "step": 650, "loss": -15.423547095323872, "seconds": 17569}
{"event": "progress", "epoch": 89, "step": 700, "loss": -15.803248055097377, "seconds": 17580}
{"event": "progress", "epoch": 89, "step": 750, "loss": -13.616497807846963, "seconds": 17591}
{"event": "progress", "epoch": 89, "step": 800, "loss": -14.868200635388153, "seconds": 17602}
{"event": "progress", "epoch": 89, "step": 850, "loss": -16.026567842444788, "seconds": 17613}
{"event": "progress", "epoch": 89, "step": 900, "loss": -14.685703871231794, "seconds": 17624}
{"event": "epoch", "epoch": 89, "phase": "float", "loss": -15.243890781178775, "seconds": 200.00421822400313, "elapsed_seconds": 17626.334275948, "learning_rate": 1e-05, "utterances": 770, "total_utterances": 770, "invalid_utterances": 0, "noisy_si_sdr": 6.016738904979767, "si_sdr": 13.828424461528675, "si_sdri": 7.811685556548907, "best_si_sdri": 7.908124587921473}
{"event": "progress", "epoch": 90, "step": 0, "loss": -13.280948173264377, "seconds": 17627}
{"event": "progress", "epoch": 90, "step": 50, "loss": -14.76675080331942, "seconds": 17638}
{"event": "progress", "epoch": 90, "step": 100, "loss": -14.09369637978172, "seconds": 17649}
{"event": "progress", "epoch": 90, "step": 150, "loss": -18.203346844849044, "seconds": 17660}
{"event": "progress", "epoch": 90, "step": 200, "loss": -13.309868513643409, "seconds": 17670}
{"event": "progress", "epoch": 90, "step": 250, "loss": -15.779216888298075, "seconds": 17681}
{"event": "progress", "epoch": 90, "step": 300, "loss": -14.471546389883912, "seconds": 17693}
{"event": "progress", "epoch": 90, "step": 350, "loss": -12.523921338898475, "seconds": 17704}
{"event": "progress", "epoch": 90, "step": 400, "loss": -17.407459607816527, "seconds": 17715}
{"event": "progress", "epoch": 90, "step": 450, "loss": -15.462963305048845, "seconds": 17726}
{"event": "progress", "epoch": 90, "step": 500, "loss": -13.94809606707768, "seconds": 17737}
{"event": "progress", "epoch": 90, "step": 550, "loss": -13.742155907353048, "seconds": 17748}
{"event": "progress", "epoch": 90, "step": 600, "loss": -14.878914364819853, "seconds": 17759}
{"event": "progress", "epoch": 90, "step": 650, "loss": -14.38662713137456, "seconds": 17770}
{"event": "progress", "epoch": 90, "step": 700, "loss": -17.217864846282765, "seconds": 17781}
{"event": "progress", "epoch": 90, "step": 750, "loss": -12.606904439747819, "seconds": 17792}
{"event": "progress", "epoch": 90, "step": 800, "loss": -16.31906592244799, "seconds": 17803}
{"event": "progress", "epoch": 90, "step": 850, "loss": -14.72508506632824, "seconds": 17814}
{"event": "progress", "epoch": 90, "step": 900, "loss": -22.434554635853246, "seconds": 17825}
{"event": "epoch", "epoch": 90, "phase": "float", "loss": -15.23422742806827, "seconds": 200.98699636699894, "elapsed_seconds": 17827.378800612, "learning_rate": 1e-05, "utterances": 770, "total_utterances": 770, "invalid_utterances": 0, "noisy_si_sdr": 6.016738904979767, "si_sdr": 13.896832040319488, "si_sdri": 7.88009313533972, "best_si_sdri": 7.908124587921473}
{"event": "progress", "epoch": 91, "step": 0, "loss": -16.63795602612327, "seconds": 17828}
{"event": "progress", "epoch": 91, "step": 50, "loss": -14.619298340398817, "seconds": 17839}
{"event": "progress", "epoch": 91, "step": 100, "loss": -18.039479538987667, "seconds": 17850}
{"event": "progress", "epoch": 91, "step": 150, "loss": -14.2526417581166, "seconds": 17861}
{"event": "progress", "epoch": 91, "step": 200, "loss": -13.607734798733123, "seconds": 17872}
{"event": "progress", "epoch": 91, "step": 250, "loss": -12.71233266535736, "seconds": 17882}
{"event": "progress", "epoch": 91, "step": 300, "loss": -15.699599347668297, "seconds": 17894}
{"event": "progress", "epoch": 91, "step": 350, "loss": -16.41571238921627, "seconds": 17905}
{"event": "progress", "epoch": 91, "step": 400, "loss": -16.96456581695958, "seconds": 17916}
{"event": "progress", "epoch": 91, "step": 450, "loss": -16.638401364221753, "seconds": 17927}
{"event": "progress", "epoch": 91, "step": 500, "loss": -14.99193906704636, "seconds": 17938}
{"event": "progress", "epoch": 91, "step": 550, "loss": -13.619924002608247, "seconds": 17949}
{"event": "progress", "epoch": 91, "step": 600, "loss": -14.784940421742599, "seconds": 17960}
{"event": "progress", "epoch": 91, "step": 650, "loss": -12.332189520707544, "seconds": 17971}
{"event": "progress", "epoch": 91, "step": 700, "loss": -14.35075431294385, "seconds": 17982}
{"event": "progress", "epoch": 91, "step": 750, "loss": -14.357453387548958, "seconds": 17993}
{"event": "progress", "epoch": 91, "step": 800, "loss": -16.66754598273616, "seconds": 18004}
{"event": "progress", "epoch": 91, "step": 850, "loss": -12.642447737048615, "seconds": 18015}
{"event": "progress", "epoch": 91, "step": 900, "loss": -13.365407631082137, "seconds": 18025}
{"event": "epoch", "epoch": 91, "phase": "float", "loss": -15.248872545461303, "seconds": 200.44959435500277, "elapsed_seconds": 18027.884476205, "learning_rate": 1e-05, "utterances": 770, "total_utterances": 770, "invalid_utterances": 0, "noisy_si_sdr": 6.016738904979767, "si_sdr": 13.871711024327018, "si_sdri": 7.854972119347247, "best_si_sdri": 7.908124587921473}
{"event": "progress", "epoch": 92, "step": 0, "loss": -14.05866635052621, "seconds": 18028}
{"event": "progress", "epoch": 92, "step": 50, "loss": -14.16990111996569, "seconds": 18039}
{"event": "progress", "epoch": 92, "step": 100, "loss": -15.631148415568873, "seconds": 18050}
{"event": "progress", "epoch": 92, "step": 150, "loss": -16.804678164616323, "seconds": 18061}
{"event": "progress", "epoch": 92, "step": 200, "loss": -14.449899676251402, "seconds": 18072}
{"event": "progress", "epoch": 92, "step": 250, "loss": -16.12766758710864, "seconds": 18083}
{"event": "progress", "epoch": 92, "step": 300, "loss": -15.560470346685081, "seconds": 18094}
{"event": "progress", "epoch": 92, "step": 350, "loss": -14.308889438086112, "seconds": 18105}
{"event": "progress", "epoch": 92, "step": 400, "loss": -15.725344524686456, "seconds": 18116}
{"event": "progress", "epoch": 92, "step": 450, "loss": -13.002224256290523, "seconds": 18127}
{"event": "progress", "epoch": 92, "step": 500, "loss": -14.997508900386615, "seconds": 18138}
{"event": "progress", "epoch": 92, "step": 550, "loss": -14.129958628478478, "seconds": 18149}
{"event": "progress", "epoch": 92, "step": 600, "loss": -17.61155117440672, "seconds": 18160}
{"event": "progress", "epoch": 92, "step": 650, "loss": -12.738464105172497, "seconds": 18171}
{"event": "progress", "epoch": 92, "step": 700, "loss": -15.051210855368765, "seconds": 18182}
{"event": "progress", "epoch": 92, "step": 750, "loss": -16.07204517721888, "seconds": 18193}
{"event": "progress", "epoch": 92, "step": 800, "loss": -16.812611913581666, "seconds": 18204}
{"event": "progress", "epoch": 92, "step": 850, "loss": -15.157959709035085, "seconds": 18215}
{"event": "progress", "epoch": 92, "step": 900, "loss": -11.326238148727455, "seconds": 18226}
{"event": "epoch", "epoch": 92, "phase": "float", "loss": -15.287116564249041, "seconds": 200.30555974800154, "elapsed_seconds": 18228.244490466, "learning_rate": 1e-05, "utterances": 770, "total_utterances": 770, "invalid_utterances": 0, "noisy_si_sdr": 6.016738904979767, "si_sdr": 13.922417061132629, "si_sdri": 7.905678156152862, "best_si_sdri": 7.908124587921473}
{"event": "progress", "epoch": 93, "step": 0, "loss": -15.148243302606177, "seconds": 18229}
{"event": "progress", "epoch": 93, "step": 50, "loss": -15.37886146606196, "seconds": 18240}
{"event": "progress", "epoch": 93, "step": 100, "loss": -17.259126018384258, "seconds": 18251}
{"event": "progress", "epoch": 93, "step": 150, "loss": -17.37018666255755, "seconds": 18262}
{"event": "progress", "epoch": 93, "step": 200, "loss": -18.15061314646152, "seconds": 18273}
{"event": "progress", "epoch": 93, "step": 250, "loss": -15.740748774673428, "seconds": 18284}
{"event": "progress", "epoch": 93, "step": 300, "loss": -13.754310492594197, "seconds": 18295}
{"event": "progress", "epoch": 93, "step": 350, "loss": -15.755608196229767, "seconds": 18306}
{"event": "progress", "epoch": 93, "step": 400, "loss": -14.321808443694225, "seconds": 18317}
{"event": "progress", "epoch": 93, "step": 450, "loss": -14.705035353140364, "seconds": 18328}
{"event": "progress", "epoch": 93, "step": 500, "loss": -12.853494060206135, "seconds": 18339}
{"event": "progress", "epoch": 93, "step": 550, "loss": -14.90981211400967, "seconds": 18350}
{"event": "progress", "epoch": 93, "step": 600, "loss": -13.546393430942274, "seconds": 18361}
{"event": "progress", "epoch": 93, "step": 650, "loss": -16.367791620694895, "seconds": 18372}
{"event": "progress", "epoch": 93, "step": 700, "loss": -12.094783320167865, "seconds": 18383}
{"event": "progress", "epoch": 93, "step": 750, "loss": -15.118741996334396, "seconds": 18394}
{"event": "progress", "epoch": 93, "step": 800, "loss": -15.880242077103336, "seconds": 18405}
{"event": "progress", "epoch": 93, "step": 850, "loss": -12.585107577044752, "seconds": 18416}
{"event": "progress", "epoch": 93, "step": 900, "loss": -15.201511214333731, "seconds": 18427}
{"event": "epoch", "epoch": 93, "phase": "float", "loss": -15.291735222460435, "seconds": 200.75550739299797, "elapsed_seconds": 18429.053462501, "learning_rate": 1e-05, "utterances": 770, "total_utterances": 770, "invalid_utterances": 0, "noisy_si_sdr": 6.016738904979767, "si_sdr": 13.914428458901158, "si_sdri": 7.89768955392139, "best_si_sdri": 7.908124587921473}
{"event": "progress", "epoch": 94, "step": 0, "loss": -15.992454173315739, "seconds": 18430}
{"event": "progress", "epoch": 94, "step": 50, "loss": -16.895405853271846, "seconds": 18441}
{"event": "progress", "epoch": 94, "step": 100, "loss": -13.87438979549772, "seconds": 18451}
{"event": "progress", "epoch": 94, "step": 150, "loss": -15.876926549925845, "seconds": 18462}
{"event": "progress", "epoch": 94, "step": 200, "loss": -15.99832908869612, "seconds": 18473}
{"event": "progress", "epoch": 94, "step": 250, "loss": -13.406160925630392, "seconds": 18484}
{"event": "progress", "epoch": 94, "step": 300, "loss": -15.449917126811238, "seconds": 18495}
{"event": "progress", "epoch": 94, "step": 350, "loss": -12.692087950086675, "seconds": 18506}
{"event": "progress", "epoch": 94, "step": 400, "loss": -14.770850500507454, "seconds": 18517}
{"event": "progress", "epoch": 94, "step": 450, "loss": -18.05563884465384, "seconds": 18528}
{"event": "progress", "epoch": 94, "step": 500, "loss": -16.118940236562825, "seconds": 18539}
{"event": "progress", "epoch": 94, "step": 550, "loss": -16.42041273763365, "seconds": 18550}
{"event": "progress", "epoch": 94, "step": 600, "loss": -17.06496656754236, "seconds": 18561}
{"event": "progress", "epoch": 94, "step": 650, "loss": -14.64605584198529, "seconds": 18572}
{"event": "progress", "epoch": 94, "step": 700, "loss": -15.992296159809392, "seconds": 18583}
{"event": "progress", "epoch": 94, "step": 750, "loss": -13.857108071797413, "seconds": 18594}
{"event": "progress", "epoch": 94, "step": 800, "loss": -14.665669171549172, "seconds": 18605}
{"event": "progress", "epoch": 94, "step": 850, "loss": -14.476435741049887, "seconds": 18616}
{"event": "progress", "epoch": 94, "step": 900, "loss": -11.60571002636231, "seconds": 18627}
{"event": "epoch", "epoch": 94, "phase": "float", "loss": -15.302370507515484, "seconds": 199.94172578299913, "elapsed_seconds": 18629.049956926, "learning_rate": 1e-05, "utterances": 770, "total_utterances": 770, "invalid_utterances": 0, "noisy_si_sdr": 6.016738904979767, "si_sdr": 13.91892536636727, "si_sdri": 7.902186461387503, "best_si_sdri": 7.908124587921473}
{"event": "progress", "epoch": 95, "step": 0, "loss": -15.45068877324029, "seconds": 18630}
{"event": "progress", "epoch": 95, "step": 50, "loss": -16.12375813760541, "seconds": 18641}
{"event": "progress", "epoch": 95, "step": 100, "loss": -16.36294868658888, "seconds": 18651}
{"event": "progress", "epoch": 95, "step": 150, "loss": -15.446976345073, "seconds": 18663}
{"event": "progress", "epoch": 95, "step": 200, "loss": -13.964440736308731, "seconds": 18673}
{"event": "progress", "epoch": 95, "step": 250, "loss": -15.424856916378483, "seconds": 18684}
{"event": "progress", "epoch": 95, "step": 300, "loss": -15.13039068007036, "seconds": 18695}
{"event": "progress", "epoch": 95, "step": 350, "loss": -17.100945792137782, "seconds": 18706}
{"event": "progress", "epoch": 95, "step": 400, "loss": -15.061391656269052, "seconds": 18717}
{"event": "progress", "epoch": 95, "step": 450, "loss": -13.338686303363618, "seconds": 18728}
{"event": "progress", "epoch": 95, "step": 500, "loss": -12.766027320100031, "seconds": 18739}
{"event": "progress", "epoch": 95, "step": 550, "loss": -14.841971747856675, "seconds": 18750}
{"event": "progress", "epoch": 95, "step": 600, "loss": -16.969718473675094, "seconds": 18761}
{"event": "progress", "epoch": 95, "step": 650, "loss": -16.46583771749809, "seconds": 18772}
{"event": "progress", "epoch": 95, "step": 700, "loss": -16.175695814495572, "seconds": 18783}
{"event": "progress", "epoch": 95, "step": 750, "loss": -14.283567544169083, "seconds": 18794}
{"event": "progress", "epoch": 95, "step": 800, "loss": -17.630618368676828, "seconds": 18805}
{"event": "progress", "epoch": 95, "step": 850, "loss": -15.246272362783678, "seconds": 18816}
{"event": "progress", "epoch": 95, "step": 900, "loss": -19.936091707080376, "seconds": 18827}
{"event": "epoch", "epoch": 95, "phase": "float", "loss": -15.348916306428444, "seconds": 200.04898411199974, "elapsed_seconds": 18829.154709829, "learning_rate": 1e-05, "utterances": 770, "total_utterances": 770, "invalid_utterances": 0, "noisy_si_sdr": 6.016738904979767, "si_sdr": 13.893790415246972, "si_sdri": 7.8770515102672025, "best_si_sdri": 7.908124587921473}
{"event": "progress", "epoch": 96, "step": 0, "loss": -14.94091730062934, "seconds": 18830}
{"event": "progress", "epoch": 96, "step": 50, "loss": -14.983137791084824, "seconds": 18841}
{"event": "progress", "epoch": 96, "step": 100, "loss": -18.479299359651435, "seconds": 18852}
{"event": "progress", "epoch": 96, "step": 150, "loss": -12.226102234884383, "seconds": 18863}
{"event": "progress", "epoch": 96, "step": 200, "loss": -16.53867694530304, "seconds": 18873}
{"event": "progress", "epoch": 96, "step": 250, "loss": -15.528454582785402, "seconds": 18884}
{"event": "progress", "epoch": 96, "step": 300, "loss": -18.075568677663327, "seconds": 18895}
{"event": "progress", "epoch": 96, "step": 350, "loss": -17.188236760161033, "seconds": 18906}
{"event": "progress", "epoch": 96, "step": 400, "loss": -14.704115206939058, "seconds": 18917}
{"event": "progress", "epoch": 96, "step": 450, "loss": -14.562951175302183, "seconds": 18928}
{"event": "progress", "epoch": 96, "step": 500, "loss": -14.02776796375585, "seconds": 18939}
{"event": "progress", "epoch": 96, "step": 550, "loss": -11.823724256901041, "seconds": 18950}
{"event": "progress", "epoch": 96, "step": 600, "loss": -16.759340699470542, "seconds": 18961}
{"event": "progress", "epoch": 96, "step": 650, "loss": -14.788294200490615, "seconds": 18972}
{"event": "progress", "epoch": 96, "step": 700, "loss": -15.736662481739128, "seconds": 18983}
{"event": "progress", "epoch": 96, "step": 750, "loss": -14.224997336886073, "seconds": 18994}
{"event": "progress", "epoch": 96, "step": 800, "loss": -14.501108622594714, "seconds": 19005}
{"event": "progress", "epoch": 96, "step": 850, "loss": -16.78847456961334, "seconds": 19016}
{"event": "progress", "epoch": 96, "step": 900, "loss": -6.784684141644384, "seconds": 19027}
{"event": "epoch", "epoch": 96, "phase": "float", "loss": -15.284612315528829, "seconds": 200.13482784000007, "elapsed_seconds": 19029.345186095, "learning_rate": 1e-05, "utterances": 770, "total_utterances": 770, "invalid_utterances": 0, "noisy_si_sdr": 6.016738904979767, "si_sdr": 13.905201642502856, "si_sdri": 7.888462737523087, "best_si_sdri": 7.908124587921473}
{"event": "progress", "epoch": 97, "step": 0, "loss": -12.26183552574421, "seconds": 19030}
{"event": "progress", "epoch": 97, "step": 50, "loss": -18.07647520429405, "seconds": 19041}
{"event": "progress", "epoch": 97, "step": 100, "loss": -15.79014529141997, "seconds": 19052}
{"event": "progress", "epoch": 97, "step": 150, "loss": -15.826907744326576, "seconds": 19063}
{"event": "progress", "epoch": 97, "step": 200, "loss": -14.195234594215567, "seconds": 19073}
{"event": "progress", "epoch": 97, "step": 250, "loss": -15.951745979917181, "seconds": 19084}
{"event": "progress", "epoch": 97, "step": 300, "loss": -16.010342809994274, "seconds": 19095}
{"event": "progress", "epoch": 97, "step": 350, "loss": -13.386926643421228, "seconds": 19106}
{"event": "progress", "epoch": 97, "step": 400, "loss": -12.547795218209252, "seconds": 19117}
{"event": "progress", "epoch": 97, "step": 450, "loss": -15.877711581370919, "seconds": 19128}
{"event": "progress", "epoch": 97, "step": 500, "loss": -16.398176953069644, "seconds": 19139}
{"event": "progress", "epoch": 97, "step": 550, "loss": -19.55927722821267, "seconds": 19150}
{"event": "progress", "epoch": 97, "step": 600, "loss": -13.451574562809379, "seconds": 19161}
{"event": "progress", "epoch": 97, "step": 650, "loss": -17.732072323329557, "seconds": 19173}
{"event": "progress", "epoch": 97, "step": 700, "loss": -14.810976444072313, "seconds": 19183}
{"event": "progress", "epoch": 97, "step": 750, "loss": -15.78758221509139, "seconds": 19194}
{"event": "progress", "epoch": 97, "step": 800, "loss": -18.904488887102296, "seconds": 19205}
{"event": "progress", "epoch": 97, "step": 850, "loss": -20.27309521489127, "seconds": 19216}
{"event": "progress", "epoch": 97, "step": 900, "loss": -20.904491071180704, "seconds": 19227}
{"event": "epoch", "epoch": 97, "phase": "float", "loss": -15.294071079584922, "seconds": 200.3590452890021, "elapsed_seconds": 19229.758467481, "learning_rate": 1e-05, "utterances": 770, "total_utterances": 770, "invalid_utterances": 0, "noisy_si_sdr": 6.016738904979767, "si_sdr": 13.897066317919364, "si_sdri": 7.880327412939597, "best_si_sdri": 7.908124587921473}
{"event": "progress", "epoch": 98, "step": 0, "loss": -13.687914063252487, "seconds": 19230}
{"event": "progress", "epoch": 98, "step": 50, "loss": -14.708370261432567, "seconds": 19241}
{"event": "progress", "epoch": 98, "step": 100, "loss": -14.22341637809464, "seconds": 19252}
{"event": "progress", "epoch": 98, "step": 150, "loss": -16.821560297713745, "seconds": 19264}
{"event": "progress", "epoch": 98, "step": 200, "loss": -16.158620310389264, "seconds": 19274}
{"event": "progress", "epoch": 98, "step": 250, "loss": -18.25020302740058, "seconds": 19285}
{"event": "progress", "epoch": 98, "step": 300, "loss": -14.984595609198573, "seconds": 19296}
{"event": "progress", "epoch": 98, "step": 350, "loss": -13.977192435330467, "seconds": 19307}
{"event": "progress", "epoch": 98, "step": 400, "loss": -13.035817087227896, "seconds": 19318}
{"event": "progress", "epoch": 98, "step": 450, "loss": -13.96804247284044, "seconds": 19329}
{"event": "progress", "epoch": 98, "step": 500, "loss": -16.90418727720462, "seconds": 19340}
{"event": "progress", "epoch": 98, "step": 550, "loss": -14.39148966713166, "seconds": 19351}
{"event": "progress", "epoch": 98, "step": 600, "loss": -13.320901409973647, "seconds": 19362}
{"event": "progress", "epoch": 98, "step": 650, "loss": -16.954055931164053, "seconds": 19373}
{"event": "progress", "epoch": 98, "step": 700, "loss": -12.52142145881221, "seconds": 19384}
{"event": "progress", "epoch": 98, "step": 750, "loss": -15.412684763473276, "seconds": 19395}
{"event": "progress", "epoch": 98, "step": 800, "loss": -14.782184167760821, "seconds": 19406}
{"event": "progress", "epoch": 98, "step": 850, "loss": -13.713198475207697, "seconds": 19417}
{"event": "progress", "epoch": 98, "step": 900, "loss": -12.354047415710179, "seconds": 19428}
{"event": "epoch", "epoch": 98, "phase": "float", "loss": -15.236064617615142, "seconds": 200.84725581100065, "elapsed_seconds": 19430.659917021, "learning_rate": 1e-05, "utterances": 770, "total_utterances": 770, "invalid_utterances": 0, "noisy_si_sdr": 6.016738904979767, "si_sdr": 13.92933034147872, "si_sdri": 7.9125914364989525, "best_si_sdri": 7.9125914364989525}
{"event": "progress", "epoch": 99, "step": 0, "loss": -13.890126228073335, "seconds": 19431}
{"event": "progress", "epoch": 99, "step": 50, "loss": -17.90799610418214, "seconds": 19442}
{"event": "progress", "epoch": 99, "step": 100, "loss": -18.14058859174195, "seconds": 19453}
{"event": "progress", "epoch": 99, "step": 150, "loss": -15.480723479856053, "seconds": 19464}
{"event": "progress", "epoch": 99, "step": 200, "loss": -13.405085138227506, "seconds": 19475}
{"event": "progress", "epoch": 99, "step": 250, "loss": -14.597874667809634, "seconds": 19486}
{"event": "progress", "epoch": 99, "step": 300, "loss": -15.306202785484745, "seconds": 19497}
{"event": "progress", "epoch": 99, "step": 350, "loss": -16.17587135245919, "seconds": 19508}
{"event": "progress", "epoch": 99, "step": 400, "loss": -15.87272109249252, "seconds": 19519}
{"event": "progress", "epoch": 99, "step": 450, "loss": -15.429381718864978, "seconds": 19530}
{"event": "progress", "epoch": 99, "step": 500, "loss": -14.00470778039128, "seconds": 19541}
{"event": "progress", "epoch": 99, "step": 550, "loss": -18.453016745923186, "seconds": 19552}
{"event": "progress", "epoch": 99, "step": 600, "loss": -15.80159135766326, "seconds": 19563}
{"event": "progress", "epoch": 99, "step": 650, "loss": -13.470877895729757, "seconds": 19574}
{"event": "progress", "epoch": 99, "step": 700, "loss": -16.70540762859671, "seconds": 19585}
{"event": "progress", "epoch": 99, "step": 750, "loss": -17.18858166482055, "seconds": 19596}
{"event": "progress", "epoch": 99, "step": 800, "loss": -19.72528175991968, "seconds": 19607}
{"event": "progress", "epoch": 99, "step": 850, "loss": -16.47758775131349, "seconds": 19618}
{"event": "progress", "epoch": 99, "step": 900, "loss": -8.125854461085854, "seconds": 19629}
{"event": "epoch", "epoch": 99, "phase": "float", "loss": -15.30975486688692, "seconds": 200.29141105300005, "elapsed_seconds": 19631.104161629, "learning_rate": 1e-05, "utterances": 770, "total_utterances": 770, "invalid_utterances": 0, "noisy_si_sdr": 6.016738904979767, "si_sdr": 13.884045320444041, "si_sdri": 7.867306415464276, "best_si_sdri": 7.9125914364989525}
{"event": "progress", "epoch": 100, "step": 0, "loss": -14.411901538583178, "seconds": 19632}
{"event": "progress", "epoch": 100, "step": 50, "loss": -17.06795673160191, "seconds": 19643}
{"event": "progress", "epoch": 100, "step": 100, "loss": -14.85325516147532, "seconds": 19654}
{"event": "progress", "epoch": 100, "step": 150, "loss": -14.872506485695325, "seconds": 19665}
{"event": "progress", "epoch": 100, "step": 200, "loss": -12.665431642568883, "seconds": 19675}
{"event": "progress", "epoch": 100, "step": 250, "loss": -14.59159091069965, "seconds": 19686}
{"event": "progress", "epoch": 100, "step": 300, "loss": -14.060623031221775, "seconds": 19697}
{"event": "progress", "epoch": 100, "step": 350, "loss": -15.940967691231638, "seconds": 19708}
{"event": "progress", "epoch": 100, "step": 400, "loss": -14.934478689920207, "seconds": 19719}
{"event": "progress", "epoch": 100, "step": 450, "loss": -12.784747691488315, "seconds": 19730}
{"event": "progress", "epoch": 100, "step": 500, "loss": -12.873265815442679, "seconds": 19741}
{"event": "progress", "epoch": 100, "step": 550, "loss": -16.99693257249768, "seconds": 19752}
{"event": "progress", "epoch": 100, "step": 600, "loss": -12.819583805290037, "seconds": 19763}
{"event": "progress", "epoch": 100, "step": 650, "loss": -14.854560508793037, "seconds": 19774}
{"event": "progress", "epoch": 100, "step": 700, "loss": -18.84205623324623, "seconds": 19785}
{"event": "progress", "epoch": 100, "step": 750, "loss": -14.23058269414174, "seconds": 19796}
{"event": "progress", "epoch": 100, "step": 800, "loss": -15.944473480363394, "seconds": 19807}
{"event": "progress", "epoch": 100, "step": 850, "loss": -15.873731317735224, "seconds": 19818}
{"event": "progress", "epoch": 100, "step": 900, "loss": -14.269656919391256, "seconds": 19829}
{"event": "epoch", "epoch": 100, "phase": "float", "loss": -15.29660001733975, "seconds": 200.2020345969977, "elapsed_seconds": 19831.375816036, "learning_rate": 1e-05, "utterances": 770, "total_utterances": 770, "invalid_utterances": 0, "noisy_si_sdr": 6.016738904979767, "si_sdr": 13.91897908466134, "si_sdri": 7.902240179681571, "best_si_sdri": 7.9125914364989525}
{"event": "progress", "epoch": 101, "step": 0, "loss": -12.73471485707599, "seconds": 19832}
{"event": "progress", "epoch": 101, "step": 50, "loss": -13.9317918057702, "seconds": 19843}
{"event": "progress", "epoch": 101, "step": 100, "loss": -14.622503081386121, "seconds": 19854}
{"event": "progress", "epoch": 101, "step": 150, "loss": -16.556248069472105, "seconds": 19866}
{"event": "progress", "epoch": 101, "step": 200, "loss": -14.44544086303091, "seconds": 19876}
{"event": "progress", "epoch": 101, "step": 250, "loss": -16.83287015251605, "seconds": 19887}
{"event": "progress", "epoch": 101, "step": 300, "loss": -15.777279975284973, "seconds": 19898}
{"event": "progress", "epoch": 101, "step": 350, "loss": -12.449174245066567, "seconds": 19909}
{"event": "progress", "epoch": 101, "step": 400, "loss": -16.7170054802009, "seconds": 19920}
{"event": "progress", "epoch": 101, "step": 450, "loss": -17.689413618594987, "seconds": 19931}
{"event": "progress", "epoch": 101, "step": 500, "loss": -16.472382880376543, "seconds": 19942}
{"event": "progress", "epoch": 101, "step": 550, "loss": -13.875560885638416, "seconds": 19953}
{"event": "progress", "epoch": 101, "step": 600, "loss": -14.429548335572012, "seconds": 19964}
{"event": "progress", "epoch": 101, "step": 650, "loss": -16.276857213098356, "seconds": 19975}
{"event": "progress", "epoch": 101, "step": 700, "loss": -15.821779549303443, "seconds": 19986}
{"event": "progress", "epoch": 101, "step": 750, "loss": -14.284317098397533, "seconds": 19997}
{"event": "progress", "epoch": 101, "step": 800, "loss": -14.116408941509548, "seconds": 20008}
{"event": "progress", "epoch": 101, "step": 850, "loss": -14.731271047848162, "seconds": 20019}
{"event": "progress", "epoch": 101, "step": 900, "loss": -13.948060598058618, "seconds": 20030}
{"event": "epoch", "epoch": 101, "phase": "float", "loss": -15.277652024847093, "seconds": 201.0203722719998, "elapsed_seconds": 20032.455173926, "learning_rate": 1e-05, "utterances": 770, "total_utterances": 770, "invalid_utterances": 0, "noisy_si_sdr": 6.016738904979767, "si_sdr": 13.879297963416343, "si_sdri": 7.862559058436577, "best_si_sdri": 7.9125914364989525}
{"event": "progress", "epoch": 102, "step": 0, "loss": -17.118892478576882, "seconds": 20033}
{"event": "progress", "epoch": 102, "step": 50, "loss": -16.314609834171613, "seconds": 20044}
{"event": "progress", "epoch": 102, "step": 100, "loss": -15.533446837936314, "seconds": 20055}
{"event": "progress", "epoch": 102, "step": 150, "loss": -17.066805510115916, "seconds": 20066}
{"event": "progress", "epoch": 102, "step": 200, "loss": -13.85970139547808, "seconds": 20076}
{"event": "progress", "epoch": 102, "step": 250, "loss": -13.884634130867454, "seconds": 20087}
{"event": "progress", "epoch": 102, "step": 300, "loss": -16.14287821980957, "seconds": 20098}
{"event": "progress", "epoch": 102, "step": 350, "loss": -16.46609236480949, "seconds": 20109}
{"event": "progress", "epoch": 102, "step": 400, "loss": -14.440901001341908, "seconds": 20120}
{"event": "progress", "epoch": 102, "step": 450, "loss": -17.35024045287596, "seconds": 20131}
{"event": "progress", "epoch": 102, "step": 500, "loss": -14.40950982726611, "seconds": 20142}
{"event": "progress", "epoch": 102, "step": 550, "loss": -12.95974075489965, "seconds": 20153}
{"event": "progress", "epoch": 102, "step": 600, "loss": -14.459026920309672, "seconds": 20164}
{"event": "progress", "epoch": 102, "step": 650, "loss": -19.024846940601257, "seconds": 20175}
{"event": "progress", "epoch": 102, "step": 700, "loss": -15.355265179749022, "seconds": 20186}
{"event": "progress", "epoch": 102, "step": 750, "loss": -14.147202548555587, "seconds": 20197}
{"event": "progress", "epoch": 102, "step": 800, "loss": -14.30026785058111, "seconds": 20208}
{"event": "progress", "epoch": 102, "step": 850, "loss": -16.11353559977124, "seconds": 20219}
{"event": "progress", "epoch": 102, "step": 900, "loss": -10.354928223418014, "seconds": 20230}
{"event": "epoch", "epoch": 102, "phase": "float", "loss": -15.292249980590709, "seconds": 200.27105052000115, "elapsed_seconds": 20232.801390507, "learning_rate": 1e-05, "utterances": 770, "total_utterances": 770, "invalid_utterances": 0, "noisy_si_sdr": 6.016738904979767, "si_sdr": 13.92730109437188, "si_sdri": 7.910562189392111, "best_si_sdri": 7.9125914364989525}
{"event": "progress", "epoch": 103, "step": 0, "loss": -15.0832916712567, "seconds": 20233}
{"event": "progress", "epoch": 103, "step": 50, "loss": -14.046882873636882, "seconds": 20244}
{"event": "progress", "epoch": 103, "step": 100, "loss": -15.50015481381385, "seconds": 20255}
{"event": "progress", "epoch": 103, "step": 150, "loss": -13.626363766376148, "seconds": 20266}
{"event": "progress", "epoch": 103, "step": 200, "loss": -15.722143623280903, "seconds": 20277}
{"event": "progress", "epoch": 103, "step": 250, "loss": -17.847889541098198, "seconds": 20288}
{"event": "progress", "epoch": 103, "step": 300, "loss": -13.563802881952952, "seconds": 20299}
{"event": "progress", "epoch": 103, "step": 350, "loss": -14.142420636338443, "seconds": 20310}
{"event": "progress", "epoch": 103, "step": 400, "loss": -15.549280395027688, "seconds": 20321}
{"event": "progress", "epoch": 103, "step": 450, "loss": -13.762032429653992, "seconds": 20332}
{"event": "progress", "epoch": 103, "step": 500, "loss": -15.124405017779461, "seconds": 20343}
{"event": "progress", "epoch": 103, "step": 550, "loss": -17.485739274502837, "seconds": 20354}
{"event": "progress", "epoch": 103, "step": 600, "loss": -15.859302681386158, "seconds": 20365}
{"event": "progress", "epoch": 103, "step": 650, "loss": -15.745287536057356, "seconds": 20376}
{"event": "progress", "epoch": 103, "step": 700, "loss": -15.808708621590009, "seconds": 20387}
{"event": "progress", "epoch": 103, "step": 750, "loss": -18.392935697022608, "seconds": 20398}
{"event": "progress", "epoch": 103, "step": 800, "loss": -14.805528249064944, "seconds": 20409}
{"event": "progress", "epoch": 103, "step": 850, "loss": -13.02923354834812, "seconds": 20420}
{"event": "progress", "epoch": 103, "step": 900, "loss": -11.453540664795268, "seconds": 20431}
{"event": "epoch", "epoch": 103, "phase": "float", "loss": -15.256907726579476, "seconds": 200.19907701000193, "elapsed_seconds": 20433.054295449, "learning_rate": 1e-05, "utterances": 770, "total_utterances": 770, "invalid_utterances": 0, "noisy_si_sdr": 6.016738904979767, "si_sdr": 13.862252481986335, "si_sdri": 7.8455135770065665, "best_si_sdri": 7.9125914364989525}
{"event": "progress", "epoch": 104, "step": 0, "loss": -12.31764766810615, "seconds": 20434}
{"event": "progress", "epoch": 104, "step": 50, "loss": -15.704190245533592, "seconds": 20445}
{"event": "progress", "epoch": 104, "step": 100, "loss": -12.811371913849857, "seconds": 20456}
{"event": "progress", "epoch": 104, "step": 150, "loss": -15.669130401590309, "seconds": 20467}
{"event": "progress", "epoch": 104, "step": 200, "loss": -17.131318661877607, "seconds": 20477}
{"event": "progress", "epoch": 104, "step": 250, "loss": -14.130395810836752, "seconds": 20488}
{"event": "progress", "epoch": 104, "step": 300, "loss": -15.42039022544201, "seconds": 20499}
{"event": "progress", "epoch": 104, "step": 350, "loss": -16.869345947889542, "seconds": 20510}
{"event": "progress", "epoch": 104, "step": 400, "loss": -14.558509304344287, "seconds": 20521}
{"event": "progress", "epoch": 104, "step": 450, "loss": -13.343000346260798, "seconds": 20532}
{"event": "progress", "epoch": 104, "step": 500, "loss": -16.979902475116138, "seconds": 20543}
{"event": "progress", "epoch": 104, "step": 550, "loss": -16.982459259767175, "seconds": 20554}
{"event": "progress", "epoch": 104, "step": 600, "loss": -16.308740696538166, "seconds": 20565}
{"event": "progress", "epoch": 104, "step": 650, "loss": -13.778541297881034, "seconds": 20576}
{"event": "progress", "epoch": 104, "step": 700, "loss": -16.764336883856515, "seconds": 20587}
{"event": "progress", "epoch": 104, "step": 750, "loss": -16.95520604992779, "seconds": 20598}
{"event": "progress", "epoch": 104, "step": 800, "loss": -16.939755079987677, "seconds": 20609}
{"event": "progress", "epoch": 104, "step": 850, "loss": -14.99181510280053, "seconds": 20620}
{"event": "progress", "epoch": 104, "step": 900, "loss": -12.336614202582256, "seconds": 20631}
{"event": "epoch", "epoch": 104, "phase": "float", "loss": -15.278602359895082, "seconds": 200.21100841699808, "elapsed_seconds": 20633.322630875, "learning_rate": 1e-05, "utterances": 770, "total_utterances": 770, "invalid_utterances": 0, "noisy_si_sdr": 6.016738904979767, "si_sdr": 13.892947144683124, "si_sdri": 7.876208239703357, "best_si_sdri": 7.9125914364989525}
{"event": "progress", "epoch": 105, "step": 0, "loss": -13.613994590964161, "seconds": 20634}
{"event": "progress", "epoch": 105, "step": 50, "loss": -16.29071657450264, "seconds": 20645}
{"event": "progress", "epoch": 105, "step": 100, "loss": -15.003739901079337, "seconds": 20656}
{"event": "progress", "epoch": 105, "step": 150, "loss": -16.724914160959738, "seconds": 20667}
{"event": "progress", "epoch": 105, "step": 200, "loss": -14.037490348952492, "seconds": 20677}
{"event": "progress", "epoch": 105, "step": 250, "loss": -14.692219681463659, "seconds": 20688}
{"event": "progress", "epoch": 105, "step": 300, "loss": -16.408022359497288, "seconds": 20699}
{"event": "progress", "epoch": 105, "step": 350, "loss": -14.24684955625737, "seconds": 20710}
{"event": "progress", "epoch": 105, "step": 400, "loss": -12.604339562886764, "seconds": 20721}
{"event": "progress", "epoch": 105, "step": 450, "loss": -12.778051378541196, "seconds": 20732}
{"event": "progress", "epoch": 105, "step": 500, "loss": -14.003052414552503, "seconds": 20743}
{"event": "progress", "epoch": 105, "step": 550, "loss": -13.21276882392128, "seconds": 20754}
{"event": "progress", "epoch": 105, "step": 600, "loss": -14.93133936668573, "seconds": 20765}
{"event": "progress", "epoch": 105, "step": 650, "loss": -14.670785459836148, "seconds": 20776}
{"event": "progress", "epoch": 105, "step": 700, "loss": -15.599842120029397, "seconds": 20787}
{"event": "progress", "epoch": 105, "step": 750, "loss": -16.627918828512396, "seconds": 20798}
{"event": "progress", "epoch": 105, "step": 800, "loss": -14.16845013452171, "seconds": 20809}
{"event": "progress", "epoch": 105, "step": 850, "loss": -16.714544148578348, "seconds": 20820}
{"event": "progress", "epoch": 105, "step": 900, "loss": -11.507150138996595, "seconds": 20831}
{"event": "epoch", "epoch": 105, "phase": "float", "loss": -15.275130055105928, "seconds": 199.94073952599865, "elapsed_seconds": 20833.317218591, "learning_rate": 1e-05, "utterances": 770, "total_utterances": 770, "invalid_utterances": 0, "noisy_si_sdr": 6.016738904979767, "si_sdr": 13.898453149909047, "si_sdri": 7.881714244929281, "best_si_sdri": 7.9125914364989525}
{"event": "progress", "epoch": 106, "step": 0, "loss": -14.014564934872839, "seconds": 20834}
{"event": "progress", "epoch": 106, "step": 50, "loss": -16.054453587380053, "seconds": 20845}
{"event": "progress", "epoch": 106, "step": 100, "loss": -15.32171008421794, "seconds": 20856}
{"event": "progress", "epoch": 106, "step": 150, "loss": -12.97727096379558, "seconds": 20867}
{"event": "progress", "epoch": 106, "step": 200, "loss": -13.94010387254622, "seconds": 20877}
{"event": "progress", "epoch": 106, "step": 250, "loss": -14.321735104984358, "seconds": 20888}
{"event": "progress", "epoch": 106, "step": 300, "loss": -19.50720681261463, "seconds": 20899}
{"event": "progress", "epoch": 106, "step": 350, "loss": -13.021197060232632, "seconds": 20910}
{"event": "progress", "epoch": 106, "step": 400, "loss": -17.716947237341255, "seconds": 20921}
{"event": "progress", "epoch": 106, "step": 450, "loss": -13.714491674970441, "seconds": 20932}
{"event": "progress", "epoch": 106, "step": 500, "loss": -19.79064980107113, "seconds": 20943}
{"event": "progress", "epoch": 106, "step": 550, "loss": -12.712117564990587, "seconds": 20954}
{"event": "progress", "epoch": 106, "step": 600, "loss": -17.716806177744594, "seconds": 20965}
{"event": "progress", "epoch": 106, "step": 650, "loss": -15.411692420285304, "seconds": 20976}
{"event": "progress", "epoch": 106, "step": 700, "loss": -14.845087713815106, "seconds": 20987}
{"event": "progress", "epoch": 106, "step": 750, "loss": -17.243401471172522, "seconds": 20998}
{"event": "progress", "epoch": 106, "step": 800, "loss": -12.15316014493585, "seconds": 21009}
{"event": "progress", "epoch": 106, "step": 850, "loss": -15.489042610609097, "seconds": 21020}
{"event": "progress", "epoch": 106, "step": 900, "loss": -17.648878463276546, "seconds": 21031}
{"event": "epoch", "epoch": 106, "phase": "float", "loss": -15.302067948831695, "seconds": 200.0744768250006, "elapsed_seconds": 21033.452204713, "learning_rate": 1e-05, "utterances": 770, "total_utterances": 770, "invalid_utterances": 0, "noisy_si_sdr": 6.016738904979767, "si_sdr": 13.887143285537444, "si_sdri": 7.870404380557677, "best_si_sdri": 7.9125914364989525}
{"event": "progress", "epoch": 107, "step": 0, "loss": -16.182625269871394, "seconds": 21034}
{"event": "progress", "epoch": 107, "step": 50, "loss": -15.322199123010842, "seconds": 21045}
{"event": "progress", "epoch": 107, "step": 100, "loss": -17.07858946958427, "seconds": 21056}
{"event": "progress", "epoch": 107, "step": 150, "loss": -15.263457647574834, "seconds": 21067}
{"event": "progress", "epoch": 107, "step": 200, "loss": -14.03849027073505, "seconds": 21077}
{"event": "progress", "epoch": 107, "step": 250, "loss": -19.73669470688227, "seconds": 21088}
{"event": "progress", "epoch": 107, "step": 300, "loss": -16.338239200342052, "seconds": 21099}
{"event": "progress", "epoch": 107, "step": 350, "loss": -11.9536790009782, "seconds": 21110}
{"event": "progress", "epoch": 107, "step": 400, "loss": -15.600683547992432, "seconds": 21121}
{"event": "progress", "epoch": 107, "step": 450, "loss": -14.806834216580956, "seconds": 21132}
{"event": "progress", "epoch": 107, "step": 500, "loss": -17.97823045141774, "seconds": 21143}
{"event": "progress", "epoch": 107, "step": 550, "loss": -12.521255260465546, "seconds": 21154}
{"event": "progress", "epoch": 107, "step": 600, "loss": -16.034046062369335, "seconds": 21165}
{"event": "progress", "epoch": 107, "step": 650, "loss": -15.260347870284917, "seconds": 21176}
{"event": "progress", "epoch": 107, "step": 700, "loss": -15.257216557568942, "seconds": 21187}
{"event": "progress", "epoch": 107, "step": 750, "loss": -15.260532217724634, "seconds": 21199}
{"event": "progress", "epoch": 107, "step": 800, "loss": -14.965286951822648, "seconds": 21209}
{"event": "progress", "epoch": 107, "step": 850, "loss": -16.989198314062563, "seconds": 21220}
{"event": "progress", "epoch": 107, "step": 900, "loss": -13.311725656338062, "seconds": 21231}
{"event": "epoch", "epoch": 107, "phase": "float", "loss": -15.325942372551204, "seconds": 200.21283465700253, "elapsed_seconds": 21233.719039394, "learning_rate": 1e-05, "utterances": 770, "total_utterances": 770, "invalid_utterances": 0, "noisy_si_sdr": 6.016738904979767, "si_sdr": 13.899263103173274, "si_sdri": 7.882524198193505, "best_si_sdri": 7.9125914364989525}
{"event": "progress", "epoch": 108, "step": 0, "loss": -13.085067024605038, "seconds": 21234}
{"event": "progress", "epoch": 108, "step": 50, "loss": -18.65884911833792, "seconds": 21245}
{"event": "progress", "epoch": 108, "step": 100, "loss": -14.640070479707777, "seconds": 21256}
{"event": "progress", "epoch": 108, "step": 150, "loss": -14.968582436043537, "seconds": 21267}
{"event": "progress", "epoch": 108, "step": 200, "loss": -13.886863908110527, "seconds": 21277}
{"event": "progress", "epoch": 108, "step": 250, "loss": -15.093781673401043, "seconds": 21289}
{"event": "progress", "epoch": 108, "step": 300, "loss": -18.25434004897031, "seconds": 21300}
{"event": "progress", "epoch": 108, "step": 350, "loss": -19.522799435233196, "seconds": 21311}
{"event": "progress", "epoch": 108, "step": 400, "loss": -14.201789791813306, "seconds": 21322}
{"event": "progress", "epoch": 108, "step": 450, "loss": -17.33470939324291, "seconds": 21333}
{"event": "progress", "epoch": 108, "step": 500, "loss": -14.335700754446737, "seconds": 21344}
{"event": "progress", "epoch": 108, "step": 550, "loss": -16.775738463162234, "seconds": 21355}
{"event": "progress", "epoch": 108, "step": 600, "loss": -16.98609761602194, "seconds": 21366}
{"event": "progress", "epoch": 108, "step": 650, "loss": -13.437358313638171, "seconds": 21377}
{"event": "progress", "epoch": 108, "step": 700, "loss": -13.851225556074827, "seconds": 21388}
{"event": "progress", "epoch": 108, "step": 750, "loss": -11.683176473695408, "seconds": 21399}
{"event": "progress", "epoch": 108, "step": 800, "loss": -17.02774956057224, "seconds": 21410}
{"event": "progress", "epoch": 108, "step": 850, "loss": -15.284820030257686, "seconds": 21421}
{"event": "progress", "epoch": 108, "step": 900, "loss": -12.056504475614709, "seconds": 21432}
{"event": "epoch", "epoch": 108, "phase": "float", "loss": -15.241425443466856, "seconds": 200.4539530330003, "elapsed_seconds": 21434.228889173, "learning_rate": 1e-05, "utterances": 770, "total_utterances": 770, "invalid_utterances": 0, "noisy_si_sdr": 6.016738904979767, "si_sdr": 13.92520388584456, "si_sdri": 7.908464980864796, "best_si_sdri": 7.9125914364989525}
{"event": "progress", "epoch": 109, "step": 0, "loss": -13.817526903070235, "seconds": 21435}
{"event": "progress", "epoch": 109, "step": 50, "loss": -15.740584533494442, "seconds": 21446}
{"event": "progress", "epoch": 109, "step": 100, "loss": -14.19647398240357, "seconds": 21457}
{"event": "progress", "epoch": 109, "step": 150, "loss": -15.618337969369259, "seconds": 21468}
{"event": "progress", "epoch": 109, "step": 200, "loss": -12.68720682814434, "seconds": 21478}
{"event": "progress", "epoch": 109, "step": 250, "loss": -17.921977505463307, "seconds": 21489}
{"event": "progress", "epoch": 109, "step": 300, "loss": -12.487548872356642, "seconds": 21500}
{"event": "progress", "epoch": 109, "step": 350, "loss": -17.494627075119674, "seconds": 21511}
{"event": "progress", "epoch": 109, "step": 400, "loss": -17.18554208487135, "seconds": 21522}
{"event": "progress", "epoch": 109, "step": 450, "loss": -16.60084355034324, "seconds": 21533}
{"event": "progress", "epoch": 109, "step": 500, "loss": -17.07908096756394, "seconds": 21544}
{"event": "progress", "epoch": 109, "step": 550, "loss": -16.828163986518245, "seconds": 21555}
{"event": "progress", "epoch": 109, "step": 600, "loss": -18.695937316469394, "seconds": 21566}
{"event": "progress", "epoch": 109, "step": 650, "loss": -13.27409174282316, "seconds": 21577}
{"event": "progress", "epoch": 109, "step": 700, "loss": -16.823159838881555, "seconds": 21588}
{"event": "progress", "epoch": 109, "step": 750, "loss": -15.200459485970487, "seconds": 21599}
{"event": "progress", "epoch": 109, "step": 800, "loss": -14.999921569687716, "seconds": 21610}
{"event": "progress", "epoch": 109, "step": 850, "loss": -17.52201312810438, "seconds": 21621}
{"event": "progress", "epoch": 109, "step": 900, "loss": -12.13674684681003, "seconds": 21632}
{"event": "epoch", "epoch": 109, "phase": "float", "loss": -15.233366492316495, "seconds": 200.08282483900257, "elapsed_seconds": 21634.366992283, "learning_rate": 1e-05, "utterances": 770, "total_utterances": 770, "invalid_utterances": 0, "noisy_si_sdr": 6.016738904979767, "si_sdr": 13.926372313636683, "si_sdri": 7.909633408656914, "best_si_sdri": 7.9125914364989525}
{"event": "progress", "epoch": 110, "step": 0, "loss": -14.435258558880102, "seconds": 21635}
{"event": "progress", "epoch": 110, "step": 50, "loss": -13.203045051246068, "seconds": 21646}
{"event": "progress", "epoch": 110, "step": 100, "loss": -18.624507887486445, "seconds": 21657}
{"event": "progress", "epoch": 110, "step": 150, "loss": -17.138311064174218, "seconds": 21668}
{"event": "progress", "epoch": 110, "step": 200, "loss": -14.217499941045924, "seconds": 21678}
{"event": "progress", "epoch": 110, "step": 250, "loss": -13.777358207871838, "seconds": 21689}
{"event": "progress", "epoch": 110, "step": 300, "loss": -15.889464999559706, "seconds": 21700}
{"event": "progress", "epoch": 110, "step": 350, "loss": -17.512644302446404, "seconds": 21711}
{"event": "progress", "epoch": 110, "step": 400, "loss": -14.567607695337703, "seconds": 21722}
{"event": "progress", "epoch": 110, "step": 450, "loss": -14.049700305327619, "seconds": 21733}
{"event": "progress", "epoch": 110, "step": 500, "loss": -12.6080285191742, "seconds": 21744}
{"event": "progress", "epoch": 110, "step": 550, "loss": -12.607301397661129, "seconds": 21755}
{"event": "progress", "epoch": 110, "step": 600, "loss": -17.413283366103606, "seconds": 21766}
{"event": "progress", "epoch": 110, "step": 650, "loss": -15.313541751703127, "seconds": 21777}
{"event": "progress", "epoch": 110, "step": 700, "loss": -12.314467484175061, "seconds": 21788}
{"event": "progress", "epoch": 110, "step": 750, "loss": -13.503161307148407, "seconds": 21799}
{"event": "progress", "epoch": 110, "step": 800, "loss": -15.6291206274268, "seconds": 21810}
{"event": "progress", "epoch": 110, "step": 850, "loss": -13.847374427403134, "seconds": 21821}
{"event": "progress", "epoch": 110, "step": 900, "loss": -13.263610826910256, "seconds": 21832}
{"event": "epoch", "epoch": 110, "phase": "float", "loss": -15.319490184028156, "seconds": 200.41908046900062, "elapsed_seconds": 21834.843419699002, "learning_rate": 1e-05, "utterances": 770, "total_utterances": 770, "invalid_utterances": 0, "noisy_si_sdr": 6.016738904979767, "si_sdr": 13.912206110132486, "si_sdri": 7.895467205152716, "best_si_sdri": 7.9125914364989525}
{"event": "progress", "epoch": 111, "step": 0, "loss": -14.877973553648118, "seconds": 21835}
{"event": "progress", "epoch": 111, "step": 50, "loss": -15.512821633955525, "seconds": 21847}
{"event": "progress", "epoch": 111, "step": 100, "loss": -15.041944079409422, "seconds": 21858}
{"event": "progress", "epoch": 111, "step": 150, "loss": -13.417627502884898, "seconds": 21869}
{"event": "progress", "epoch": 111, "step": 200, "loss": -16.73499018455037, "seconds": 21879}
{"event": "progress", "epoch": 111, "step": 250, "loss": -14.684022731403036, "seconds": 21890}
{"event": "progress", "epoch": 111, "step": 300, "loss": -14.950348561320547, "seconds": 21901}
{"event": "progress", "epoch": 111, "step": 350, "loss": -14.296877973454656, "seconds": 21912}
{"event": "progress", "epoch": 111, "step": 400, "loss": -15.815875214953824, "seconds": 21923}
{"event": "progress", "epoch": 111, "step": 450, "loss": -15.740105628850609, "seconds": 21934}
{"event": "progress", "epoch": 111, "step": 500, "loss": -15.315059853825815, "seconds": 21945}
{"event": "progress", "epoch": 111, "step": 550, "loss": -14.415685399870435, "seconds": 21956}
{"event": "progress", "epoch": 111, "step": 600, "loss": -15.489030321325295, "seconds": 21967}
{"event": "progress", "epoch": 111, "step": 650, "loss": -15.070116613763625, "seconds": 21978}
{"event": "progress", "epoch": 111, "step": 700, "loss": -17.232656128892486, "seconds": 21989}
{"event": "progress", "epoch": 111, "step": 750, "loss": -16.357771085975784, "seconds": 22000}
{"event": "progress", "epoch": 111, "step": 800, "loss": -14.640788395052086, "seconds": 22011}
{"event": "progress", "epoch": 111, "step": 850, "loss": -13.71957830461945, "seconds": 22022}
{"event": "progress", "epoch": 111, "step": 900, "loss": -13.197171899195776, "seconds": 22033}
{"event": "epoch", "epoch": 111, "phase": "float", "loss": -15.315795187710938, "seconds": 200.84378243500032, "elapsed_seconds": 22035.741582198, "learning_rate": 1e-05, "utterances": 770, "total_utterances": 770, "invalid_utterances": 0, "noisy_si_sdr": 6.016738904979767, "si_sdr": 13.911983581790382, "si_sdri": 7.895244676810613, "best_si_sdri": 7.9125914364989525}
{"event": "progress", "epoch": 112, "step": 0, "loss": -19.727185652256914, "seconds": 22036}
{"event": "progress", "epoch": 112, "step": 50, "loss": -13.269195842325942, "seconds": 22047}
{"event": "progress", "epoch": 112, "step": 100, "loss": -12.802405217748552, "seconds": 22058}
{"event": "progress", "epoch": 112, "step": 150, "loss": -15.570362720146209, "seconds": 22069}
{"event": "progress", "epoch": 112, "step": 200, "loss": -16.794679971882637, "seconds": 22080}
{"event": "progress", "epoch": 112, "step": 250, "loss": -17.388023906132503, "seconds": 22091}
{"event": "progress", "epoch": 112, "step": 300, "loss": -14.837502788414925, "seconds": 22102}
{"event": "progress", "epoch": 112, "step": 350, "loss": -15.31573477667315, "seconds": 22113}
{"event": "progress", "epoch": 112, "step": 400, "loss": -15.82397858116284, "seconds": 22124}
{"event": "progress", "epoch": 112, "step": 450, "loss": -16.714600837864495, "seconds": 22135}
{"event": "progress", "epoch": 112, "step": 500, "loss": -13.262900311562541, "seconds": 22146}
{"event": "progress", "epoch": 112, "step": 550, "loss": -17.067024523446022, "seconds": 22157}
{"event": "progress", "epoch": 112, "step": 600, "loss": -14.602974606016426, "seconds": 22168}
{"event": "progress", "epoch": 112, "step": 650, "loss": -15.528617628157708, "seconds": 22179}
{"event": "progress", "epoch": 112, "step": 700, "loss": -15.224650924955322, "seconds": 22190}
{"event": "progress", "epoch": 112, "step": 750, "loss": -15.046823058872741, "seconds": 22201}
{"event": "progress", "epoch": 112, "step": 800, "loss": -14.566873995107608, "seconds": 22212}
{"event": "progress", "epoch": 112, "step": 850, "loss": -14.657523621501463, "seconds": 22223}
{"event": "progress", "epoch": 112, "step": 900, "loss": -14.223521035938422, "seconds": 22234}
{"event": "epoch", "epoch": 112, "phase": "float", "loss": -15.268575607934956, "seconds": 200.3028833870012, "elapsed_seconds": 22236.103990046002, "learning_rate": 1e-05, "utterances": 770, "total_utterances": 770, "invalid_utterances": 0, "noisy_si_sdr": 6.016738904979767, "si_sdr": 13.927866253485183, "si_sdri": 7.911127348505413, "best_si_sdri": 7.9125914364989525}
{"event": "progress", "epoch": 113, "step": 0, "loss": -12.81989733058179, "seconds": 22237}
{"event": "progress", "epoch": 113, "step": 50, "loss": -15.736656614753935, "seconds": 22248}
{"event": "progress", "epoch": 113, "step": 100, "loss": -16.05596364018746, "seconds": 22259}
{"event": "progress", "epoch": 113, "step": 150, "loss": -15.675889907993074, "seconds": 22270}
{"event": "progress", "epoch": 113, "step": 200, "loss": -13.83695141563073, "seconds": 22280}
{"event": "progress", "epoch": 113, "step": 250, "loss": -16.92317175747343, "seconds": 22291}
{"event": "progress", "epoch": 113, "step": 300, "loss": -16.21038038448664, "seconds": 22302}
{"event": "progress", "epoch": 113, "step": 350, "loss": -16.825834447746917, "seconds": 22313}
{"event": "progress", "epoch": 113, "step": 400, "loss": -14.041932430781227, "seconds": 22324}
{"event": "progress", "epoch": 113, "step": 450, "loss": -14.37734622265832, "seconds": 22335}
{"event": "progress", "epoch": 113, "step": 500, "loss": -14.150953478971525, "seconds": 22346}
{"event": "progress", "epoch": 113, "step": 550, "loss": -15.31027405964835, "seconds": 22357}
{"event": "progress", "epoch": 113, "step": 600, "loss": -17.079231118213904, "seconds": 22368}
{"event": "progress", "epoch": 113, "step": 650, "loss": -16.38366458818318, "seconds": 22379}
{"event": "progress", "epoch": 113, "step": 700, "loss": -14.453528651260502, "seconds": 22390}
{"event": "progress", "epoch": 113, "step": 750, "loss": -15.369792351426735, "seconds": 22401}
{"event": "progress", "epoch": 113, "step": 800, "loss": -16.606705681565785, "seconds": 22412}
{"event": "progress", "epoch": 113, "step": 850, "loss": -15.26358149338144, "seconds": 22423}
{"event": "progress", "epoch": 113, "step": 900, "loss": -14.8176824681006, "seconds": 22434}
{"event": "epoch", "epoch": 113, "phase": "float", "loss": -15.292853651302249, "seconds": 200.09848323199913, "elapsed_seconds": 22436.256244299002, "learning_rate": 1e-05, "utterances": 770, "total_utterances": 770, "invalid_utterances": 0, "noisy_si_sdr": 6.016738904979767, "si_sdr": 13.888240744589641, "si_sdri": 7.871501839609872, "best_si_sdri": 7.9125914364989525}
{"event": "progress", "epoch": 114, "step": 0, "loss": -16.88825666370588, "seconds": 22437}
{"event": "progress", "epoch": 114, "step": 50, "loss": -14.320426044893091, "seconds": 22448}
{"event": "progress", "epoch": 114, "step": 100, "loss": -15.568132068170641, "seconds": 22459}
{"event": "progress", "epoch": 114, "step": 150, "loss": -15.700101396450396, "seconds": 22470}
{"event": "progress", "epoch": 114, "step": 200, "loss": -15.621446156252674, "seconds": 22480}
{"event": "progress", "epoch": 114, "step": 250, "loss": -15.210709057159846, "seconds": 22491}
{"event": "progress", "epoch": 114, "step": 300, "loss": -13.43369572778739, "seconds": 22502}
{"event": "progress", "epoch": 114, "step": 350, "loss": -15.219386666701121, "seconds": 22513}
{"event": "progress", "epoch": 114, "step": 400, "loss": -15.148287014685828, "seconds": 22524}
{"event": "progress", "epoch": 114, "step": 450, "loss": -15.50391540537074, "seconds": 22535}
{"event": "progress", "epoch": 114, "step": 500, "loss": -14.684174520442777, "seconds": 22546}
{"event": "progress", "epoch": 114, "step": 550, "loss": -16.199973634033135, "seconds": 22557}
{"event": "progress", "epoch": 114, "step": 600, "loss": -13.758896762232698, "seconds": 22568}
{"event": "progress", "epoch": 114, "step": 650, "loss": -16.8360288520003, "seconds": 22579}
{"event": "progress", "epoch": 114, "step": 700, "loss": -13.69146962089361, "seconds": 22590}
{"event": "progress", "epoch": 114, "step": 750, "loss": -12.503641240727706, "seconds": 22601}
{"event": "progress", "epoch": 114, "step": 800, "loss": -16.251194805090307, "seconds": 22612}
{"event": "progress", "epoch": 114, "step": 850, "loss": -14.472962686269641, "seconds": 22623}
{"event": "progress", "epoch": 114, "step": 900, "loss": -15.810769350116955, "seconds": 22634}
{"event": "epoch", "epoch": 114, "phase": "float", "loss": -15.29183648499215, "seconds": 200.23257864100015, "elapsed_seconds": 22636.545262713, "learning_rate": 1e-05, "utterances": 770, "total_utterances": 770, "invalid_utterances": 0, "noisy_si_sdr": 6.016738904979767, "si_sdr": 13.911128944501044, "si_sdri": 7.894390039521277, "best_si_sdri": 7.9125914364989525}
{"event": "progress", "epoch": 115, "step": 0, "loss": -14.446951148363514, "seconds": 22637}
{"event": "progress", "epoch": 115, "step": 50, "loss": -17.891364245231333, "seconds": 22648}
{"event": "progress", "epoch": 115, "step": 100, "loss": -16.442921614072493, "seconds": 22659}
{"event": "progress", "epoch": 115, "step": 150, "loss": -15.462755161295416, "seconds": 22670}
{"event": "progress", "epoch": 115, "step": 200, "loss": -13.84419024565559, "seconds": 22680}
{"event": "progress", "epoch": 115, "step": 250, "loss": -14.583992401915461, "seconds": 22691}
{"event": "progress", "epoch": 115, "step": 300, "loss": -16.538439818835833, "seconds": 22702}
{"event": "progress", "epoch": 115, "step": 350, "loss": -14.36257294978274, "seconds": 22713}
{"event": "progress", "epoch": 115, "step": 400, "loss": -15.068812441216318, "seconds": 22724}
{"event": "progress", "epoch": 115, "step": 450, "loss": -15.011825234036467, "seconds": 22735}
{"event": "progress", "epoch": 115, "step": 500, "loss": -14.364668280255028, "seconds": 22746}
{"event": "progress", "epoch": 115, "step": 550, "loss": -16.204561538904883, "seconds": 22757}
{"event": "progress", "epoch": 115, "step": 600, "loss": -13.269546610693013, "seconds": 22768}
{"event": "progress", "epoch": 115, "step": 650, "loss": -13.149184025771854, "seconds": 22779}
{"event": "progress", "epoch": 115, "step": 700, "loss": -17.441588805599352, "seconds": 22790}
{"event": "progress", "epoch": 115, "step": 750, "loss": -14.166449044650031, "seconds": 22801}
{"event": "progress", "epoch": 115, "step": 800, "loss": -15.17267993457572, "seconds": 22812}
{"event": "progress", "epoch": 115, "step": 850, "loss": -10.482993015089786, "seconds": 22823}
{"event": "progress", "epoch": 115, "step": 900, "loss": -11.741015776054532, "seconds": 22834}
{"event": "epoch", "epoch": 115, "phase": "float", "loss": -15.284431274348862, "seconds": 199.93567405900103, "elapsed_seconds": 22836.556001317, "learning_rate": 1e-05, "utterances": 770, "total_utterances": 770, "invalid_utterances": 0, "noisy_si_sdr": 6.016738904979767, "si_sdr": 13.8897497031661, "si_sdri": 7.873010798186332, "best_si_sdri": 7.9125914364989525}
{"event": "progress", "epoch": 116, "step": 0, "loss": -14.307682248433125, "seconds": 22837}
{"event": "progress", "epoch": 116, "step": 50, "loss": -13.735629168125335, "seconds": 22848}
{"event": "progress", "epoch": 116, "step": 100, "loss": -14.250097019647178, "seconds": 22859}
{"event": "progress", "epoch": 116, "step": 150, "loss": -14.562828765438297, "seconds": 22870}
{"event": "progress", "epoch": 116, "step": 200, "loss": -17.945076604982688, "seconds": 22880}
{"event": "progress", "epoch": 116, "step": 250, "loss": -14.65544056321047, "seconds": 22891}
{"event": "progress", "epoch": 116, "step": 300, "loss": -17.991461234034922, "seconds": 22902}
{"event": "progress", "epoch": 116, "step": 350, "loss": -14.397653206026428, "seconds": 22913}
{"event": "progress", "epoch": 116, "step": 400, "loss": -14.227446043299636, "seconds": 22924}
{"event": "progress", "epoch": 116, "step": 450, "loss": -14.208963746500453, "seconds": 22935}
{"event": "progress", "epoch": 116, "step": 500, "loss": -14.335483759939958, "seconds": 22946}
{"event": "progress", "epoch": 116, "step": 550, "loss": -16.159151661070943, "seconds": 22957}
{"event": "progress", "epoch": 116, "step": 600, "loss": -19.05395374230053, "seconds": 22969}
{"event": "progress", "epoch": 116, "step": 650, "loss": -13.753837899641136, "seconds": 22980}
{"event": "progress", "epoch": 116, "step": 700, "loss": -17.025521910732895, "seconds": 22990}
{"event": "progress", "epoch": 116, "step": 750, "loss": -14.578946571054669, "seconds": 23002}
{"event": "progress", "epoch": 116, "step": 800, "loss": -13.420642245806945, "seconds": 23013}
{"event": "progress", "epoch": 116, "step": 850, "loss": -18.58782695995673, "seconds": 23024}
{"event": "progress", "epoch": 116, "step": 900, "loss": -21.02937376095398, "seconds": 23034}
{"event": "epoch", "epoch": 116, "phase": "float", "loss": -15.335164174934889, "seconds": 200.20860944400192, "elapsed_seconds": 23036.820160738, "learning_rate": 1e-05, "utterances": 770, "total_utterances": 770, "invalid_utterances": 0, "noisy_si_sdr": 6.016738904979767, "si_sdr": 13.888781275329364, "si_sdri": 7.872042370349598, "best_si_sdri": 7.9125914364989525}
{"event": "progress", "epoch": 117, "step": 0, "loss": -14.095978944112066, "seconds": 23037}
{"event": "progress", "epoch": 117, "step": 50, "loss": -17.17380026970715, "seconds": 23048}
{"event": "progress", "epoch": 117, "step": 100, "loss": -15.559979612896768, "seconds": 23059}
{"event": "progress", "epoch": 117, "step": 150, "loss": -18.90592600148711, "seconds": 23070}
{"event": "progress", "epoch": 117, "step": 200, "loss": -15.465236323249172, "seconds": 23079}
{"event": "progress", "epoch": 117, "step": 250, "loss": -16.89347504462441, "seconds": 23090}
{"event": "progress", "epoch": 117, "step": 300, "loss": -15.863848908865396, "seconds": 23100}
{"event": "progress", "epoch": 117, "step": 350, "loss": -16.968282663081375, "seconds": 23111}
{"event": "progress", "epoch": 117, "step": 400, "loss": -14.496246232071769, "seconds": 23121}
{"event": "progress", "epoch": 117, "step": 450, "loss": -17.187219606540015, "seconds": 23132}
{"event": "progress", "epoch": 117, "step": 500, "loss": -14.747809112746731, "seconds": 23142}
{"event": "progress", "epoch": 117, "step": 550, "loss": -15.331082092496207, "seconds": 23153}
{"event": "progress", "epoch": 117, "step": 600, "loss": -16.670931510053343, "seconds": 23163}
{"event": "progress", "epoch": 117, "step": 650, "loss": -13.303372716293214, "seconds": 23174}
{"event": "progress", "epoch": 117, "step": 700, "loss": -15.568464204064393, "seconds": 23184}
{"event": "progress", "epoch": 117, "step": 750, "loss": -16.015837085138262, "seconds": 23195}
{"event": "progress", "epoch": 117, "step": 800, "loss": -17.3937059509325, "seconds": 23206}
{"event": "progress", "epoch": 117, "step": 850, "loss": -15.987314472289196, "seconds": 23216}
{"event": "progress", "epoch": 117, "step": 900, "loss": -16.2924693212689, "seconds": 23226}
{"event": "epoch", "epoch": 117, "phase": "float", "loss": -15.377205730995614, "seconds": 191.8225335169991, "elapsed_seconds": 23228.698511994, "learning_rate": 1e-05, "utterances": 770, "total_utterances": 770, "invalid_utterances": 0, "noisy_si_sdr": 6.016738904979767, "si_sdr": 13.87218111137546, "si_sdri": 7.85544220639569, "best_si_sdri": 7.9125914364989525}
{"event": "progress", "epoch": 118, "step": 0, "loss": -14.15087083553719, "seconds": 23229}
{"event": "progress", "epoch": 118, "step": 50, "loss": -16.04582464370977, "seconds": 23240}
{"event": "progress", "epoch": 118, "step": 100, "loss": -14.718063049250674, "seconds": 23250}
{"event": "progress", "epoch": 118, "step": 150, "loss": -15.272939416697728, "seconds": 23261}
{"event": "progress", "epoch": 118, "step": 200, "loss": -14.001408471675376, "seconds": 23270}
{"event": "progress", "epoch": 118, "step": 250, "loss": -13.037473798788458, "seconds": 23281}
{"event": "progress", "epoch": 118, "step": 300, "loss": -14.805995594034897, "seconds": 23292}
{"event": "progress", "epoch": 118, "step": 350, "loss": -15.814628025718747, "seconds": 23302}
{"event": "progress", "epoch": 118, "step": 400, "loss": -15.493311899383958, "seconds": 23313}
{"event": "progress", "epoch": 118, "step": 450, "loss": -15.301299013017031, "seconds": 23323}
{"event": "progress", "epoch": 118, "step": 500, "loss": -16.112472691120274, "seconds": 23334}
{"event": "progress", "epoch": 118, "step": 550, "loss": -14.078052722124553, "seconds": 23344}
{"event": "progress", "epoch": 118, "step": 600, "loss": -12.83755361658439, "seconds": 23355}
{"event": "progress", "epoch": 118, "step": 650, "loss": -15.774467086444883, "seconds": 23365}
{"event": "progress", "epoch": 118, "step": 700, "loss": -13.066142143182285, "seconds": 23376}
{"event": "progress", "epoch": 118, "step": 750, "loss": -14.449663283804663, "seconds": 23386}
{"event": "progress", "epoch": 118, "step": 800, "loss": -15.440528424689163, "seconds": 23397}
{"event": "progress", "epoch": 118, "step": 850, "loss": -14.232018033159378, "seconds": 23407}
{"event": "progress", "epoch": 118, "step": 900, "loss": -13.640687687245006, "seconds": 23418}
{"event": "epoch", "epoch": 118, "phase": "float", "loss": -15.301118923557677, "seconds": 191.20835718499802, "elapsed_seconds": 23419.97653528, "learning_rate": 1e-05, "utterances": 770, "total_utterances": 770, "invalid_utterances": 0, "noisy_si_sdr": 6.016738904979767, "si_sdr": 13.913851110890018, "si_sdri": 7.897112205910249, "best_si_sdri": 7.9125914364989525}
{"event": "progress", "epoch": 119, "step": 0, "loss": -15.794347334963428, "seconds": 23420}
{"event": "progress", "epoch": 119, "step": 50, "loss": -13.045058338479894, "seconds": 23431}
{"event": "progress", "epoch": 119, "step": 100, "loss": -13.852295939171244, "seconds": 23441}
{"event": "progress", "epoch": 119, "step": 150, "loss": -14.772197938567093, "seconds": 23452}
{"event": "progress", "epoch": 119, "step": 200, "loss": -13.71617579232688, "seconds": 23462}
{"event": "progress", "epoch": 119, "step": 250, "loss": -13.752931836108544, "seconds": 23472}
{"event": "progress", "epoch": 119, "step": 300, "loss": -13.305482126629194, "seconds": 23483}
{"event": "progress", "epoch": 119, "step": 350, "loss": -15.511258534308137, "seconds": 23493}
{"event": "progress", "epoch": 119, "step": 400, "loss": -18.08593960185623, "seconds": 23504}
{"event": "progress", "epoch": 119, "step": 450, "loss": -15.06580054514143, "seconds": 23514}
{"event": "progress", "epoch": 119, "step": 500, "loss": -17.844495402535046, "seconds": 23525}
{"event": "progress", "epoch": 119, "step": 550, "loss": -17.181892416055607, "seconds": 23535}
{"event": "progress", "epoch": 119, "step": 600, "loss": -13.066635687583585, "seconds": 23546}
{"event": "progress", "epoch": 119, "step": 650, "loss": -15.3579650228878, "seconds": 23556}
{"event": "progress", "epoch": 119, "step": 700, "loss": -15.243651780061862, "seconds": 23567}
{"event": "progress", "epoch": 119, "step": 750, "loss": -15.643322652602905, "seconds": 23577}
{"event": "progress", "epoch": 119, "step": 800, "loss": -18.066838761678387, "seconds": 23588}
{"event": "progress", "epoch": 119, "step": 850, "loss": -13.517617758691815, "seconds": 23598}
{"event": "progress", "epoch": 119, "step": 900, "loss": -14.495268042891661, "seconds": 23609}
{"event": "epoch", "epoch": 119, "phase": "float", "loss": -15.383490520514478, "seconds": 190.96407228599855, "elapsed_seconds": 23610.994929864, "learning_rate": 1e-05, "utterances": 770, "total_utterances": 770, "invalid_utterances": 0, "noisy_si_sdr": 6.016738904979767, "si_sdr": 13.943066924291754, "si_sdri": 7.926328019311986, "best_si_sdri": 7.926328019311986}
{"event": "progress", "epoch": 120, "step": 0, "loss": -18.384842638009435, "seconds": 23612}
{"event": "progress", "epoch": 120, "step": 50, "loss": -16.028374814759516, "seconds": 23622}
{"event": "progress", "epoch": 120, "step": 100, "loss": -14.948991221419213, "seconds": 23633}
{"event": "progress", "epoch": 120, "step": 150, "loss": -14.50277377128942, "seconds": 23643}
{"event": "progress", "epoch": 120, "step": 200, "loss": -15.692042452650256, "seconds": 23653}
{"event": "progress", "epoch": 120, "step": 250, "loss": -14.484876837316623, "seconds": 23664}
{"event": "progress", "epoch": 120, "step": 300, "loss": -16.277279041784254, "seconds": 23674}
{"event": "progress", "epoch": 120, "step": 350, "loss": -14.875185586423097, "seconds": 23685}
{"event": "progress", "epoch": 120, "step": 400, "loss": -12.803128302483564, "seconds": 23695}
{"event": "progress", "epoch": 120, "step": 450, "loss": -16.40779804871417, "seconds": 23706}
{"event": "progress", "epoch": 120, "step": 500, "loss": -15.739109400118693, "seconds": 23716}
{"event": "progress", "epoch": 120, "step": 550, "loss": -16.347660976776524, "seconds": 23727}
{"event": "progress", "epoch": 120, "step": 600, "loss": -15.925060998618402, "seconds": 23737}
{"event": "progress", "epoch": 120, "step": 650, "loss": -15.961273583077864, "seconds": 23748}
{"event": "progress", "epoch": 120, "step": 700, "loss": -15.977457076022874, "seconds": 23758}
{"event": "progress", "epoch": 120, "step": 750, "loss": -15.630391490376832, "seconds": 23769}
{"event": "progress", "epoch": 120, "step": 800, "loss": -15.588073276272022, "seconds": 23779}
{"event": "progress", "epoch": 120, "step": 850, "loss": -18.702234623132302, "seconds": 23790}
{"event": "progress", "epoch": 120, "step": 900, "loss": -15.756115140690563, "seconds": 23800}
{"event": "epoch", "epoch": 120, "phase": "float", "loss": -15.22928075121796, "seconds": 191.3895486649999, "elapsed_seconds": 23802.494461541, "learning_rate": 1e-05, "utterances": 770, "total_utterances": 770, "invalid_utterances": 0, "noisy_si_sdr": 6.016738904979767, "si_sdr": 13.899695221830838, "si_sdri": 7.882956316851071, "best_si_sdri": 7.926328019311986}
{"event": "progress", "epoch": 121, "step": 0, "loss": -14.823708665971104, "seconds": 23803}
{"event": "progress", "epoch": 121, "step": 50, "loss": -16.385030998073013, "seconds": 23814}
{"event": "progress", "epoch": 121, "step": 100, "loss": -15.030603504748889, "seconds": 23824}
{"event": "progress", "epoch": 121, "step": 150, "loss": -14.944758521885309, "seconds": 23835}
{"event": "progress", "epoch": 121, "step": 200, "loss": -14.440520017636977, "seconds": 23845}
{"event": "progress", "epoch": 121, "step": 250, "loss": -14.80923485064657, "seconds": 23855}
{"event": "progress", "epoch": 121, "step": 300, "loss": -17.287017806782202, "seconds": 23866}
{"event": "progress", "epoch": 121, "step": 350, "loss": -13.060050201391684, "seconds": 23876}
{"event": "progress", "epoch": 121, "step": 400, "loss": -13.558723949195528, "seconds": 23887}
{"event": "progress", "epoch": 121, "step": 450, "loss": -15.387765088086507, "seconds": 23897}
{"event": "progress", "epoch": 121, "step": 500, "loss": -15.442302566391202, "seconds": 23908}
{"event": "progress", "epoch": 121, "step": 550, "loss": -16.327677097681043, "seconds": 23918}
{"event": "progress", "epoch": 121, "step": 600, "loss": -13.192554023494978, "seconds": 23929}
{"event": "progress", "epoch": 121, "step": 650, "loss": -13.374759158950178, "seconds": 23939}
{"event": "progress", "epoch": 121, "step": 700, "loss": -13.331099436951224, "seconds": 23950}
{"event": "progress", "epoch": 121, "step": 750, "loss": -12.097107231128735, "seconds": 23960}
{"event": "progress", "epoch": 121, "step": 800, "loss": -14.649763270119182, "seconds": 23971}
{"event": "progress", "epoch": 121, "step": 850, "loss": -12.147869522799576, "seconds": 23981}
{"event": "progress", "epoch": 121, "step": 900, "loss": -15.56642211937232, "seconds": 23992}
{"event": "epoch", "epoch": 121, "phase": "float", "loss": -15.24447703827951, "seconds": 191.45326481699885, "elapsed_seconds": 23994.00460665, "learning_rate": 1e-05, "utterances": 770, "total_utterances": 770, "invalid_utterances": 0, "noisy_si_sdr": 6.016738904979767, "si_sdr": 13.865542201068521, "si_sdri": 7.848803296088757, "best_si_sdri": 7.926328019311986}
{"event": "progress", "epoch": 122, "step": 0, "loss": -12.22386587786369, "seconds": 23995}
{"event": "progress", "epoch": 122, "step": 50, "loss": -15.480744498564755, "seconds": 24005}
{"event": "progress", "epoch": 122, "step": 100, "loss": -15.965647447823475, "seconds": 24016}
{"event": "progress", "epoch": 122, "step": 150, "loss": -13.996635320337747, "seconds": 24026}
{"event": "progress", "epoch": 122, "step": 200, "loss": -16.553172201282887, "seconds": 24036}
{"event": "progress", "epoch": 122, "step": 250, "loss": -13.964873941522919, "seconds": 24047}
{"event": "progress", "epoch": 122, "step": 300, "loss": -13.32197782025474, "seconds": 24057}
{"event": "progress", "epoch": 122, "step": 350, "loss": -15.103990918548115, "seconds": 24068}
{"event": "progress", "epoch": 122, "step": 400, "loss": -13.392199868550296, "seconds": 24078}
{"event": "progress", "epoch": 122, "step": 450, "loss": -17.7946237070838, "seconds": 24089}
{"event": "progress", "epoch": 122, "step": 500, "loss": -14.335448222426372, "seconds": 24099}
{"event": "progress", "epoch": 122, "step": 550, "loss": -17.736575903158986, "seconds": 24110}
{"event": "progress", "epoch": 122, "step": 600, "loss": -15.18912357857746, "seconds": 24120}
{"event": "progress", "epoch": 122, "step": 650, "loss": -12.574324776470885, "seconds": 24131}
{"event": "progress", "epoch": 122, "step": 700, "loss": -12.505242977469205, "seconds": 24141}
{"event": "progress", "epoch": 122, "step": 750, "loss": -14.155477066586045, "seconds": 24152}
{"event": "progress", "epoch": 122, "step": 800, "loss": -15.782056558331742, "seconds": 24162}
{"event": "progress", "epoch": 122, "step": 850, "loss": -15.831348538951168, "seconds": 24173}
{"event": "progress", "epoch": 122, "step": 900, "loss": -10.517201763547693, "seconds": 24183}
{"event": "epoch", "epoch": 122, "phase": "float", "loss": -15.307249514256426, "seconds": 191.39029873099935, "elapsed_seconds": 24185.451000806, "learning_rate": 1e-05, "utterances": 770, "total_utterances": 770, "invalid_utterances": 0, "noisy_si_sdr": 6.016738904979767, "si_sdr": 13.901099101187125, "si_sdri": 7.884360196207358, "best_si_sdri": 7.926328019311986}
{"event": "progress", "epoch": 123, "step": 0, "loss": -15.676086867268324, "seconds": 24186}
{"event": "progress", "epoch": 123, "step": 50, "loss": -19.350130149288226, "seconds": 24197}
{"event": "progress", "epoch": 123, "step": 100, "loss": -15.860984358783785, "seconds": 24208}
{"event": "progress", "epoch": 123, "step": 150, "loss": -15.444165222153652, "seconds": 24218}
{"event": "progress", "epoch": 123, "step": 200, "loss": -14.549492280109401, "seconds": 24228}
{"event": "progress", "epoch": 123, "step": 250, "loss": -13.864859762786512, "seconds": 24239}
{"event": "progress", "epoch": 123, "step": 300, "loss": -15.000853805933335, "seconds": 24250}
{"event": "progress", "epoch": 123, "step": 350, "loss": -16.75642620786899, "seconds": 24260}
{"event": "progress", "epoch": 123, "step": 400, "loss": -17.138310063060832, "seconds": 24271}
{"event": "progress", "epoch": 123, "step": 450, "loss": -13.861695536776764, "seconds": 24282}
{"event": "progress", "epoch": 123, "step": 500, "loss": -14.05637228000067, "seconds": 24293}
{"event": "progress", "epoch": 123, "step": 550, "loss": -14.232403454161522, "seconds": 24303}
{"event": "progress", "epoch": 123, "step": 600, "loss": -13.260194357105782, "seconds": 24314}
{"event": "progress", "epoch": 123, "step": 650, "loss": -16.57303185119584, "seconds": 24324}
{"event": "progress", "epoch": 123, "step": 700, "loss": -16.615105208763957, "seconds": 24335}
{"event": "progress", "epoch": 123, "step": 750, "loss": -13.203224947720821, "seconds": 24345}
{"event": "progress", "epoch": 123, "step": 800, "loss": -13.29461716913661, "seconds": 24356}
{"event": "progress", "epoch": 123, "step": 850, "loss": -16.888069616976495, "seconds": 24366}
{"event": "progress", "epoch": 123, "step": 900, "loss": -19.411587541807407, "seconds": 24377}
{"event": "epoch", "epoch": 123, "phase": "float", "loss": -15.220780960352855, "seconds": 193.4963339049973, "elapsed_seconds": 24379.002117463002, "learning_rate": 1e-05, "utterances": 770, "total_utterances": 770, "invalid_utterances": 0, "noisy_si_sdr": 6.016738904979767, "si_sdr": 13.914751813553925, "si_sdri": 7.898012908574159, "best_si_sdri": 7.926328019311986}
{"event": "progress", "epoch": 124, "step": 0, "loss": -16.405997726106794, "seconds": 24380}
{"event": "progress", "epoch": 124, "step": 50, "loss": -16.03141300513325, "seconds": 24390}
{"event": "progress", "epoch": 124, "step": 100, "loss": -14.488764993797156, "seconds": 24401}
{"event": "progress", "epoch": 124, "step": 150, "loss": -12.64082244502398, "seconds": 24411}
{"event": "progress", "epoch": 124, "step": 200, "loss": -13.715551614440603, "seconds": 24421}
{"event": "progress", "epoch": 124, "step": 250, "loss": -13.433090104773473, "seconds": 24432}
{"event": "progress", "epoch": 124, "step": 300, "loss": -16.864384504418584, "seconds": 24442}
{"event": "progress", "epoch": 124, "step": 350, "loss": -17.055407065628174, "seconds": 24453}
{"event": "progress", "epoch": 124, "step": 400, "loss": -11.428985498091231, "seconds": 24464}
{"event": "progress", "epoch": 124, "step": 450, "loss": -15.581777469513861, "seconds": 24475}
{"event": "progress", "epoch": 124, "step": 500, "loss": -15.304586224776763, "seconds": 24486}
{"event": "progress", "epoch": 124, "step": 550, "loss": -16.524302165168443, "seconds": 24496}
{"event": "progress", "epoch": 124, "step": 600, "loss": -16.00918177870962, "seconds": 24507}
{"event": "progress", "epoch": 124, "step": 650, "loss": -13.811264822711344, "seconds": 24518}
{"event": "progress", "epoch": 124, "step": 700, "loss": -13.729452304555972, "seconds": 24528}
{"event": "progress", "epoch": 124, "step": 750, "loss": -19.265982079734144, "seconds": 24539}
{"event": "progress", "epoch": 124, "step": 800, "loss": -15.675546517490227, "seconds": 24549}
{"event": "progress", "epoch": 124, "step": 850, "loss": -14.671519783208133, "seconds": 24560}
{"event": "progress", "epoch": 124, "step": 900, "loss": -11.1710838806402, "seconds": 24570}
{"event": "epoch", "epoch": 124, "phase": "float", "loss": -15.265391009417337, "seconds": 193.6506279130008, "elapsed_seconds": 24572.708033601, "learning_rate": 1e-05, "utterances": 770, "total_utterances": 770, "invalid_utterances": 0, "noisy_si_sdr": 6.016738904979767, "si_sdr": 13.941825631156398, "si_sdri": 7.9250867261766285, "best_si_sdri": 7.926328019311986}
{"event": "progress", "epoch": 125, "step": 0, "loss": -14.288879373663955, "seconds": 24573}
{"event": "progress", "epoch": 125, "step": 50, "loss": -16.851402345845145, "seconds": 24584}
{"event": "progress", "epoch": 125, "step": 100, "loss": -15.342419065785393, "seconds": 24594}
{"event": "progress", "epoch": 125, "step": 150, "loss": -15.990098143078203, "seconds": 24605}
{"event": "progress", "epoch": 125, "step": 200, "loss": -12.234598638270256, "seconds": 24614}
{"event": "progress", "epoch": 125, "step": 250, "loss": -11.491077629998516, "seconds": 24625}
{"event": "progress", "epoch": 125, "step": 300, "loss": -12.465452961615748, "seconds": 24635}
{"event": "progress", "epoch": 125, "step": 350, "loss": -11.47269404314098, "seconds": 24646}
{"event": "progress", "epoch": 125, "step": 400, "loss": -16.96398506816385, "seconds": 24656}
{"event": "progress", "epoch": 125, "step": 450, "loss": -17.142701875342013, "seconds": 24667}
{"event": "progress", "epoch": 125, "step": 500, "loss": -16.730500933669138, "seconds": 24678}
{"event": "progress", "epoch": 125, "step": 550, "loss": -15.17872029731551, "seconds": 24688}
{"event": "progress", "epoch": 125, "step": 600, "loss": -14.676289219223818, "seconds": 24699}
{"event": "progress", "epoch": 125, "step": 650, "loss": -15.722923467069288, "seconds": 24709}
{"event": "progress", "epoch": 125, "step": 700, "loss": -14.389552762129682, "seconds": 24720}
{"event": "progress", "epoch": 125, "step": 750, "loss": -15.1112503331728, "seconds": 24730}
{"event": "progress", "epoch": 125, "step": 800, "loss": -13.5470907925705, "seconds": 24741}
{"event": "progress", "epoch": 125, "step": 850, "loss": -13.72453403294098, "seconds": 24751}
{"event": "progress", "epoch": 125, "step": 900, "loss": -14.875755065777643, "seconds": 24761}
{"event": "epoch", "epoch": 125, "phase": "float", "loss": -15.179599664561588, "seconds": 190.9071830009998, "elapsed_seconds": 24763.677581709002, "learning_rate": 1e-05, "utterances": 770, "total_utterances": 770, "invalid_utterances": 0, "noisy_si_sdr": 6.016738904979767, "si_sdr": 13.838600165901127, "si_sdri": 7.821861260921361, "best_si_sdri": 7.926328019311986}
{"event": "progress", "epoch": 126, "step": 0, "loss": -12.939924447095589, "seconds": 24764}
{"event": "progress", "epoch": 126, "step": 50, "loss": -14.403128118697952, "seconds": 24775}
{"event": "progress", "epoch": 126, "step": 100, "loss": -16.68410793896711, "seconds": 24785}
{"event": "progress", "epoch": 126, "step": 150, "loss": -15.840747480191284, "seconds": 24796}
{"event": "progress", "epoch": 126, "step": 200, "loss": -16.240268041679066, "seconds": 24806}
{"event": "progress", "epoch": 126, "step": 250, "loss": -13.19890398509796, "seconds": 24816}
{"event": "progress", "epoch": 126, "step": 300, "loss": -14.183510146441606, "seconds": 24827}
{"event": "progress", "epoch": 126, "step": 350, "loss": -13.816274339634727, "seconds": 24838}
{"event": "progress", "epoch": 126, "step": 400, "loss": -16.856158398367352, "seconds": 24849}
{"event": "progress", "epoch": 126, "step": 450, "loss": -15.438332043489783, "seconds": 24859}
{"event": "progress", "epoch": 126, "step": 500, "loss": -16.297409074780035, "seconds": 24870}
{"event": "progress", "epoch": 126, "step": 550, "loss": -19.509728024711933, "seconds": 24880}
{"event": "progress", "epoch": 126, "step": 600, "loss": -17.11526726230429, "seconds": 24891}
{"event": "progress", "epoch": 126, "step": 650, "loss": -16.888031918861177, "seconds": 24901}
{"event": "progress", "epoch": 126, "step": 700, "loss": -16.91625773980055, "seconds": 24912}
{"event": "progress", "epoch": 126, "step": 750, "loss": -13.311428100273684, "seconds": 24923}
{"event": "progress", "epoch": 126, "step": 800, "loss": -14.61132136286041, "seconds": 24933}
{"event": "progress", "epoch": 126, "step": 850, "loss": -13.788352427400605, "seconds": 24944}
{"event": "progress", "epoch": 126, "step": 900, "loss": -11.72826721155147, "seconds": 24954}
{"event": "epoch", "epoch": 126, "phase": "float", "loss": -15.422379304199222, "seconds": 192.42961886800185, "elapsed_seconds": 24956.164086121, "learning_rate": 1e-05, "utterances": 770, "total_utterances": 770, "invalid_utterances": 0, "noisy_si_sdr": 6.016738904979767, "si_sdr": 13.898761024151494, "si_sdri": 7.882022119171727, "best_si_sdri": 7.926328019311986}
{"event": "progress", "epoch": 127, "step": 0, "loss": -15.238352598460516, "seconds": 24957}
{"event": "progress", "epoch": 127, "step": 50, "loss": -14.348422196694177, "seconds": 24967}
{"event": "progress", "epoch": 127, "step": 100, "loss": -14.7256603348944, "seconds": 24978}
{"event": "progress", "epoch": 127, "step": 150, "loss": -15.959796456350647, "seconds": 24988}
{"event": "progress", "epoch": 127, "step": 200, "loss": -16.221044619333846, "seconds": 24998}
{"event": "progress", "epoch": 127, "step": 250, "loss": -16.521163951180405, "seconds": 25009}
{"event": "progress", "epoch": 127, "step": 300, "loss": -14.18430947023211, "seconds": 25019}
{"event": "progress", "epoch": 127, "step": 350, "loss": -16.23195322422359, "seconds": 25030}
{"event": "progress", "epoch": 127, "step": 400, "loss": -16.733229512601664, "seconds": 25040}
{"event": "progress", "epoch": 127, "step": 450, "loss": -14.480429518634203, "seconds": 25051}
{"event": "progress", "epoch": 127, "step": 500, "loss": -14.083551234672637, "seconds": 25061}
{"event": "progress", "epoch": 127, "step": 550, "loss": -15.913077062467053, "seconds": 25072}
{"event": "progress", "epoch": 127, "step": 600, "loss": -12.794356463076102, "seconds": 25082}
{"event": "progress", "epoch": 127, "step": 650, "loss": -14.24148813718629, "seconds": 25093}
{"event": "progress", "epoch": 127, "step": 700, "loss": -16.900639697785415, "seconds": 25103}
{"event": "progress", "epoch": 127, "step": 750, "loss": -16.203403739952655, "seconds": 25114}
{"event": "progress", "epoch": 127, "step": 800, "loss": -15.855139914420544, "seconds": 25124}
{"event": "progress", "epoch": 127, "step": 850, "loss": -15.236507646196035, "seconds": 25135}
{"event": "progress", "epoch": 127, "step": 900, "loss": -14.451012692006923, "seconds": 25145}
{"event": "epoch", "epoch": 127, "phase": "float", "loss": -15.239233408681873, "seconds": 191.48260197999844, "elapsed_seconds": 25147.701525311, "learning_rate": 1e-05, "utterances": 770, "total_utterances": 770, "invalid_utterances": 0, "noisy_si_sdr": 6.016738904979767, "si_sdr": 13.92047373437959, "si_sdri": 7.903734829399822, "best_si_sdri": 7.926328019311986}
{"event": "progress", "epoch": 128, "step": 0, "loss": -15.236512345966162, "seconds": 25148}
{"event": "progress", "epoch": 128, "step": 50, "loss": -17.430184638904876, "seconds": 25159}
{"event": "progress", "epoch": 128, "step": 100, "loss": -13.804712466824313, "seconds": 25170}
{"event": "progress", "epoch": 128, "step": 150, "loss": -18.327097511606954, "seconds": 25181}
{"event": "progress", "epoch": 128, "step": 200, "loss": -17.852755582245013, "seconds": 25191}
{"event": "progress", "epoch": 128, "step": 250, "loss": -15.866133142010177, "seconds": 25201}
{"event": "progress", "epoch": 128, "step": 300, "loss": -15.781367516314674, "seconds": 25212}
{"event": "progress", "epoch": 128, "step": 350, "loss": -14.120245826276804, "seconds": 25222}
{"event": "progress", "epoch": 128, "step": 400, "loss": -19.87682322356327, "seconds": 25233}
{"event": "progress", "epoch": 128, "step": 450, "loss": -14.078428074221842, "seconds": 25243}
{"event": "progress", "epoch": 128, "step": 500, "loss": -14.077801325370126, "seconds": 25254}
{"event": "progress", "epoch": 128, "step": 550, "loss": -15.408957693735676, "seconds": 25264}
{"event": "progress", "epoch": 128, "step": 600, "loss": -15.044205098714936, "seconds": 25275}
{"event": "progress", "epoch": 128, "step": 650, "loss": -18.087966997913096, "seconds": 25285}
{"event": "progress", "epoch": 128, "step": 700, "loss": -12.200937458858556, "seconds": 25296}
{"event": "progress", "epoch": 128, "step": 750, "loss": -14.173552159662126, "seconds": 25306}
{"event": "progress", "epoch": 128, "step": 800, "loss": -14.355025764382058, "seconds": 25317}
{"event": "progress", "epoch": 128, "step": 850, "loss": -16.666749639289932, "seconds": 25327}
{"event": "progress", "epoch": 128, "step": 900, "loss": -14.044234539598756, "seconds": 25338}
{"event": "epoch", "epoch": 128, "phase": "float", "loss": -15.259269918373818, "seconds": 192.17409652700007, "elapsed_seconds": 25339.930875922, "learning_rate": 1e-05, "utterances": 770, "total_utterances": 770, "invalid_utterances": 0, "noisy_si_sdr": 6.016738904979767, "si_sdr": 13.913372290132607, "si_sdri": 7.896633385152841, "best_si_sdri": 7.926328019311986}
{"event": "progress", "epoch": 129, "step": 0, "loss": -10.732858924590047, "seconds": 25340}
{"event": "progress", "epoch": 129, "step": 50, "loss": -14.735536371705994, "seconds": 25351}
{"event": "progress", "epoch": 129, "step": 100, "loss": -13.303681632466013, "seconds": 25362}
{"event": "progress", "epoch": 129, "step": 150, "loss": -12.965195609376394, "seconds": 25373}
{"event": "progress", "epoch": 129, "step": 200, "loss": -18.38568958989032, "seconds": 25382}
{"event": "progress", "epoch": 129, "step": 250, "loss": -15.24990538542445, "seconds": 25393}
{"event": "progress", "epoch": 129, "step": 300, "loss": -19.463862184575294, "seconds": 25403}
{"event": "progress", "epoch": 129, "step": 350, "loss": -16.64735223944657, "seconds": 25414}
{"event": "progress", "epoch": 129, "step": 400, "loss": -14.586771688875302, "seconds": 25424}
{"event": "progress", "epoch": 129, "step": 450, "loss": -15.76544131226455, "seconds": 25435}
{"event": "progress", "epoch": 129, "step": 500, "loss": -15.157475988660629, "seconds": 25445}
{"event": "progress", "epoch": 129, "step": 550, "loss": -14.462275960950402, "seconds": 25456}
{"event": "progress", "epoch": 129, "step": 600, "loss": -16.0267968926941, "seconds": 25466}
{"event": "progress", "epoch": 129, "step": 650, "loss": -17.89144186110791, "seconds": 25477}
{"event": "progress", "epoch": 129, "step": 700, "loss": -18.5743493803545, "seconds": 25487}
{"event": "progress", "epoch": 129, "step": 750, "loss": -15.82075559860637, "seconds": 25498}
{"event": "progress", "epoch": 129, "step": 800, "loss": -12.888673804500167, "seconds": 25508}
{"event": "progress", "epoch": 129, "step": 850, "loss": -17.699707100661218, "seconds": 25519}
{"event": "progress", "epoch": 129, "step": 900, "loss": -11.645793185695846, "seconds": 25529}
{"event": "epoch", "epoch": 129, "phase": "float", "loss": -15.289643849377514, "seconds": 191.40695800399772, "elapsed_seconds": 25531.392565284, "learning_rate": 1e-05, "utterances": 770, "total_utterances": 770, "invalid_utterances": 0, "noisy_si_sdr": 6.016738904979767, "si_sdr": 13.868924940282286, "si_sdri": 7.85218603530252, "best_si_sdri": 7.926328019311986}
{"event": "progress", "epoch": 130, "step": 0, "loss": -14.741404362953553, "seconds": 25532}
{"event": "progress", "epoch": 130, "step": 50, "loss": -13.349598091045653, "seconds": 25542}
{"event": "progress", "epoch": 130, "step": 100, "loss": -13.010109261621405, "seconds": 25553}
{"event": "progress", "epoch": 130, "step": 150, "loss": -16.29499381122804, "seconds": 25564}
{"event": "progress", "epoch": 130, "step": 200, "loss": -15.214134572604673, "seconds": 25574}
{"event": "progress", "epoch": 130, "step": 250, "loss": -14.261462473610312, "seconds": 25584}
{"event": "progress", "epoch": 130, "step": 300, "loss": -17.341056888257928, "seconds": 25595}
{"event": "progress", "epoch": 130, "step": 350, "loss": -15.300359535340343, "seconds": 25605}
{"event": "progress", "epoch": 130, "step": 400, "loss": -14.77511277556328, "seconds": 25616}
{"event": "progress", "epoch": 130, "step": 450, "loss": -14.951267914474808, "seconds": 25626}
{"event": "progress", "epoch": 130, "step": 500, "loss": -14.012857815784551, "seconds": 25637}
{"event": "progress", "epoch": 130, "step": 550, "loss": -16.62796565089073, "seconds": 25647}
{"event": "progress", "epoch": 130, "step": 600, "loss": -16.630177776810978, "seconds": 25658}
{"event": "progress", "epoch": 130, "step": 650, "loss": -16.620360932960573, "seconds": 25668}
{"event": "progress", "epoch": 130, "step": 700, "loss": -13.874640251486941, "seconds": 25679}
{"event": "progress", "epoch": 130, "step": 750, "loss": -15.020119859326982, "seconds": 25689}
{"event": "progress", "epoch": 130, "step": 800, "loss": -18.87297145370973, "seconds": 25700}
{"event": "progress", "epoch": 130, "step": 850, "loss": -14.282697026792755, "seconds": 25710}
{"event": "progress", "epoch": 130, "step": 900, "loss": -16.127126459749576, "seconds": 25721}
{"event": "epoch", "epoch": 130, "phase": "float", "loss": -15.278790163172491, "seconds": 191.65579929600062, "elapsed_seconds": 25723.103352153, "learning_rate": 1e-05, "utterances": 770, "total_utterances": 770, "invalid_utterances": 0, "noisy_si_sdr": 6.016738904979767, "si_sdr": 13.924290405993077, "si_sdri": 7.907551501013308, "best_si_sdri": 7.926328019311986}
{"event": "progress", "epoch": 131, "step": 0, "loss": -14.549733674082953, "seconds": 25724}
{"event": "progress", "epoch": 131, "step": 50, "loss": -16.932349510141027, "seconds": 25734}
{"event": "progress", "epoch": 131, "step": 100, "loss": -14.889496841438927, "seconds": 25745}
{"event": "progress", "epoch": 131, "step": 150, "loss": -15.391273900420693, "seconds": 25756}
{"event": "progress", "epoch": 131, "step": 200, "loss": -14.784722753515553, "seconds": 25765}
{"event": "progress", "epoch": 131, "step": 250, "loss": -14.083304008434732, "seconds": 25776}
{"event": "progress", "epoch": 131, "step": 300, "loss": -16.6222446994185, "seconds": 25786}
{"event": "progress", "epoch": 131, "step": 350, "loss": -15.709284826402817, "seconds": 25797}
{"event": "progress", "epoch": 131, "step": 400, "loss": -12.918105089100923, "seconds": 25807}
{"event": "progress", "epoch": 131, "step": 450, "loss": -12.857663996959042, "seconds": 25818}
{"event": "progress", "epoch": 131, "step": 500, "loss": -16.50103794853802, "seconds": 25828}
{"event": "progress", "epoch": 131, "step": 550, "loss": -14.34827455297145, "seconds": 25839}
{"event": "progress", "epoch": 131, "step": 600, "loss": -15.836211683745754, "seconds": 25849}
{"event": "progress", "epoch": 131, "step": 650, "loss": -17.728879812257098, "seconds": 25860}
{"event": "progress", "epoch": 131, "step": 700, "loss": -16.890011758292932, "seconds": 25870}
{"event": "progress", "epoch": 131, "step": 750, "loss": -15.384965878040951, "seconds": 25881}
{"event": "progress", "epoch": 131, "step": 800, "loss": -15.14872071090069, "seconds": 25891}
{"event": "progress", "epoch": 131, "step": 850, "loss": -12.752978768955906, "seconds": 25902}
{"event": "progress", "epoch": 131, "step": 900, "loss": -7.659334344660407, "seconds": 25912}
{"event": "epoch", "epoch": 131, "phase": "float", "loss": -15.225723558496309, "seconds": 191.30124219100253, "elapsed_seconds": 25914.460404992, "learning_rate": 1e-05, "utterances": 770, "total_utterances": 770, "invalid_utterances": 0, "noisy_si_sdr": 6.016738904979767, "si_sdr": 13.906467729027725, "si_sdri": 7.889728824047959, "best_si_sdri": 7.926328019311986}
{"event": "progress", "epoch": 132, "step": 0, "loss": -16.064668500716724, "seconds": 25915}
{"event": "progress", "epoch": 132, "step": 50, "loss": -14.672904987280193, "seconds": 25926}
{"event": "progress", "epoch": 132, "step": 100, "loss": -14.467230174802122, "seconds": 25936}
{"event": "progress", "epoch": 132, "step": 150, "loss": -14.482617871764099, "seconds": 25947}
{"event": "progress", "epoch": 132, "step": 200, "loss": -15.428674759110397, "seconds": 25956}
{"event": "progress", "epoch": 132, "step": 250, "loss": -13.604498904239124, "seconds": 25967}
{"event": "progress", "epoch": 132, "step": 300, "loss": -17.612681392918248, "seconds": 25978}
{"event": "progress", "epoch": 132, "step": 350, "loss": -15.88479178243125, "seconds": 25989}
{"event": "progress", "epoch": 132, "step": 400, "loss": -15.492782961034461, "seconds": 25999}
{"event": "progress", "epoch": 132, "step": 450, "loss": -16.057549142906744, "seconds": 26010}
{"event": "progress", "epoch": 132, "step": 500, "loss": -16.675465523608423, "seconds": 26021}
{"event": "progress", "epoch": 132, "step": 550, "loss": -19.119397738613067, "seconds": 26032}
{"event": "progress", "epoch": 132, "step": 600, "loss": -15.953529587317231, "seconds": 26042}
{"event": "progress", "epoch": 132, "step": 650, "loss": -15.550487685673724, "seconds": 26053}
{"event": "progress", "epoch": 132, "step": 700, "loss": -14.669424165318365, "seconds": 26063}
{"event": "progress", "epoch": 132, "step": 750, "loss": -12.03424419382154, "seconds": 26074}
{"event": "progress", "epoch": 132, "step": 800, "loss": -13.388240162947675, "seconds": 26085}
{"event": "progress", "epoch": 132, "step": 850, "loss": -14.455241781494713, "seconds": 26095}
{"event": "progress", "epoch": 132, "step": 900, "loss": -20.315533834774293, "seconds": 26105}
{"event": "epoch", "epoch": 132, "phase": "float", "loss": -15.300499983169546, "seconds": 193.16596434199892, "elapsed_seconds": 26107.681858448, "learning_rate": 1e-05, "utterances": 770, "total_utterances": 770, "invalid_utterances": 0, "noisy_si_sdr": 6.016738904979767, "si_sdr": 13.912930767270133, "si_sdri": 7.896191862290368, "best_si_sdri": 7.926328019311986}
{"event": "progress", "epoch": 133, "step": 0, "loss": -18.39350293927491, "seconds": 26108}
{"event": "progress", "epoch": 133, "step": 50, "loss": -15.939606314256125, "seconds": 26119}
{"event": "progress", "epoch": 133, "step": 100, "loss": -14.32791616286074, "seconds": 26129}
{"event": "progress", "epoch": 133, "step": 150, "loss": -14.015377669138221, "seconds": 26140}
{"event": "progress", "epoch": 133, "step": 200, "loss": -17.75646911541292, "seconds": 26150}
{"event": "progress", "epoch": 133, "step": 250, "loss": -15.119101133207025, "seconds": 26160}
{"event": "progress", "epoch": 133, "step": 300, "loss": -16.008266266513104, "seconds": 26171}
{"event": "progress", "epoch": 133, "step": 350, "loss": -14.868990179749584, "seconds": 26182}
{"event": "progress", "epoch": 133, "step": 400, "loss": -14.948309546290929, "seconds": 26193}
{"event": "progress", "epoch": 133, "step": 450, "loss": -15.554466575054372, "seconds": 26203}
{"event": "progress", "epoch": 133, "step": 500, "loss": -13.85360990661547, "seconds": 26214}
{"event": "progress", "epoch": 133, "step": 550, "loss": -15.711993774170136, "seconds": 26224}
{"event": "progress", "epoch": 133, "step": 600, "loss": -13.734367148779615, "seconds": 26235}
{"event": "progress", "epoch": 133, "step": 650, "loss": -14.96969100971262, "seconds": 26245}
{"event": "progress", "epoch": 133, "step": 700, "loss": -15.46489148818701, "seconds": 26256}
{"event": "progress", "epoch": 133, "step": 750, "loss": -14.995536428658166, "seconds": 26266}
{"event": "progress", "epoch": 133, "step": 800, "loss": -14.380590382017761, "seconds": 26277}
{"event": "progress", "epoch": 133, "step": 850, "loss": -15.053521527445604, "seconds": 26287}
{"event": "progress", "epoch": 133, "step": 900, "loss": -13.841087789649137, "seconds": 26298}
{"event": "epoch", "epoch": 133, "phase": "float", "loss": -15.400897533426084, "seconds": 192.2747866910031, "elapsed_seconds": 26300.013444179, "learning_rate": 1e-05, "utterances": 770, "total_utterances": 770, "invalid_utterances": 0, "noisy_si_sdr": 6.016738904979767, "si_sdr": 13.91414533903624, "si_sdri": 7.897406434056472, "best_si_sdri": 7.926328019311986}
{"event": "progress", "epoch": 134, "step": 0, "loss": -13.623125785657239, "seconds": 26301}
{"event": "progress", "epoch": 134, "step": 50, "loss": -13.658350203557378, "seconds": 26311}
{"event": "progress", "epoch": 134, "step": 100, "loss": -15.690553246109609, "seconds": 26322}
{"event": "progress", "epoch": 134, "step": 150, "loss": -16.056061048973636, "seconds": 26332}
{"event": "progress", "epoch": 134, "step": 200, "loss": -17.793186107183278, "seconds": 26342}
{"event": "progress", "epoch": 134, "step": 250, "loss": -15.67884771311588, "seconds": 26352}
{"event": "progress", "epoch": 134, "step": 300, "loss": -14.493557940116505, "seconds": 26363}
{"event": "progress", "epoch": 134, "step": 350, "loss": -17.238794414366474, "seconds": 26373}
{"event": "progress", "epoch": 134, "step": 400, "loss": -16.996475057253782, "seconds": 26384}
{"event": "progress", "epoch": 134, "step": 450, "loss": -16.691580211912544, "seconds": 26394}
{"event": "progress", "epoch": 134, "step": 500, "loss": -15.971793889707778, "seconds": 26405}
{"event": "progress", "epoch": 134, "step": 550, "loss": -14.743011735594758, "seconds": 26415}
{"event": "progress", "epoch": 134, "step": 600, "loss": -17.40471457591264, "seconds": 26426}
{"event": "progress", "epoch": 134, "step": 650, "loss": -18.031002003611395, "seconds": 26436}
{"event": "progress", "epoch": 134, "step": 700, "loss": -13.395219359676554, "seconds": 26447}
{"event": "progress", "epoch": 134, "step": 750, "loss": -12.856931193319298, "seconds": 26457}
{"event": "progress", "epoch": 134, "step": 800, "loss": -17.891287867208227, "seconds": 26468}
{"event": "progress", "epoch": 134, "step": 850, "loss": -14.248073510446098, "seconds": 26478}
{"event": "progress", "epoch": 134, "step": 900, "loss": -17.806163211951898, "seconds": 26489}
{"event": "epoch", "epoch": 134, "phase": "float", "loss": -15.236586790723988, "seconds": 191.02565148199938, "elapsed_seconds": 26491.096670121, "learning_rate": 1e-05, "utterances": 770, "total_utterances": 770, "invalid_utterances": 0, "noisy_si_sdr": 6.016738904979767, "si_sdr": 13.93140898729637, "si_sdri": 7.914670082316604, "best_si_sdri": 7.926328019311986}
{"event": "progress", "epoch": 135, "step": 0, "loss": -18.040495478267392, "seconds": 26492}
{"event": "progress", "epoch": 135, "step": 50, "loss": -16.8948051191294, "seconds": 26502}
{"event": "progress", "epoch": 135, "step": 100, "loss": -15.594647523870794, "seconds": 26513}
{"event": "progress", "epoch": 135, "step": 150, "loss": -16.241293737807776, "seconds": 26523}
{"event": "progress", "epoch": 135, "step": 200, "loss": -15.933146865851876, "seconds": 26533}
{"event": "progress", "epoch": 135, "step": 250, "loss": -15.921491018820248, "seconds": 26543}
{"event": "progress", "epoch": 135, "step": 300, "loss": -14.036331439245632, "seconds": 26554}
{"event": "progress", "epoch": 135, "step": 350, "loss": -15.686682343010926, "seconds": 26564}
{"event": "progress", "epoch": 135, "step": 400, "loss": -15.254774102848259, "seconds": 26575}
{"event": "progress", "epoch": 135, "step": 450, "loss": -13.231865221951965, "seconds": 26585}
{"event": "progress", "epoch": 135, "step": 500, "loss": -15.538411536453276, "seconds": 26596}
{"event": "progress", "epoch": 135, "step": 550, "loss": -15.2759316134939, "seconds": 26606}
{"event": "progress", "epoch": 135, "step": 600, "loss": -15.881351923048792, "seconds": 26617}
{"event": "progress", "epoch": 135, "step": 650, "loss": -14.695964385230667, "seconds": 26627}
{"event": "progress", "epoch": 135, "step": 700, "loss": -17.250095483232155, "seconds": 26638}
{"event": "progress", "epoch": 135, "step": 750, "loss": -14.535861684830616, "seconds": 26648}
{"event": "progress", "epoch": 135, "step": 800, "loss": -13.805184254600158, "seconds": 26659}
{"event": "progress", "epoch": 135, "step": 850, "loss": -14.870744667159856, "seconds": 26669}
{"event": "progress", "epoch": 135, "step": 900, "loss": -12.536850811713387, "seconds": 26680}
{"event": "epoch", "epoch": 135, "phase": "float", "loss": -15.267811773573264, "seconds": 190.7712199930029, "elapsed_seconds": 26681.925059781, "learning_rate": 1e-05, "utterances": 770, "total_utterances": 770, "invalid_utterances": 0, "noisy_si_sdr": 6.016738904979767, "si_sdr": 13.893979881905501, "si_sdri": 7.877240976925734, "best_si_sdri": 7.926328019311986}
{"event": "progress", "epoch": 136, "step": 0, "loss": -15.145644404115856, "seconds": 26682}
{"event": "progress", "epoch": 136, "step": 50, "loss": -16.94449725734818, "seconds": 26693}
{"event": "progress", "epoch": 136, "step": 100, "loss": -17.786846212017586, "seconds": 26703}
{"event": "progress", "epoch": 136, "step": 150, "loss": -13.80113517940294, "seconds": 26714}
{"event": "progress", "epoch": 136, "step": 200, "loss": -14.766042256753353, "seconds": 26724}
{"event": "progress", "epoch": 136, "step": 250, "loss": -17.77189234634254, "seconds": 26734}
{"event": "progress", "epoch": 136, "step": 300, "loss": -14.28341119473362, "seconds": 26745}
{"event": "progress", "epoch": 136, "step": 350, "loss": -16.63725283367592, "seconds": 26755}
{"event": "progress", "epoch": 136, "step": 400, "loss": -15.766786927338632, "seconds": 26766}
{"event": "progress", "epoch": 136, "step": 450, "loss": -13.97950886632201, "seconds": 26776}
{"event": "progress", "epoch": 136, "step": 500, "loss": -15.419131707331596, "seconds": 26787}
{"event": "progress", "epoch": 136, "step": 550, "loss": -14.400787288200178, "seconds": 26797}
{"event": "progress", "epoch": 136, "step": 600, "loss": -14.48497241060113, "seconds": 26808}
{"event": "progress", "epoch": 136, "step": 650, "loss": -17.11696297594807, "seconds": 26818}
{"event": "progress", "epoch": 136, "step": 700, "loss": -16.020791894832616, "seconds": 26829}
{"event": "progress", "epoch": 136, "step": 750, "loss": -14.955263130520951, "seconds": 26839}
{"event": "progress", "epoch": 136, "step": 800, "loss": -12.372593188878222, "seconds": 26850}
{"event": "progress", "epoch": 136, "step": 850, "loss": -14.918252187651774, "seconds": 26860}
{"event": "progress", "epoch": 136, "step": 900, "loss": -15.868953808300079, "seconds": 26871}
{"event": "epoch", "epoch": 136, "phase": "float", "loss": -15.364248348419434, "seconds": 190.99955414600117, "elapsed_seconds": 26872.979739641, "learning_rate": 1e-05, "utterances": 770, "total_utterances": 770, "invalid_utterances": 0, "noisy_si_sdr": 6.016738904979767, "si_sdr": 13.915531679656057, "si_sdri": 7.898792774676291, "best_si_sdri": 7.926328019311986}
{"event": "progress", "epoch": 137, "step": 0, "loss": -16.025296418946382, "seconds": 26873}
{"event": "progress", "epoch": 137, "step": 50, "loss": -17.892037190701988, "seconds": 26884}
{"event": "progress", "epoch": 137, "step": 100, "loss": -15.954486250134195, "seconds": 26895}
{"event": "progress", "epoch": 137, "step": 150, "loss": -14.868924337578074, "seconds": 26905}
{"event": "progress", "epoch": 137, "step": 200, "loss": -14.86878436750932, "seconds": 26915}
{"event": "progress", "epoch": 137, "step": 250, "loss": -15.285366664933662, "seconds": 26925}
{"event": "progress", "epoch": 137, "step": 300, "loss": -15.435452507243683, "seconds": 26936}
{"event": "progress", "epoch": 137, "step": 350, "loss": -14.987591892014942, "seconds": 26946}
{"event": "progress", "epoch": 137, "step": 400, "loss": -16.451540483193085, "seconds": 26957}
{"event": "progress", "epoch": 137, "step": 450, "loss": -15.090724025229552, "seconds": 26967}
{"event": "progress", "epoch": 137, "step": 500, "loss": -14.144999504773148, "seconds": 26978}
{"event": "progress", "epoch": 137, "step": 550, "loss": -17.50822929249276, "seconds": 26988}
{"event": "progress", "epoch": 137, "step": 600, "loss": -14.468143130001227, "seconds": 26999}
{"event": "progress", "epoch": 137, "step": 650, "loss": -16.264252852644603, "seconds": 27009}
{"event": "progress", "epoch": 137, "step": 700, "loss": -14.429875133062275, "seconds": 27020}
{"event": "progress", "epoch": 137, "step": 750, "loss": -13.88143303916669, "seconds": 27030}
{"event": "progress", "epoch": 137, "step": 800, "loss": -16.14221603456452, "seconds": 27041}
{"event": "progress", "epoch": 137, "step": 850, "loss": -13.18756146651582, "seconds": 27051}
{"event": "progress", "epoch": 137, "step": 900, "loss": -10.568913706422679, "seconds": 27062}
{"event": "epoch", "epoch": 137, "phase": "float", "loss": -15.35373388759494, "seconds": 190.8595320150016, "elapsed_seconds": 27063.894399361, "learning_rate": 1e-05, "utterances": 770, "total_utterances": 770, "invalid_utterances": 0, "noisy_si_sdr": 6.016738904979767, "si_sdr": 13.914057703052718, "si_sdri": 7.897318798072951, "best_si_sdri": 7.926328019311986}
{"event": "progress", "epoch": 138, "step": 0, "loss": -15.102356278670948, "seconds": 27064}
{"event": "progress", "epoch": 138, "step": 50, "loss": -14.55446311741092, "seconds": 27075}
{"event": "progress", "epoch": 138, "step": 100, "loss": -17.110680515324198, "seconds": 27085}
{"event": "progress", "epoch": 138, "step": 150, "loss": -13.682156728143045, "seconds": 27096}
{"event": "progress", "epoch": 138, "step": 200, "loss": -15.327182553808623, "seconds": 27106}
{"event": "progress", "epoch": 138, "step": 250, "loss": -13.594692402592926, "seconds": 27116}
{"event": "progress", "epoch": 138, "step": 300, "loss": -17.206259610690218, "seconds": 27127}
{"event": "progress", "epoch": 138, "step": 350, "loss": -16.462292026254744, "seconds": 27138}
{"event": "progress", "epoch": 138, "step": 400, "loss": -13.469941060639309, "seconds": 27148}
{"event": "progress", "epoch": 138, "step": 450, "loss": -14.55220176045109, "seconds": 27159}
{"event": "progress", "epoch": 138, "step": 500, "loss": -15.257334931001342, "seconds": 27169}
{"event": "progress", "epoch": 138, "step": 550, "loss": -12.723344097239897, "seconds": 27180}
{"event": "progress", "epoch": 138, "step": 600, "loss": -15.508750824811344, "seconds": 27190}
{"event": "progress", "epoch": 138, "step": 650, "loss": -13.33321931821221, "seconds": 27201}
{"event": "progress", "epoch": 138, "step": 700, "loss": -13.361614624514951, "seconds": 27211}
{"event": "progress", "epoch": 138, "step": 750, "loss": -16.759223015118785, "seconds": 27222}
{"event": "progress", "epoch": 138, "step": 800, "loss": -15.33938427878068, "seconds": 27232}
{"event": "progress", "epoch": 138, "step": 850, "loss": -14.168736813003692, "seconds": 27243}
{"event": "progress", "epoch": 138, "step": 900, "loss": -14.037795715297868, "seconds": 27253}
{"event": "epoch", "epoch": 138, "phase": "float", "loss": -15.280735965949706, "seconds": 191.57286817800195, "elapsed_seconds": 27255.543888913002, "learning_rate": 1e-05, "utterances": 770, "total_utterances": 770, "invalid_utterances": 0, "noisy_si_sdr": 6.016738904979767, "si_sdr": 13.84044543846197, "si_sdri": 7.823706533482203, "best_si_sdri": 7.926328019311986}
{"event": "progress", "epoch": 139, "step": 0, "loss": -13.684474886667573, "seconds": 27256}
{"event": "progress", "epoch": 139, "step": 50, "loss": -13.407978298991566, "seconds": 27267}
{"event": "progress", "epoch": 139, "step": 100, "loss": -18.029310474146243, "seconds": 27277}
{"event": "progress", "epoch": 139, "step": 150, "loss": -13.609830696092544, "seconds": 27288}
{"event": "progress", "epoch": 139, "step": 200, "loss": -16.146831468686912, "seconds": 27297}
{"event": "progress", "epoch": 139, "step": 250, "loss": -16.831093107341317, "seconds": 27308}
{"event": "progress", "epoch": 139, "step": 300, "loss": -15.061143065823721, "seconds": 27318}
{"event": "progress", "epoch": 139, "step": 350, "loss": -18.19287625252253, "seconds": 27329}
{"event": "progress", "epoch": 139, "step": 400, "loss": -15.398444350174831, "seconds": 27339}
{"event": "progress", "epoch": 139, "step": 450, "loss": -15.076393700040107, "seconds": 27350}
{"event": "progress", "epoch": 139, "step": 500, "loss": -13.526762656387541, "seconds": 27360}
{"event": "progress", "epoch": 139, "step": 550, "loss": -16.40011801057144, "seconds": 27371}
{"event": "progress", "epoch": 139, "step": 600, "loss": -15.086422790628527, "seconds": 27381}
{"event": "progress", "epoch": 139, "step": 650, "loss": -15.576558599963114, "seconds": 27392}
{"event": "progress", "epoch": 139, "step": 700, "loss": -14.953569630821855, "seconds": 27402}
{"event": "progress", "epoch": 139, "step": 750, "loss": -16.000124456523423, "seconds": 27413}
{"event": "progress", "epoch": 139, "step": 800, "loss": -15.124287267559396, "seconds": 27423}
{"event": "progress", "epoch": 139, "step": 850, "loss": -16.85232792779084, "seconds": 27434}
{"event": "progress", "epoch": 139, "step": 900, "loss": -12.308595884308325, "seconds": 27444}
{"event": "epoch", "epoch": 139, "phase": "float", "loss": -15.37309617256339, "seconds": 190.89806250400216, "elapsed_seconds": 27446.495949623, "learning_rate": 1e-05, "utterances": 770, "total_utterances": 770, "invalid_utterances": 0, "noisy_si_sdr": 6.016738904979767, "si_sdr": 13.903794071389697, "si_sdri": 7.88705516640993, "best_si_sdri": 7.926328019311986}
{"event": "progress", "epoch": 140, "step": 0, "loss": -16.125415447998094, "seconds": 27447}
{"event": "progress", "epoch": 140, "step": 50, "loss": -15.19449532946128, "seconds": 27458}
{"event": "progress", "epoch": 140, "step": 100, "loss": -16.994906914482403, "seconds": 27468}
{"event": "progress", "epoch": 140, "step": 150, "loss": -16.955478116822405, "seconds": 27478}
{"event": "progress", "epoch": 140, "step": 200, "loss": -16.630496526906526, "seconds": 27488}
{"event": "progress", "epoch": 140, "step": 250, "loss": -14.27805815142176, "seconds": 27499}
{"event": "progress", "epoch": 140, "step": 300, "loss": -17.47013129107986, "seconds": 27510}
{"event": "progress", "epoch": 140, "step": 350, "loss": -13.755719962950815, "seconds": 27520}
{"event": "progress", "epoch": 140, "step": 400, "loss": -15.111129447469056, "seconds": 27531}
{"event": "progress", "epoch": 140, "step": 450, "loss": -13.403816077396517, "seconds": 27541}
{"event": "progress", "epoch": 140, "step": 500, "loss": -15.630514044766707, "seconds": 27552}
{"event": "progress", "epoch": 140, "step": 550, "loss": -16.758425788434884, "seconds": 27562}
{"event": "progress", "epoch": 140, "step": 600, "loss": -16.44572744653498, "seconds": 27573}
{"event": "progress", "epoch": 140, "step": 650, "loss": -15.087651387763689, "seconds": 27583}
{"event": "progress", "epoch": 140, "step": 700, "loss": -14.627728232433896, "seconds": 27594}
{"event": "progress", "epoch": 140, "step": 750, "loss": -16.814346851745654, "seconds": 27604}
{"event": "progress", "epoch": 140, "step": 800, "loss": -18.79426315465785, "seconds": 27615}
{"event": "progress", "epoch": 140, "step": 850, "loss": -13.891265327646359, "seconds": 27625}
{"event": "progress", "epoch": 140, "step": 900, "loss": -12.246905225359491, "seconds": 27636}
{"event": "epoch", "epoch": 140, "phase": "float", "loss": -15.33106013757844, "seconds": 191.3805215020002, "elapsed_seconds": 27637.932648844002, "learning_rate": 1e-05, "utterances": 770, "total_utterances": 770, "invalid_utterances": 0, "noisy_si_sdr": 6.016738904979767, "si_sdr": 13.916418995766376, "si_sdri": 7.899680090786607, "best_si_sdri": 7.926328019311986}
{"event": "progress", "epoch": 141, "step": 0, "loss": -16.77260959405163, "seconds": 27638}
{"event": "progress", "epoch": 141, "step": 50, "loss": -12.406549540636934, "seconds": 27649}
{"event": "progress", "epoch": 141, "step": 100, "loss": -14.312773155459684, "seconds": 27660}
{"event": "progress", "epoch": 141, "step": 150, "loss": -15.097195088018502, "seconds": 27670}
{"event": "progress", "epoch": 141, "step": 200, "loss": -14.127472633269168, "seconds": 27680}
{"event": "progress", "epoch": 141, "step": 250, "loss": -18.50419359692715, "seconds": 27691}
{"event": "progress", "epoch": 141, "step": 300, "loss": -11.881992841353892, "seconds": 27702}
{"event": "progress", "epoch": 141, "step": 350, "loss": -16.05354912079656, "seconds": 27713}
{"event": "progress", "epoch": 141, "step": 400, "loss": -15.725978880030357, "seconds": 27724}
{"event": "progress", "epoch": 141, "step": 450, "loss": -15.453681348675639, "seconds": 27734}
{"event": "progress", "epoch": 141, "step": 500, "loss": -12.439931906563247, "seconds": 27745}
{"event": "progress", "epoch": 141, "step": 550, "loss": -15.413747765737625, "seconds": 27755}
{"event": "progress", "epoch": 141, "step": 600, "loss": -13.63048592992843, "seconds": 27766}
{"event": "progress", "epoch": 141, "step": 650, "loss": -13.5353184531707, "seconds": 27776}
{"event": "progress", "epoch": 141, "step": 700, "loss": -16.428693946102037, "seconds": 27787}
{"event": "progress", "epoch": 141, "step": 750, "loss": -19.664974282620477, "seconds": 27797}
{"event": "progress", "epoch": 141, "step": 800, "loss": -14.797129389536128, "seconds": 27808}
{"event": "progress", "epoch": 141, "step": 850, "loss": -13.712762083690572, "seconds": 27818}
{"event": "progress", "epoch": 141, "step": 900, "loss": -16.0541926289214, "seconds": 27829}
{"event": "epoch", "epoch": 141, "phase": "float", "loss": -15.21657475400239, "seconds": 192.78623715100548, "elapsed_seconds": 27830.775395275003, "learning_rate": 1e-05, "utterances": 770, "total_utterances": 770, "invalid_utterances": 0, "noisy_si_sdr": 6.016738904979767, "si_sdr": 13.862016846093391, "si_sdri": 7.845277941113623, "best_si_sdri": 7.926328019311986}
{"event": "progress", "epoch": 142, "step": 0, "loss": -13.954547666614255, "seconds": 27831}
{"event": "progress", "epoch": 142, "step": 50, "loss": -16.212711891743258, "seconds": 27842}
{"event": "progress", "epoch": 142, "step": 100, "loss": -15.924835846585466, "seconds": 27852}
{"event": "progress", "epoch": 142, "step": 150, "loss": -14.787246964823932, "seconds": 27863}
{"event": "progress", "epoch": 142, "step": 200, "loss": -18.106542639535324, "seconds": 27872}
{"event": "progress", "epoch": 142, "step": 250, "loss": -13.839150916734088, "seconds": 27883}
{"event": "progress", "epoch": 142, "step": 300, "loss": -15.580704613409276, "seconds": 27893}
{"event": "progress", "epoch": 142, "step": 350, "loss": -14.833886793967906, "seconds": 27904}
{"event": "progress", "epoch": 142, "step": 400, "loss": -16.830007362863213, "seconds": 27914}
{"event": "progress", "epoch": 142, "step": 450, "loss": -14.303615667488609, "seconds": 27925}
{"event": "progress", "epoch": 142, "step": 500, "loss": -17.592819541462006, "seconds": 27936}
{"event": "progress", "epoch": 142, "step": 550, "loss": -16.83819905952152, "seconds": 27946}
{"event": "progress", "epoch": 142, "step": 600, "loss": -14.70043428682572, "seconds": 27957}
{"event": "progress", "epoch": 142, "step": 650, "loss": -17.32147373008275, "seconds": 27967}
{"event": "progress", "epoch": 142, "step": 700, "loss": -15.782154851620124, "seconds": 27978}
{"event": "progress", "epoch": 142, "step": 750, "loss": -16.772050394690474, "seconds": 27988}
{"event": "progress", "epoch": 142, "step": 800, "loss": -18.92262180706045, "seconds": 27999}
{"event": "progress", "epoch": 142, "step": 850, "loss": -13.919785917028195, "seconds": 28009}
{"event": "progress", "epoch": 142, "step": 900, "loss": -6.265547472366661, "seconds": 28019}
{"event": "epoch", "epoch": 142, "phase": "float", "loss": -15.38448303507541, "seconds": 190.90290245600045, "elapsed_seconds": 28021.732715235998, "learning_rate": 1e-05, "utterances": 770, "total_utterances": 770, "invalid_utterances": 0, "noisy_si_sdr": 6.016738904979767, "si_sdr": 13.865319727513043, "si_sdri": 7.8485808225332745, "best_si_sdri": 7.926328019311986}
{"event": "progress", "epoch": 143, "step": 0, "loss": -12.90917168352043, "seconds": 28022}
{"event": "progress", "epoch": 143, "step": 50, "loss": -19.031491878068376, "seconds": 28033}
{"event": "progress", "epoch": 143, "step": 100, "loss": -18.228267856331, "seconds": 28043}
{"event": "progress", "epoch": 143, "step": 150, "loss": -15.449581639876897, "seconds": 28054}
{"event": "progress", "epoch": 143, "step": 200, "loss": -15.45366654018473, "seconds": 28064}
{"event": "progress", "epoch": 143, "step": 250, "loss": -15.283980499851326, "seconds": 28074}
{"event": "progress", "epoch": 143, "step": 300, "loss": -13.777153532361632, "seconds": 28085}
{"event": "progress", "epoch": 143, "step": 350, "loss": -16.12214219780679, "seconds": 28096}
{"event": "progress", "epoch": 143, "step": 400, "loss": -11.74688540877289, "seconds": 28106}
{"event": "progress", "epoch": 143, "step": 450, "loss": -14.323471149263948, "seconds": 28117}
{"event": "progress", "epoch": 143, "step": 500, "loss": -16.062441225448488, "seconds": 28127}
{"event": "progress", "epoch": 143, "step": 550, "loss": -15.189184431545058, "seconds": 28138}
{"event": "progress", "epoch": 143, "step": 600, "loss": -15.100505526358427, "seconds": 28148}
{"event": "progress", "epoch": 143, "step": 650, "loss": -17.360362620491564, "seconds": 28159}
{"event": "progress", "epoch": 143, "step": 700, "loss": -15.623555762697464, "seconds": 28170}
{"event": "progress", "epoch": 143, "step": 750, "loss": -15.438691514306791, "seconds": 28180}
{"event": "progress", "epoch": 143, "step": 800, "loss": -15.113035074018763, "seconds": 28191}
{"event": "progress", "epoch": 143, "step": 850, "loss": -15.345371784053926, "seconds": 28201}
{"event": "progress", "epoch": 143, "step": 900, "loss": -14.919974453957447, "seconds": 28212}
{"event": "epoch", "epoch": 143, "phase": "float", "loss": -15.291874426920453, "seconds": 192.11529270600295, "elapsed_seconds": 28213.903089670002, "learning_rate": 1e-05, "utterances": 770, "total_utterances": 770, "invalid_utterances": 0, "noisy_si_sdr": 6.016738904979767, "si_sdr": 13.87439333668175, "si_sdri": 7.8576544317019845, "best_si_sdri": 7.926328019311986}
{"event": "progress", "epoch": 144, "step": 0, "loss": -17.335494487464203, "seconds": 28214}
{"event": "progress", "epoch": 144, "step": 50, "loss": -13.89462664363373, "seconds": 28225}
{"event": "progress", "epoch": 144, "step": 100, "loss": -15.563199528882778, "seconds": 28235}
{"event": "progress", "epoch": 144, "step": 150, "loss": -15.884040890730265, "seconds": 28246}
{"event": "progress", "epoch": 144, "step": 200, "loss": -15.309426958952645, "seconds": 28256}
{"event": "progress", "epoch": 144, "step": 250, "loss": -14.273674819989262, "seconds": 28266}
{"event": "progress", "epoch": 144, "step": 300, "loss": -14.620441448092198, "seconds": 28277}
{"event": "progress", "epoch": 144, "step": 350, "loss": -15.052831840728373, "seconds": 28287}
{"event": "progress", "epoch": 144, "step": 400, "loss": -14.492753456098189, "seconds": 28298}
{"event": "progress", "epoch": 144, "step": 450, "loss": -13.604365308381194, "seconds": 28308}
{"event": "progress", "epoch": 144, "step": 500, "loss": -16.41972991685878, "seconds": 28319}
{"event": "progress", "epoch": 144, "step": 550, "loss": -15.88657162916858, "seconds": 28329}
{"event": "progress", "epoch": 144, "step": 600, "loss": -17.731847171165917, "seconds": 28340}
{"event": "progress", "epoch": 144, "step": 650, "loss": -18.927302290686722, "seconds": 28350}
{"event": "progress", "epoch": 144, "step": 700, "loss": -13.651898655711125, "seconds": 28361}
{"event": "progress", "epoch": 144, "step": 750, "loss": -13.318271586052811, "seconds": 28371}
{"event": "progress", "epoch": 144, "step": 800, "loss": -15.804711415762903, "seconds": 28382}
{"event": "progress", "epoch": 144, "step": 850, "loss": -18.617481369053095, "seconds": 28392}
{"event": "progress", "epoch": 144, "step": 900, "loss": -16.011817445810312, "seconds": 28403}
{"event": "epoch", "epoch": 144, "phase": "float", "loss": -15.269364918813288, "seconds": 190.81920094800444, "elapsed_seconds": 28404.778002921, "learning_rate": 1e-05, "utterances": 770, "total_utterances": 770, "invalid_utterances": 0, "noisy_si_sdr": 6.016738904979767, "si_sdr": 13.942133665659195, "si_sdri": 7.925394760679429, "best_si_sdri": 7.926328019311986}
{"event": "progress", "epoch": 145, "step": 0, "loss": -16.977126628498567, "seconds": 28405}
{"event": "progress", "epoch": 145, "step": 50, "loss": -14.967483483840924, "seconds": 28416}
{"event": "progress", "epoch": 145, "step": 100, "loss": -16.000609352302043, "seconds": 28426}
{"event": "progress", "epoch": 145, "step": 150, "loss": -15.332298979522353, "seconds": 28437}
{"event": "progress", "epoch": 145, "step": 200, "loss": -10.770438879283867, "seconds": 28446}
{"event": "progress", "epoch": 145, "step": 250, "loss": -13.207370666544879, "seconds": 28457}
{"event": "progress", "epoch": 145, "step": 300, "loss": -18.91168987109048, "seconds": 28467}
{"event": "progress", "epoch": 145, "step": 350, "loss": -15.706960805168388, "seconds": 28478}
{"event": "progress", "epoch": 145, "step": 400, "loss": -15.900379175520616, "seconds": 28488}
{"event": "progress", "epoch": 145, "step": 450, "loss": -16.466709296864224, "seconds": 28499}
{"event": "progress", "epoch": 145, "step": 500, "loss": -13.773143879336342, "seconds": 28509}
{"event": "progress", "epoch": 145, "step": 550, "loss": -12.613212825103654, "seconds": 28520}
{"event": "progress", "epoch": 145, "step": 600, "loss": -16.16085567034358, "seconds": 28530}
{"event": "progress", "epoch": 145, "step": 650, "loss": -14.007120125481265, "seconds": 28541}
{"event": "progress", "epoch": 145, "step": 700, "loss": -14.944964152373531, "seconds": 28551}
{"event": "progress", "epoch": 145, "step": 750, "loss": -16.084405070269213, "seconds": 28562}
{"event": "progress", "epoch": 145, "step": 800, "loss": -13.179974115094817, "seconds": 28573}
{"event": "progress", "epoch": 145, "step": 850, "loss": -14.178159520164073, "seconds": 28583}
{"event": "progress", "epoch": 145, "step": 900, "loss": -9.74008660643189, "seconds": 28593}
{"event": "epoch", "epoch": 145, "phase": "float", "loss": -15.361226685696796, "seconds": 190.9250832139951, "elapsed_seconds": 28595.758933524998, "learning_rate": 1e-05, "utterances": 770, "total_utterances": 770, "invalid_utterances": 0, "noisy_si_sdr": 6.016738904979767, "si_sdr": 13.949320642558783, "si_sdri": 7.932581737579017, "best_si_sdri": 7.932581737579017}
{"event": "progress", "epoch": 146, "step": 0, "loss": -16.510710551449513, "seconds": 28596}
{"event": "progress", "epoch": 146, "step": 50, "loss": -13.886464381004775, "seconds": 28607}
{"event": "progress", "epoch": 146, "step": 100, "loss": -14.437798816474436, "seconds": 28618}
{"event": "progress", "epoch": 146, "step": 150, "loss": -13.220534207184421, "seconds": 28628}
{"event": "progress", "epoch": 146, "step": 200, "loss": -15.602290535132273, "seconds": 28638}
{"event": "progress", "epoch": 146, "step": 250, "loss": -18.68914114567972, "seconds": 28649}
{"event": "progress", "epoch": 146, "step": 300, "loss": -14.094487746986417, "seconds": 28660}
{"event": "progress", "epoch": 146, "step": 350, "loss": -14.277258120057136, "seconds": 28671}
{"event": "progress", "epoch": 146, "step": 400, "loss": -16.80921717116893, "seconds": 28681}
{"event": "progress", "epoch": 146, "step": 450, "loss": -16.528927433106265, "seconds": 28692}
{"event": "progress", "epoch": 146, "step": 500, "loss": -17.894476808852897, "seconds": 28702}
{"event": "progress", "epoch": 146, "step": 550, "loss": -17.29802297774191, "seconds": 28713}
{"event": "progress", "epoch": 146, "step": 600, "loss": -13.363003781269258, "seconds": 28723}
{"event": "progress", "epoch": 146, "step": 650, "loss": -12.866220648188511, "seconds": 28734}
{"event": "progress", "epoch": 146, "step": 700, "loss": -17.802178680476946, "seconds": 28744}
{"event": "progress", "epoch": 146, "step": 750, "loss": -16.450556516699848, "seconds": 28755}
{"event": "progress", "epoch": 146, "step": 800, "loss": -16.073280749788353, "seconds": 28765}
{"event": "progress", "epoch": 146, "step": 850, "loss": -14.047410759242748, "seconds": 28776}
{"event": "progress", "epoch": 146, "step": 900, "loss": -15.4813893850495, "seconds": 28786}
{"event": "epoch", "epoch": 146, "phase": "float", "loss": -15.241011942612841, "seconds": 192.66169858899957, "elapsed_seconds": 28788.530645406, "learning_rate": 1e-05, "utterances": 770, "total_utterances": 770, "invalid_utterances": 0, "noisy_si_sdr": 6.016738904979767, "si_sdr": 13.919304866161902, "si_sdri": 7.902565961182132, "best_si_sdri": 7.932581737579017}
{"event": "progress", "epoch": 147, "step": 0, "loss": -14.716858946452229, "seconds": 28789}
{"event": "progress", "epoch": 147, "step": 50, "loss": -13.390327778330963, "seconds": 28800}
{"event": "progress", "epoch": 147, "step": 100, "loss": -15.685638788249737, "seconds": 28810}
{"event": "progress", "epoch": 147, "step": 150, "loss": -11.489962414684964, "seconds": 28820}
{"event": "progress", "epoch": 147, "step": 200, "loss": -13.678753408619693, "seconds": 28830}
{"event": "progress", "epoch": 147, "step": 250, "loss": -14.084436960012027, "seconds": 28841}
{"event": "progress", "epoch": 147, "step": 300, "loss": -14.927885309985143, "seconds": 28851}
{"event": "progress", "epoch": 147, "step": 350, "loss": -16.111662178531308, "seconds": 28862}
{"event": "progress", "epoch": 147, "step": 400, "loss": -15.9694867388639, "seconds": 28872}
{"event": "progress", "epoch": 147, "step": 450, "loss": -16.108290589819838, "seconds": 28883}
{"event": "progress", "epoch": 147, "step": 500, "loss": -16.225422820475934, "seconds": 28893}
{"event": "progress", "epoch": 147, "step": 550, "loss": -14.781254132990782, "seconds": 28904}
{"event": "progress", "epoch": 147, "step": 600, "loss": -19.674854932623802, "seconds": 28914}
{"event": "progress", "epoch": 147, "step": 650, "loss": -14.508371149379688, "seconds": 28925}
{"event": "progress", "epoch": 147, "step": 700, "loss": -15.50003395413365, "seconds": 28935}
{"event": "progress", "epoch": 147, "step": 750, "loss": -13.853467063400553, "seconds": 28946}
{"event": "progress", "epoch": 147, "step": 800, "loss": -14.256183945020723, "seconds": 28956}
{"event": "progress", "epoch": 147, "step": 850, "loss": -14.349760117816817, "seconds": 28967}
{"event": "progress", "epoch": 147, "step": 900, "loss": -15.365634694602683, "seconds": 28977}
{"event": "epoch", "epoch": 147, "phase": "float", "loss": -15.313581870486932, "seconds": 190.90006793499924, "elapsed_seconds": 28979.486844235, "learning_rate": 1e-05, "utterances": 770, "total_utterances": 770, "invalid_utterances": 0, "noisy_si_sdr": 6.016738904979767, "si_sdr": 13.95244590903155, "si_sdri": 7.93570700405178, "best_si_sdri": 7.93570700405178}
{"event": "progress", "epoch": 148, "step": 0, "loss": -14.708870381709753, "seconds": 28980}
{"event": "progress", "epoch": 148, "step": 50, "loss": -16.075470267840718, "seconds": 28991}
{"event": "progress", "epoch": 148, "step": 100, "loss": -17.835672976115134, "seconds": 29001}
{"event": "progress", "epoch": 148, "step": 150, "loss": -13.459028076259404, "seconds": 29011}
{"event": "progress", "epoch": 148, "step": 200, "loss": -17.558910742781478, "seconds": 29021}
{"event": "progress", "epoch": 148, "step": 250, "loss": -16.521940673840156, "seconds": 29033}
{"event": "progress", "epoch": 148, "step": 300, "loss": -14.777362648584026, "seconds": 29043}
{"event": "progress", "epoch": 148, "step": 350, "loss": -14.215413489153743, "seconds": 29054}
{"event": "progress", "epoch": 148, "step": 400, "loss": -14.81597414999933, "seconds": 29065}
{"event": "progress", "epoch": 148, "step": 450, "loss": -14.196639926283542, "seconds": 29076}
{"event": "progress", "epoch": 148, "step": 500, "loss": -12.55688540420777, "seconds": 29087}
{"event": "progress", "epoch": 148, "step": 550, "loss": -13.99806017027537, "seconds": 29097}
{"event": "progress", "epoch": 148, "step": 600, "loss": -19.87941739545679, "seconds": 29108}
{"event": "progress", "epoch": 148, "step": 650, "loss": -14.689262167872947, "seconds": 29118}
{"event": "progress", "epoch": 148, "step": 700, "loss": -13.882443156925572, "seconds": 29129}
{"event": "progress", "epoch": 148, "step": 750, "loss": -15.383275176637634, "seconds": 29139}
{"event": "progress", "epoch": 148, "step": 800, "loss": -17.856604402640553, "seconds": 29150}
{"event": "progress", "epoch": 148, "step": 850, "loss": -17.472514969821646, "seconds": 29160}
{"event": "progress", "epoch": 148, "step": 900, "loss": -14.299449705930625, "seconds": 29171}
{"event": "epoch", "epoch": 148, "phase": "float", "loss": -15.362694021209961, "seconds": 193.4322674530049, "elapsed_seconds": 29173.034816230003, "learning_rate": 1e-05, "utterances": 770, "total_utterances": 770, "invalid_utterances": 0, "noisy_si_sdr": 6.016738904979767, "si_sdr": 13.923461992215614, "si_sdri": 7.906723087235846, "best_si_sdri": 7.93570700405178}
{"event": "progress", "epoch": 149, "step": 0, "loss": -14.92835713242589, "seconds": 29174}
{"event": "progress", "epoch": 149, "step": 50, "loss": -16.62688466534085, "seconds": 29184}
{"event": "progress", "epoch": 149, "step": 100, "loss": -15.208898224637895, "seconds": 29195}
{"event": "progress", "epoch": 149, "step": 150, "loss": -13.504369558782834, "seconds": 29205}
{"event": "progress", "epoch": 149, "step": 200, "loss": -15.89151356115219, "seconds": 29215}
{"event": "progress", "epoch": 149, "step": 250, "loss": -14.15636595951157, "seconds": 29225}
{"event": "progress", "epoch": 149, "step": 300, "loss": -17.492860040406644, "seconds": 29236}
{"event": "progress", "epoch": 149, "step": 350, "loss": -16.657320016900474, "seconds": 29246}
{"event": "progress", "epoch": 149, "step": 400, "loss": -19.53163597755591, "seconds": 29257}
{"event": "progress", "epoch": 149, "step": 450, "loss": -14.605664448757475, "seconds": 29267}
{"event": "progress", "epoch": 149, "step": 500, "loss": -15.714981725189661, "seconds": 29278}
{"event": "progress", "epoch": 149, "step": 550, "loss": -17.492787171418875, "seconds": 29288}
{"event": "progress", "epoch": 149, "step": 600, "loss": -14.17736272961608, "seconds": 29299}
{"event": "progress", "epoch": 149, "step": 650, "loss": -16.386567618419946, "seconds": 29309}
{"event": "progress", "epoch": 149, "step": 700, "loss": -16.55233331421525, "seconds": 29320}
{"event": "progress", "epoch": 149, "step": 750, "loss": -14.994927934164759, "seconds": 29330}
{"event": "progress", "epoch": 149, "step": 800, "loss": -13.554075285773546, "seconds": 29341}
{"event": "progress", "epoch": 149, "step": 850, "loss": -18.390951422419477, "seconds": 29351}
{"event": "progress", "epoch": 149, "step": 900, "loss": -15.454172540193175, "seconds": 29362}
{"event": "epoch", "epoch": 149, "phase": "float", "loss": -15.405788533621191, "seconds": 190.81843169700005, "elapsed_seconds": 29363.915855791, "learning_rate": 1e-05, "utterances": 770, "total_utterances": 770, "invalid_utterances": 0, "noisy_si_sdr": 6.016738904979767, "si_sdr": 13.93066991506146, "si_sdri": 7.91393101008169, "best_si_sdri": 7.93570700405178}
{"event": "progress", "epoch": 150, "step": 0, "loss": -16.225325232036298, "seconds": 29364}
{"event": "progress", "epoch": 150, "step": 50, "loss": -13.748494158729695, "seconds": 29375}
{"event": "progress", "epoch": 150, "step": 100, "loss": -15.630894588363569, "seconds": 29386}
{"event": "progress", "epoch": 150, "step": 150, "loss": -13.544143654197942, "seconds": 29396}
