Executing action: reconfigure
Running cmake in directory /private/tmp/esp32-denoiser-build-v5.4.2
Executing "cmake -G Ninja -DPYTHON_DEPS_CHECKED=1 -DPYTHON=/private/tmp/esp32-denoiser-idf-tools-v5.4.2/python_env/idf5.4_py3.12_env/bin/python -DESP_PLATFORM=1 -DSDKCONFIG=/tmp/esp32-denoiser-frequency-sdkconfig -DCCACHE_ENABLE=0 /Users/sidchat/Documents/GitHub/autoencoder_denoiser/firmware/esp32_benchmark"...
-- Building ESP-IDF components for target esp32s3
NOTICE: Processing 2 dependencies:
NOTICE: [1/2] espressif/esp-dsp (1.8.2)
NOTICE: [2/2] idf (5.4.2)
-- Project sdkconfig file /tmp/esp32-denoiser-frequency-sdkconfig
Loading defaults file /Users/sidchat/Documents/GitHub/autoencoder_denoiser/firmware/esp32_benchmark/sdkconfig.defaults...
-- Compiler supported targets: xtensa-esp-elf
-- USING O3
-- App "esp32_denoiser_benchmark" version: 7357fb3-dirty
-- Adding linker script /tmp/esp32-denoiser-build-v5.4.2/esp-idf/esp_system/ld/memory.ld
-- Adding linker script /tmp/esp32-denoiser-build-v5.4.2/esp-idf/esp_system/ld/sections.ld.in
-- Adding linker script /tmp/esp32-denoiser-idf-v5.4.2/components/esp_rom/esp32s3/ld/esp32s3.rom.ld
-- Adding linker script /tmp/esp32-denoiser-idf-v5.4.2/components/esp_rom/esp32s3/ld/esp32s3.rom.api.ld
-- Adding linker script /tmp/esp32-denoiser-idf-v5.4.2/components/esp_rom/esp32s3/ld/esp32s3.rom.bt_funcs.ld
-- Adding linker script /tmp/esp32-denoiser-idf-v5.4.2/components/esp_rom/esp32s3/ld/esp32s3.rom.libgcc.ld
-- Adding linker script /tmp/esp32-denoiser-idf-v5.4.2/components/esp_rom/esp32s3/ld/esp32s3.rom.wdt.ld
-- Adding linker script /tmp/esp32-denoiser-idf-v5.4.2/components/esp_rom/esp32s3/ld/esp32s3.rom.version.ld
-- Adding linker script /tmp/esp32-denoiser-idf-v5.4.2/components/esp_rom/esp32s3/ld/esp32s3.rom.ble_master.ld
-- Adding linker script /tmp/esp32-denoiser-idf-v5.4.2/components/esp_rom/esp32s3/ld/esp32s3.rom.ble_50.ld
-- Adding linker script /tmp/esp32-denoiser-idf-v5.4.2/components/esp_rom/esp32s3/ld/esp32s3.rom.ble_smp.ld
-- Adding linker script /tmp/esp32-denoiser-idf-v5.4.2/components/esp_rom/esp32s3/ld/esp32s3.rom.ble_dtm.ld
-- Adding linker script /tmp/esp32-denoiser-idf-v5.4.2/components/esp_rom/esp32s3/ld/esp32s3.rom.ble_test.ld
-- Adding linker script /tmp/esp32-denoiser-idf-v5.4.2/components/esp_rom/esp32s3/ld/esp32s3.rom.ble_scan.ld
-- Adding linker script /tmp/esp32-denoiser-idf-v5.4.2/components/esp_rom/esp32s3/ld/esp32s3.rom.newlib.ld
-- Adding linker script /tmp/esp32-denoiser-idf-v5.4.2/components/soc/esp32s3/ld/esp32s3.peripherals.ld
-- Components: app_trace app_update bootloader bootloader_support bt cmock console cxx driver efuse esp-tls esp32_denoiser esp_adc esp_app_format esp_bootloader_format esp_coex esp_common esp_driver_ana_cmpr esp_driver_cam esp_driver_dac esp_driver_gpio esp_driver_gptimer esp_driver_i2c esp_driver_i2s esp_driver_isp esp_driver_jpeg esp_driver_ledc esp_driver_mcpwm esp_driver_parlio esp_driver_pcnt esp_driver_ppa esp_driver_rmt esp_driver_sdio esp_driver_sdm esp_driver_sdmmc esp_driver_sdspi esp_driver_spi esp_driver_touch_sens esp_driver_tsens esp_driver_uart esp_driver_usb_serial_jtag esp_eth esp_event esp_gdbstub esp_hid esp_http_client esp_http_server esp_https_ota esp_https_server esp_hw_support esp_lcd esp_local_ctrl esp_mm esp_netif esp_netif_stack esp_partition esp_phy esp_pm esp_psram esp_ringbuf esp_rom esp_security esp_system esp_timer esp_vfs_console esp_wifi espcoredump espressif__esp-dsp esptool_py fatfs freertos hal heap http_parser idf_test ieee802154 json log lwip main mbedtls mqtt newlib nvs_flash nvs_sec_provider openthread partition_table perfmon protobuf-c protocomm pthread rt sdmmc soc spi_flash spiffs tcp_transport touch_element ulp unity usb vfs wear_levelling wifi_provisioning wpa_supplicant xtensa
-- Component paths: /tmp/esp32-denoiser-idf-v5.4.2/components/app_trace /tmp/esp32-denoiser-idf-v5.4.2/components/app_update /tmp/esp32-denoiser-idf-v5.4.2/components/bootloader /tmp/esp32-denoiser-idf-v5.4.2/components/bootloader_support /tmp/esp32-denoiser-idf-v5.4.2/components/bt /tmp/esp32-denoiser-idf-v5.4.2/components/cmock /tmp/esp32-denoiser-idf-v5.4.2/components/console /tmp/esp32-denoiser-idf-v5.4.2/components/cxx /tmp/esp32-denoiser-idf-v5.4.2/components/driver /tmp/esp32-denoiser-idf-v5.4.2/components/efuse /tmp/esp32-denoiser-idf-v5.4.2/components/esp-tls /Users/sidchat/Documents/GitHub/autoencoder_denoiser/firmware/esp32_denoiser /tmp/esp32-denoiser-idf-v5.4.2/components/esp_adc /tmp/esp32-denoiser-idf-v5.4.2/components/esp_app_format /tmp/esp32-denoiser-idf-v5.4.2/components/esp_bootloader_format /tmp/esp32-denoiser-idf-v5.4.2/components/esp_coex /tmp/esp32-denoiser-idf-v5.4.2/components/esp_common /tmp/esp32-denoiser-idf-v5.4.2/components/esp_driver_ana_cmpr /tmp/esp32-denoiser-idf-v5.4.2/components/esp_driver_cam /tmp/esp32-denoiser-idf-v5.4.2/components/esp_driver_dac /tmp/esp32-denoiser-idf-v5.4.2/components/esp_driver_gpio /tmp/esp32-denoiser-idf-v5.4.2/components/esp_driver_gptimer /tmp/esp32-denoiser-idf-v5.4.2/components/esp_driver_i2c /tmp/esp32-denoiser-idf-v5.4.2/components/esp_driver_i2s /tmp/esp32-denoiser-idf-v5.4.2/components/esp_driver_isp /tmp/esp32-denoiser-idf-v5.4.2/components/esp_driver_jpeg /tmp/esp32-denoiser-idf-v5.4.2/components/esp_driver_ledc /tmp/esp32-denoiser-idf-v5.4.2/components/esp_driver_mcpwm /tmp/esp32-denoiser-idf-v5.4.2/components/esp_driver_parlio /tmp/esp32-denoiser-idf-v5.4.2/components/esp_driver_pcnt /tmp/esp32-denoiser-idf-v5.4.2/components/esp_driver_ppa /tmp/esp32-denoiser-idf-v5.4.2/components/esp_driver_rmt /tmp/esp32-denoiser-idf-v5.4.2/components/esp_driver_sdio /tmp/esp32-denoiser-idf-v5.4.2/components/esp_driver_sdm /tmp/esp32-denoiser-idf-v5.4.2/components/esp_driver_sdmmc /tmp/esp32-denoiser-idf-v5.4.2/components/esp_driver_sdspi /tmp/esp32-denoiser-idf-v5.4.2/components/esp_driver_spi /tmp/esp32-denoiser-idf-v5.4.2/components/esp_driver_touch_sens /tmp/esp32-denoiser-idf-v5.4.2/components/esp_driver_tsens /tmp/esp32-denoiser-idf-v5.4.2/components/esp_driver_uart /tmp/esp32-denoiser-idf-v5.4.2/components/esp_driver_usb_serial_jtag /tmp/esp32-denoiser-idf-v5.4.2/components/esp_eth /tmp/esp32-denoiser-idf-v5.4.2/components/esp_event /tmp/esp32-denoiser-idf-v5.4.2/components/esp_gdbstub /tmp/esp32-denoiser-idf-v5.4.2/components/esp_hid /tmp/esp32-denoiser-idf-v5.4.2/components/esp_http_client /tmp/esp32-denoiser-idf-v5.4.2/components/esp_http_server /tmp/esp32-denoiser-idf-v5.4.2/components/esp_https_ota /tmp/esp32-denoiser-idf-v5.4.2/components/esp_https_server /tmp/esp32-denoiser-idf-v5.4.2/components/esp_hw_support /tmp/esp32-denoiser-idf-v5.4.2/components/esp_lcd /tmp/esp32-denoiser-idf-v5.4.2/components/esp_local_ctrl /tmp/esp32-denoiser-idf-v5.4.2/components/esp_mm /tmp/esp32-denoiser-idf-v5.4.2/components/esp_netif /tmp/esp32-denoiser-idf-v5.4.2/components/esp_netif_stack /tmp/esp32-denoiser-idf-v5.4.2/components/esp_partition /tmp/esp32-denoiser-idf-v5.4.2/components/esp_phy /tmp/esp32-denoiser-idf-v5.4.2/components/esp_pm /tmp/esp32-denoiser-idf-v5.4.2/components/esp_psram /tmp/esp32-denoiser-idf-v5.4.2/components/esp_ringbuf /tmp/esp32-denoiser-idf-v5.4.2/components/esp_rom /tmp/esp32-denoiser-idf-v5.4.2/components/esp_security /tmp/esp32-denoiser-idf-v5.4.2/components/esp_system /tmp/esp32-denoiser-idf-v5.4.2/components/esp_timer /tmp/esp32-denoiser-idf-v5.4.2/components/esp_vfs_console /tmp/esp32-denoiser-idf-v5.4.2/components/esp_wifi /tmp/esp32-denoiser-idf-v5.4.2/components/espcoredump /Users/sidchat/Documents/GitHub/autoencoder_denoiser/firmware/esp32_benchmark/managed_components/espressif__esp-dsp /tmp/esp32-denoiser-idf-v5.4.2/components/esptool_py /tmp/esp32-denoiser-idf-v5.4.2/components/fatfs /tmp/esp32-denoiser-idf-v5.4.2/components/freertos /tmp/esp32-denoiser-idf-v5.4.2/components/hal /tmp/esp32-denoiser-idf-v5.4.2/components/heap /tmp/esp32-denoiser-idf-v5.4.2/components/http_parser /tmp/esp32-denoiser-idf-v5.4.2/components/idf_test /tmp/esp32-denoiser-idf-v5.4.2/components/ieee802154 /tmp/esp32-denoiser-idf-v5.4.2/components/json /tmp/esp32-denoiser-idf-v5.4.2/components/log /tmp/esp32-denoiser-idf-v5.4.2/components/lwip /Users/sidchat/Documents/GitHub/autoencoder_denoiser/firmware/esp32_benchmark/main /tmp/esp32-denoiser-idf-v5.4.2/components/mbedtls /tmp/esp32-denoiser-idf-v5.4.2/components/mqtt /tmp/esp32-denoiser-idf-v5.4.2/components/newlib /tmp/esp32-denoiser-idf-v5.4.2/components/nvs_flash /tmp/esp32-denoiser-idf-v5.4.2/components/nvs_sec_provider /tmp/esp32-denoiser-idf-v5.4.2/components/openthread /tmp/esp32-denoiser-idf-v5.4.2/components/partition_table /tmp/esp32-denoiser-idf-v5.4.2/components/perfmon /tmp/esp32-denoiser-idf-v5.4.2/components/protobuf-c /tmp/esp32-denoiser-idf-v5.4.2/components/protocomm /tmp/esp32-denoiser-idf-v5.4.2/components/pthread /tmp/esp32-denoiser-idf-v5.4.2/components/rt /tmp/esp32-denoiser-idf-v5.4.2/components/sdmmc /tmp/esp32-denoiser-idf-v5.4.2/components/soc /tmp/esp32-denoiser-idf-v5.4.2/components/spi_flash /tmp/esp32-denoiser-idf-v5.4.2/components/spiffs /tmp/esp32-denoiser-idf-v5.4.2/components/tcp_transport /tmp/esp32-denoiser-idf-v5.4.2/components/touch_element /tmp/esp32-denoiser-idf-v5.4.2/components/ulp /tmp/esp32-denoiser-idf-v5.4.2/components/unity /tmp/esp32-denoiser-idf-v5.4.2/components/usb /tmp/esp32-denoiser-idf-v5.4.2/components/vfs /tmp/esp32-denoiser-idf-v5.4.2/components/wear_levelling /tmp/esp32-denoiser-idf-v5.4.2/components/wifi_provisioning /tmp/esp32-denoiser-idf-v5.4.2/components/wpa_supplicant /tmp/esp32-denoiser-idf-v5.4.2/components/xtensa
-- Configuring done (3.5s)
-- Generating done (0.5s)
-- Build files have been written to: /tmp/esp32-denoiser-build-v5.4.2
Executing action: all (aliases: build)
Running ninja in directory /private/tmp/esp32-denoiser-build-v5.4.2
Executing "ninja all"...
[1/1182] Generating /tmp/esp32-denoiser-build-v5.4.2/esp-idf/esp_system/ld/memory.ld linker script...
[2/1182] Generating /tmp/esp32-denoiser-build-v5.4.2/esp-idf/esp_system/ld/sections.ld.in linker script...
[3/1182] Building C object esp-idf/esp_http_server/CMakeFiles/__idf_esp_http_server.dir/src/httpd_ws.c.obj
[4/1182] Building C object esp-idf/esp_http_client/CMakeFiles/__idf_esp_http_client.dir/lib/http_header.c.obj
[5/1182] Building C object esp-idf/esp_http_client/CMakeFiles/__idf_esp_http_client.dir/lib/http_utils.c.obj
[6/1182] Building C object esp-idf/esp_http_server/CMakeFiles/__idf_esp_http_server.dir/src/util/ctrl_sock.c.obj
[7/1182] Building C object esp-idf/tcp_transport/CMakeFiles/__idf_tcp_transport.dir/transport_internal.c.obj
[8/1182] Building C object esp-idf/esp_http_server/CMakeFiles/__idf_esp_http_server.dir/src/httpd_uri.c.obj
[9/1182] Building C object esp-idf/esp_http_client/CMakeFiles/__idf_esp_http_client.dir/lib/http_auth.c.obj
[10/1182] Building C object esp-idf/tcp_transport/CMakeFiles/__idf_tcp_transport.dir/transport.c.obj
[11/1182] Building C object esp-idf/esp_http_server/CMakeFiles/__idf_esp_http_server.dir/src/httpd_txrx.c.obj
[12/1182] Building C object esp-idf/esp_https_ota/CMakeFiles/__idf_esp_https_ota.dir/src/esp_https_ota.c.obj
[13/1182] Building C object esp-idf/esp_http_server/CMakeFiles/__idf_esp_http_server.dir/src/httpd_main.c.obj
[14/1182] Building C object esp-idf/esp_http_server/CMakeFiles/__idf_esp_http_server.dir/src/httpd_sess.c.obj
[15/1182] Building C object esp-idf/esp_http_server/CMakeFiles/__idf_esp_http_server.dir/src/httpd_parse.c.obj
[16/1182] Building C object esp-idf/tcp_transport/CMakeFiles/__idf_tcp_transport.dir/transport_ssl.c.obj
[17/1182] Building C object esp-idf/esp_adc/CMakeFiles/__idf_esp_adc.dir/adc_cali.c.obj
[18/1182] Linking C static library esp-idf/esp_https_ota/libesp_https_ota.a
[19/1182] Building C object esp-idf/esp_adc/CMakeFiles/__idf_esp_adc.dir/adc_cali_curve_fitting.c.obj
[20/1182] Building C object esp-idf/esp_adc/CMakeFiles/__idf_esp_adc.dir/esp32s3/curve_fitting_coefficients.c.obj
[21/1182] Building C object esp-idf/esp_adc/CMakeFiles/__idf_esp_adc.dir/deprecated/esp_adc_cal_common_legacy.c.obj
[22/1182] Building C object esp-idf/esp_adc/CMakeFiles/__idf_esp_adc.dir/adc_common.c.obj
[23/1182] Building C object esp-idf/tcp_transport/CMakeFiles/__idf_tcp_transport.dir/transport_socks_proxy.c.obj
[24/1182] Building C object esp-idf/esp_adc/CMakeFiles/__idf_esp_adc.dir/deprecated/esp32s3/esp_adc_cal_legacy.c.obj
[25/1182] Building C object esp-idf/esp_adc/CMakeFiles/__idf_esp_adc.dir/gdma/adc_dma.c.obj
[26/1182] Building C object esp-idf/esp_adc/CMakeFiles/__idf_esp_adc.dir/adc_oneshot.c.obj
[27/1182] Building C object esp-idf/esp_adc/CMakeFiles/__idf_esp_adc.dir/adc_filter.c.obj
[28/1182] Building C object esp-idf/esp_http_client/CMakeFiles/__idf_esp_http_client.dir/esp_http_client.c.obj
[29/1182] Building C object esp-idf/esp_adc/CMakeFiles/__idf_esp_adc.dir/adc_monitor.c.obj
[30/1182] Building C object esp-idf/esp_adc/CMakeFiles/__idf_esp_adc.dir/adc_continuous.c.obj
[31/1182] Building C object esp-idf/esp-tls/CMakeFiles/__idf_esp-tls.dir/esp_tls_platform_port.c.obj
[32/1182] Building C object esp-idf/esp-tls/CMakeFiles/__idf_esp-tls.dir/esp-tls-crypto/esp_tls_crypto.c.obj
[33/1182] Linking C static library esp-idf/esp_http_server/libesp_http_server.a
[34/1182] Building C object esp-idf/esp-tls/CMakeFiles/__idf_esp-tls.dir/esp_tls_error_capture.c.obj
[35/1182] Building ASM object esp-idf/esp_gdbstub/CMakeFiles/__idf_esp_gdbstub.dir/src/port/xtensa/gdbstub-entry.S.obj
[36/1182] Building C object esp-idf/tcp_transport/CMakeFiles/__idf_tcp_transport.dir/transport_ws.c.obj
[37/1182] Building C object esp-idf/esp_gdbstub/CMakeFiles/__idf_esp_gdbstub.dir/src/gdbstub_transport.c.obj
[38/1182] Building C object esp-idf/esp_wifi/CMakeFiles/__idf_esp_wifi.dir/src/lib_printf.c.obj
[39/1182] Building C object esp-idf/esp_gdbstub/CMakeFiles/__idf_esp_gdbstub.dir/src/packet.c.obj
[40/1182] Linking C static library esp-idf/esp_http_client/libesp_http_client.a
[41/1182] Building C object esp-idf/esp_wifi/CMakeFiles/__idf_esp_wifi.dir/src/mesh_event.c.obj
[42/1182] Building C object esp-idf/esp_gdbstub/CMakeFiles/__idf_esp_gdbstub.dir/src/gdbstub.c.obj
[43/1182] Building C object esp-idf/esp_wifi/CMakeFiles/__idf_esp_wifi.dir/src/smartconfig.c.obj
[44/1182] Building C object esp-idf/esp_gdbstub/CMakeFiles/__idf_esp_gdbstub.dir/src/port/xtensa/gdbstub_xtensa.c.obj
[45/1182] Building C object esp-idf/esp_wifi/CMakeFiles/__idf_esp_wifi.dir/src/wifi_default_ap.c.obj
[46/1182] Building C object esp-idf/esp_wifi/CMakeFiles/__idf_esp_wifi.dir/src/wifi_netif.c.obj
[47/1182] Building C object esp-idf/esp_coex/CMakeFiles/__idf_esp_coex.dir/src/coexist_debug_diagram.c.obj
[48/1182] Building C object esp-idf/esp_wifi/CMakeFiles/__idf_esp_wifi.dir/src/wifi_init.c.obj
[49/1182] Building C object esp-idf/esp-tls/CMakeFiles/__idf_esp-tls.dir/esp_tls.c.obj
[50/1182] Building C object esp-idf/esp_wifi/CMakeFiles/__idf_esp_wifi.dir/src/wifi_default.c.obj
[51/1182] Linking C static library esp-idf/tcp_transport/libtcp_transport.a
[52/1182] Building C object esp-idf/esp_coex/CMakeFiles/__idf_esp_coex.dir/src/coexist_debug.c.obj
[53/1182] Building C object esp-idf/esp-tls/CMakeFiles/__idf_esp-tls.dir/esp_tls_mbedtls.c.obj
[54/1182] Building C object esp-idf/esp_coex/CMakeFiles/__idf_esp_coex.dir/esp32s3/esp_coex_adapter.c.obj
[55/1182] Building C object esp-idf/esp_wifi/CMakeFiles/__idf_esp_wifi.dir/src/smartconfig_ack.c.obj
[56/1182] Building C object esp-idf/esp_wifi/CMakeFiles/__idf_esp_wifi.dir/esp32s3/esp_adapter.c.obj
[57/1182] Building C object esp-idf/wpa_supplicant/CMakeFiles/__idf_wpa_supplicant.dir/port/os_xtensa.c.obj
[58/1182] Building C object esp-idf/wpa_supplicant/CMakeFiles/__idf_wpa_supplicant.dir/src/ap/ap_config.c.obj
[59/1182] Linking C static library esp-idf/esp_adc/libesp_adc.a
[60/1182] Building C object esp-idf/wpa_supplicant/CMakeFiles/__idf_wpa_supplicant.dir/port/eloop.c.obj
[61/1182] Building C object esp-idf/wpa_supplicant/CMakeFiles/__idf_wpa_supplicant.dir/src/ap/comeback_token.c.obj
[62/1182] Building C object esp-idf/wpa_supplicant/CMakeFiles/__idf_wpa_supplicant.dir/src/ap/ieee802_1x.c.obj
[63/1182] Building C object esp-idf/wpa_supplicant/CMakeFiles/__idf_wpa_supplicant.dir/src/ap/pmksa_cache_auth.c.obj
[64/1182] Building C object esp-idf/wpa_supplicant/CMakeFiles/__idf_wpa_supplicant.dir/src/ap/sta_info.c.obj
[65/1182] Building C object esp-idf/wpa_supplicant/CMakeFiles/__idf_wpa_supplicant.dir/src/utils/bitfield.c.obj
[66/1182] Linking C static library esp-idf/esp-tls/libesp-tls.a
[67/1182] Building C object esp-idf/wpa_supplicant/CMakeFiles/__idf_wpa_supplicant.dir/src/ap/wpa_auth_ie.c.obj
[68/1182] Building C object esp-idf/wpa_supplicant/CMakeFiles/__idf_wpa_supplicant.dir/src/common/dragonfly.c.obj
[69/1182] Building C object esp-idf/wpa_supplicant/CMakeFiles/__idf_wpa_supplicant.dir/src/crypto/sha256-kdf.c.obj
[70/1182] Building C object esp-idf/wpa_supplicant/CMakeFiles/__idf_wpa_supplicant.dir/src/crypto/crypto_ops.c.obj
[71/1182] Building C object esp-idf/wpa_supplicant/CMakeFiles/__idf_wpa_supplicant.dir/src/crypto/aes-siv.c.obj
[72/1182] Building C object esp-idf/wpa_supplicant/CMakeFiles/__idf_wpa_supplicant.dir/src/crypto/dh_group5.c.obj
[73/1182] Building C object esp-idf/http_parser/CMakeFiles/__idf_http_parser.dir/http_parser.c.obj
[74/1182] Building C object esp-idf/wpa_supplicant/CMakeFiles/__idf_wpa_supplicant.dir/src/ap/ieee802_11.c.obj
[75/1182] Building C object esp-idf/wpa_supplicant/CMakeFiles/__idf_wpa_supplicant.dir/src/crypto/dh_groups.c.obj
[76/1182] Building C object esp-idf/wpa_supplicant/CMakeFiles/__idf_wpa_supplicant.dir/src/crypto/sha1-tlsprf.c.obj
[77/1182] Building C object esp-idf/wpa_supplicant/CMakeFiles/__idf_wpa_supplicant.dir/src/crypto/aes-gcm.c.obj
[78/1182] Building C object esp-idf/wpa_supplicant/CMakeFiles/__idf_wpa_supplicant.dir/src/crypto/sha256-tlsprf.c.obj
[79/1182] Building C object esp-idf/wpa_supplicant/CMakeFiles/__idf_wpa_supplicant.dir/src/crypto/ms_funcs.c.obj
[80/1182] Building C object esp-idf/wpa_supplicant/CMakeFiles/__idf_wpa_supplicant.dir/src/common/wpa_common.c.obj
[81/1182] Linking C static library esp-idf/http_parser/libhttp_parser.a
[82/1182] Building C object esp-idf/wpa_supplicant/CMakeFiles/__idf_wpa_supplicant.dir/src/crypto/sha1-prf.c.obj
[83/1182] Building C object esp-idf/wpa_supplicant/CMakeFiles/__idf_wpa_supplicant.dir/src/crypto/sha256-prf.c.obj
[84/1182] Building C object esp-idf/wpa_supplicant/CMakeFiles/__idf_wpa_supplicant.dir/src/crypto/sha384-prf.c.obj
[85/1182] Building C object esp-idf/wpa_supplicant/CMakeFiles/__idf_wpa_supplicant.dir/src/crypto/sha384-tlsprf.c.obj
[86/1182] Building C object esp-idf/wpa_supplicant/CMakeFiles/__idf_wpa_supplicant.dir/src/crypto/md4-internal.c.obj
[87/1182] Building C object esp-idf/wpa_supplicant/CMakeFiles/__idf_wpa_supplicant.dir/src/ap/wpa_auth.c.obj
[88/1182] Building C object esp-idf/wpa_supplicant/CMakeFiles/__idf_wpa_supplicant.dir/src/crypto/sha1-tprf.c.obj
[89/1182] Building C object esp-idf/wpa_supplicant/CMakeFiles/__idf_wpa_supplicant.dir/src/crypto/ccmp.c.obj
[90/1182] Linking C static library esp-idf/esp_gdbstub/libesp_gdbstub.a
[91/1182] Building C object esp-idf/wpa_supplicant/CMakeFiles/__idf_wpa_supplicant.dir/src/eap_common/eap_wsc_common.c.obj
[92/1182] Building C object esp-idf/wpa_supplicant/CMakeFiles/__idf_wpa_supplicant.dir/src/eap_peer/chap.c.obj
[93/1182] Building C object esp-idf/wpa_supplicant/CMakeFiles/__idf_wpa_supplicant.dir/src/eap_peer/eap_peap_common.c.obj
[94/1182] Building C object esp-idf/wpa_supplicant/CMakeFiles/__idf_wpa_supplicant.dir/src/common/ieee802_11_common.c.obj
[95/1182] Linking C static library esp-idf/esp_wifi/libesp_wifi.a
[96/1182] Building C object esp-idf/wpa_supplicant/CMakeFiles/__idf_wpa_supplicant.dir/src/eap_peer/eap_common.c.obj
[97/1182] Building C object esp-idf/wpa_supplicant/CMakeFiles/__idf_wpa_supplicant.dir/src/eap_peer/eap_tls.c.obj
[98/1182] Building C object esp-idf/wpa_supplicant/CMakeFiles/__idf_wpa_supplicant.dir/src/eap_peer/mschapv2.c.obj
[99/1182] Building C object esp-idf/wpa_supplicant/CMakeFiles/__idf_wpa_supplicant.dir/src/eap_peer/eap_fast_common.c.obj
[100/1182] Building C object esp-idf/wpa_supplicant/CMakeFiles/__idf_wpa_supplicant.dir/src/eap_peer/eap_mschapv2.c.obj
[101/1182] Building C object esp-idf/wpa_supplicant/CMakeFiles/__idf_wpa_supplicant.dir/src/common/sae.c.obj
[102/1182] Building C object esp-idf/wpa_supplicant/CMakeFiles/__idf_wpa_supplicant.dir/src/utils/ext_password.c.obj
[103/1182] Building C object esp-idf/wpa_supplicant/CMakeFiles/__idf_wpa_supplicant.dir/src/utils/base64.c.obj
[104/1182] Building C object esp-idf/wpa_supplicant/CMakeFiles/__idf_wpa_supplicant.dir/src/eap_peer/eap.c.obj
[105/1182] Building C object esp-idf/wpa_supplicant/CMakeFiles/__idf_wpa_supplicant.dir/src/eap_peer/eap_tls_common.c.obj
[106/1182] Building C object esp-idf/wpa_supplicant/CMakeFiles/__idf_wpa_supplicant.dir/src/rsn_supp/wpa_ie.c.obj
[107/1182] Building C object esp-idf/wpa_supplicant/CMakeFiles/__idf_wpa_supplicant.dir/src/utils/uuid.c.obj
[108/1182] Building C object esp-idf/wpa_supplicant/CMakeFiles/__idf_wpa_supplicant.dir/src/rsn_supp/pmksa_cache.c.obj
[109/1182] Building C object esp-idf/wpa_supplicant/CMakeFiles/__idf_wpa_supplicant.dir/src/eap_peer/eap_peap.c.obj
[110/1182] Building C object esp-idf/wpa_supplicant/CMakeFiles/__idf_wpa_supplicant.dir/src/utils/wpa_debug.c.obj
[111/1182] Building C object esp-idf/wpa_supplicant/CMakeFiles/__idf_wpa_supplicant.dir/src/eap_peer/eap_ttls.c.obj
[112/1182] Building C object esp-idf/wpa_supplicant/CMakeFiles/__idf_wpa_supplicant.dir/src/utils/wpabuf.c.obj
[113/1182] Building C object esp-idf/wpa_supplicant/CMakeFiles/__idf_wpa_supplicant.dir/src/eap_peer/eap_fast_pac.c.obj
[114/1182] Building C object esp-idf/wpa_supplicant/CMakeFiles/__idf_wpa_supplicant.dir/src/utils/common.c.obj
[115/1182] Building C object esp-idf/wpa_supplicant/CMakeFiles/__idf_wpa_supplicant.dir/src/wps/wps_attr_process.c.obj
[116/1182] Building C object esp-idf/wpa_supplicant/CMakeFiles/__idf_wpa_supplicant.dir/src/wps/wps_attr_parse.c.obj
[117/1182] Building C object esp-idf/wpa_supplicant/CMakeFiles/__idf_wpa_supplicant.dir/esp_supplicant/src/esp_wpa2_api_port.c.obj
[118/1182] Building C object esp-idf/wpa_supplicant/CMakeFiles/__idf_wpa_supplicant.dir/src/wps/wps_attr_build.c.obj
[119/1182] Building C object esp-idf/wpa_supplicant/CMakeFiles/__idf_wpa_supplicant.dir/src/wps/wps.c.obj
[120/1182] Building C object esp-idf/wpa_supplicant/CMakeFiles/__idf_wpa_supplicant.dir/src/wps/wps_dev_attr.c.obj
[121/1182] Building C object esp-idf/wpa_supplicant/CMakeFiles/__idf_wpa_supplicant.dir/src/wps/wps_common.c.obj
[122/1182] Building C object esp-idf/wpa_supplicant/CMakeFiles/__idf_wpa_supplicant.dir/esp_supplicant/src/esp_wpas_glue.c.obj
[123/1182] Building C object esp-idf/wpa_supplicant/CMakeFiles/__idf_wpa_supplicant.dir/esp_supplicant/src/esp_wpa_main.c.obj
[124/1182] Building C object esp-idf/wpa_supplicant/CMakeFiles/__idf_wpa_supplicant.dir/esp_supplicant/src/esp_common.c.obj
[125/1182] Building C object esp-idf/wpa_supplicant/CMakeFiles/__idf_wpa_supplicant.dir/src/common/sae_pk.c.obj
[126/1182] Building C object esp-idf/wpa_supplicant/CMakeFiles/__idf_wpa_supplicant.dir/src/utils/json.c.obj
[127/1182] Building C object esp-idf/wpa_supplicant/CMakeFiles/__idf_wpa_supplicant.dir/src/eap_peer/eap_fast.c.obj
[128/1182] Building C object esp-idf/wpa_supplicant/CMakeFiles/__idf_wpa_supplicant.dir/esp_supplicant/src/esp_owe.c.obj
[129/1182] Building C object esp-idf/wpa_supplicant/CMakeFiles/__idf_wpa_supplicant.dir/src/wps/wps_enrollee.c.obj
[130/1182] Building C object esp-idf/wpa_supplicant/CMakeFiles/__idf_wpa_supplicant.dir/esp_supplicant/src/crypto/fastpsk.c.obj
[131/1182] Building C object esp-idf/wpa_supplicant/CMakeFiles/__idf_wpa_supplicant.dir/esp_supplicant/src/esp_hostap.c.obj
[132/1182] Building C object esp-idf/wpa_supplicant/CMakeFiles/__idf_wpa_supplicant.dir/src/crypto/rc4.c.obj
[133/1182] Building C object esp-idf/wpa_supplicant/CMakeFiles/__idf_wpa_supplicant.dir/esp_supplicant/src/esp_eap_client.c.obj
[134/1182] Building C object esp-idf/wpa_supplicant/CMakeFiles/__idf_wpa_supplicant.dir/esp_supplicant/src/crypto/crypto_mbedtls-bignum.c.obj
[135/1182] Building C object esp-idf/wpa_supplicant/CMakeFiles/__idf_wpa_supplicant.dir/esp_supplicant/src/esp_wpa3.c.obj
[136/1182] Building C object esp-idf/wpa_supplicant/CMakeFiles/__idf_wpa_supplicant.dir/esp_supplicant/src/crypto/crypto_mbedtls.c.obj
[137/1182] Building C object esp-idf/wpa_supplicant/CMakeFiles/__idf_wpa_supplicant.dir/esp_supplicant/src/crypto/crypto_mbedtls-rsa.c.obj
[138/1182] Building C object esp-idf/wpa_supplicant/CMakeFiles/__idf_wpa_supplicant.dir/src/rsn_supp/wpa.c.obj
[139/1182] Building C object esp-idf/wpa_supplicant/CMakeFiles/__idf_wpa_supplicant.dir/src/crypto/des-internal.c.obj
[140/1182] Building C object esp-idf/wpa_supplicant/CMakeFiles/__idf_wpa_supplicant.dir/esp_supplicant/src/crypto/tls_mbedtls.c.obj
[141/1182] Building C object esp-idf/wpa_supplicant/CMakeFiles/__idf_wpa_supplicant.dir/src/crypto/aes-unwrap.c.obj
[142/1182] Building C object esp-idf/wpa_supplicant/CMakeFiles/__idf_wpa_supplicant.dir/esp_supplicant/src/crypto/fastpbkdf2.c.obj
[143/1182] Building C object esp-idf/wpa_supplicant/CMakeFiles/__idf_wpa_supplicant.dir/src/crypto/aes-wrap.c.obj
[144/1182] Building C object esp-idf/esp_netif/CMakeFiles/__idf_esp_netif.dir/esp_netif_defaults.c.obj
[145/1182] Building C object esp-idf/wpa_supplicant/CMakeFiles/__idf_wpa_supplicant.dir/esp_supplicant/src/esp_wps.c.obj
[146/1182] Linking C static library esp-idf/esp_coex/libesp_coex.a
[147/1182] Building C object esp-idf/esp_netif/CMakeFiles/__idf_esp_netif.dir/esp_netif_objects.c.obj
[148/1182] Building C object esp-idf/wpa_supplicant/CMakeFiles/__idf_wpa_supplicant.dir/esp_supplicant/src/crypto/crypto_mbedtls-ec.c.obj
[149/1182] Building C object esp-idf/esp_netif/CMakeFiles/__idf_esp_netif.dir/esp_netif_handlers.c.obj
[150/1182] Building C object esp-idf/wpa_supplicant/CMakeFiles/__idf_wpa_supplicant.dir/src/crypto/aes-ccm.c.obj
[151/1182] Building C object esp-idf/esp_netif/CMakeFiles/__idf_esp_netif.dir/lwip/esp_netif_lwip_defaults.c.obj
[152/1182] Building C object esp-idf/esp_netif/CMakeFiles/__idf_esp_netif.dir/lwip/netif/esp_pbuf_ref.c.obj
[153/1182] Building C object esp-idf/esp_netif/CMakeFiles/__idf_esp_netif.dir/lwip/esp_netif_sntp.c.obj
[154/1182] Building C object esp-idf/esp_netif/CMakeFiles/__idf_esp_netif.dir/lwip/netif/ethernetif.c.obj
[155/1182] Building C object esp-idf/lwip/CMakeFiles/__idf_lwip.dir/lwip/src/api/err.c.obj
[156/1182] Building C object esp-idf/lwip/CMakeFiles/__idf_lwip.dir/lwip/src/api/if_api.c.obj
[157/1182] Building C object esp-idf/lwip/CMakeFiles/__idf_lwip.dir/lwip/src/api/netifapi.c.obj
[158/1182] Building C object esp-idf/esp_netif/CMakeFiles/__idf_esp_netif.dir/lwip/netif/wlanif.c.obj
[159/1182] Building C object esp-idf/lwip/CMakeFiles/__idf_lwip.dir/apps/sntp/sntp.c.obj
[160/1182] Building C object esp-idf/lwip/CMakeFiles/__idf_lwip.dir/lwip/src/api/netbuf.c.obj
[161/1182] Building C object esp-idf/lwip/CMakeFiles/__idf_lwip.dir/lwip/src/api/netdb.c.obj
[162/1182] Building C object esp-idf/lwip/CMakeFiles/__idf_lwip.dir/lwip/src/core/def.c.obj
[163/1182] Building C object esp-idf/lwip/CMakeFiles/__idf_lwip.dir/lwip/src/api/tcpip.c.obj
[164/1182] Building C object esp-idf/lwip/CMakeFiles/__idf_lwip.dir/lwip/src/apps/netbiosns/netbiosns.c.obj
[165/1182] Building C object esp-idf/lwip/CMakeFiles/__idf_lwip.dir/lwip/src/core/init.c.obj
[166/1182] Building C object esp-idf/lwip/CMakeFiles/__idf_lwip.dir/lwip/src/core/ip.c.obj
[167/1182] Building C object esp-idf/lwip/CMakeFiles/__idf_lwip.dir/lwip/src/apps/sntp/sntp.c.obj
[168/1182] Linking C static library esp-idf/wpa_supplicant/libwpa_supplicant.a
[169/1182] Building C object esp-idf/lwip/CMakeFiles/__idf_lwip.dir/lwip/src/core/inet_chksum.c.obj
[170/1182] Building C object esp-idf/lwip/CMakeFiles/__idf_lwip.dir/lwip/src/api/api_lib.c.obj
[171/1182] Building C object esp-idf/lwip/CMakeFiles/__idf_lwip.dir/lwip/src/core/mem.c.obj
[172/1182] Building C object esp-idf/lwip/CMakeFiles/__idf_lwip.dir/lwip/src/core/memp.c.obj
[173/1182] Building C object esp-idf/lwip/CMakeFiles/__idf_lwip.dir/lwip/src/core/stats.c.obj
[174/1182] Building C object esp-idf/lwip/CMakeFiles/__idf_lwip.dir/lwip/src/core/sys.c.obj
[175/1182] Building C object esp-idf/lwip/CMakeFiles/__idf_lwip.dir/lwip/src/core/raw.c.obj
[176/1182] Building C object esp-idf/lwip/CMakeFiles/__idf_lwip.dir/lwip/src/core/ipv4/autoip.c.obj
[177/1182] Building C object esp-idf/lwip/CMakeFiles/__idf_lwip.dir/lwip/src/core/timeouts.c.obj
[178/1182] Building C object esp-idf/lwip/CMakeFiles/__idf_lwip.dir/lwip/src/api/api_msg.c.obj
[179/1182] Building C object esp-idf/lwip/CMakeFiles/__idf_lwip.dir/lwip/src/core/dns.c.obj
[180/1182] Building C object esp-idf/lwip/CMakeFiles/__idf_lwip.dir/lwip/src/core/ipv4/icmp.c.obj
[181/1182] Building C object esp-idf/lwip/CMakeFiles/__idf_lwip.dir/lwip/src/core/ipv4/etharp.c.obj
[182/1182] Building C object esp-idf/lwip/CMakeFiles/__idf_lwip.dir/lwip/src/core/pbuf.c.obj
[183/1182] Building C object esp-idf/lwip/CMakeFiles/__idf_lwip.dir/lwip/src/core/ipv4/ip4_napt.c.obj
[184/1182] Building C object esp-idf/esp_netif/CMakeFiles/__idf_esp_netif.dir/lwip/esp_netif_lwip.c.obj
[185/1182] Building C object esp-idf/lwip/CMakeFiles/__idf_lwip.dir/lwip/src/core/ipv4/ip4.c.obj
[186/1182] Building C object esp-idf/lwip/CMakeFiles/__idf_lwip.dir/lwip/src/core/ipv4/igmp.c.obj
[187/1182] Building C object esp-idf/lwip/CMakeFiles/__idf_lwip.dir/lwip/src/core/udp.c.obj
[188/1182] Building C object esp-idf/lwip/CMakeFiles/__idf_lwip.dir/lwip/src/core/ipv4/ip4_addr.c.obj
[189/1182] Building C object esp-idf/lwip/CMakeFiles/__idf_lwip.dir/lwip/src/core/ipv4/ip4_frag.c.obj
[190/1182] Building C object esp-idf/lwip/CMakeFiles/__idf_lwip.dir/lwip/src/core/ipv6/dhcp6.c.obj
[191/1182] Building C object esp-idf/lwip/CMakeFiles/__idf_lwip.dir/lwip/src/core/tcp_out.c.obj
[192/1182] Building C object esp-idf/lwip/CMakeFiles/__idf_lwip.dir/lwip/src/core/netif.c.obj
[193/1182] Building C object esp-idf/lwip/CMakeFiles/__idf_lwip.dir/lwip/src/core/ipv6/ethip6.c.obj
[194/1182] Building C object esp-idf/lwip/CMakeFiles/__idf_lwip.dir/lwip/src/core/ipv6/icmp6.c.obj
[195/1182] Building C object esp-idf/lwip/CMakeFiles/__idf_lwip.dir/lwip/src/core/ipv6/inet6.c.obj
[196/1182] Building C object esp-idf/lwip/CMakeFiles/__idf_lwip.dir/lwip/src/core/ipv6/ip6_frag.c.obj
[197/1182] Building C object esp-idf/lwip/CMakeFiles/__idf_lwip.dir/lwip/src/core/tcp.c.obj
[198/1182] Building C object esp-idf/lwip/CMakeFiles/__idf_lwip.dir/lwip/src/core/ipv4/dhcp.c.obj
[199/1182] Building C object esp-idf/lwip/CMakeFiles/__idf_lwip.dir/lwip/src/netif/ethernet.c.obj
[200/1182] Building C object esp-idf/lwip/CMakeFiles/__idf_lwip.dir/lwip/src/core/ipv6/ip6_addr.c.obj
[201/1182] Building C object esp-idf/lwip/CMakeFiles/__idf_lwip.dir/lwip/src/netif/bridgeif.c.obj
[202/1182] Building C object esp-idf/lwip/CMakeFiles/__idf_lwip.dir/lwip/src/core/ipv6/mld6.c.obj
[203/1182] Building C object esp-idf/lwip/CMakeFiles/__idf_lwip.dir/lwip/src/netif/bridgeif_fdb.c.obj
[204/1182] Building C object esp-idf/lwip/CMakeFiles/__idf_lwip.dir/lwip/src/netif/ppp/auth.c.obj
[205/1182] Building C object esp-idf/lwip/CMakeFiles/__idf_lwip.dir/lwip/src/netif/ppp/ccp.c.obj
[206/1182] Building C object esp-idf/lwip/CMakeFiles/__idf_lwip.dir/lwip/src/netif/slipif.c.obj
[207/1182] Building C object esp-idf/lwip/CMakeFiles/__idf_lwip.dir/lwip/src/core/tcp_in.c.obj
[208/1182] Building C object esp-idf/lwip/CMakeFiles/__idf_lwip.dir/lwip/src/netif/ppp/chap-new.c.obj
[209/1182] Building C object esp-idf/lwip/CMakeFiles/__idf_lwip.dir/lwip/src/netif/ppp/chap-md5.c.obj
[210/1182] Building C object esp-idf/lwip/CMakeFiles/__idf_lwip.dir/lwip/src/netif/ppp/chap_ms.c.obj
[211/1182] Building C object esp-idf/lwip/CMakeFiles/__idf_lwip.dir/lwip/src/netif/ppp/demand.c.obj
[212/1182] Building C object esp-idf/lwip/CMakeFiles/__idf_lwip.dir/lwip/src/netif/ppp/eap.c.obj
[213/1182] Building C object esp-idf/lwip/CMakeFiles/__idf_lwip.dir/lwip/src/netif/ppp/ecp.c.obj
[214/1182] Building C object esp-idf/lwip/CMakeFiles/__idf_lwip.dir/lwip/src/netif/ppp/eui64.c.obj
[215/1182] Building C object esp-idf/lwip/CMakeFiles/__idf_lwip.dir/lwip/src/netif/ppp/fsm.c.obj
[216/1182] Building C object esp-idf/lwip/CMakeFiles/__idf_lwip.dir/lwip/src/netif/ppp/ipv6cp.c.obj
[217/1182] Building C object esp-idf/lwip/CMakeFiles/__idf_lwip.dir/lwip/src/netif/ppp/ipcp.c.obj
[218/1182] Building C object esp-idf/lwip/CMakeFiles/__idf_lwip.dir/lwip/src/netif/ppp/lcp.c.obj
[219/1182] Building C object esp-idf/lwip/CMakeFiles/__idf_lwip.dir/lwip/src/netif/ppp/magic.c.obj
[220/1182] Building C object esp-idf/lwip/CMakeFiles/__idf_lwip.dir/lwip/src/netif/ppp/multilink.c.obj
[221/1182] Building C object esp-idf/lwip/CMakeFiles/__idf_lwip.dir/lwip/src/netif/ppp/mppe.c.obj
[222/1182] Building C object esp-idf/lwip/CMakeFiles/__idf_lwip.dir/lwip/src/netif/ppp/pppapi.c.obj
[223/1182] Building C object esp-idf/lwip/CMakeFiles/__idf_lwip.dir/lwip/src/netif/ppp/ppp.c.obj
[224/1182] Building C object esp-idf/lwip/CMakeFiles/__idf_lwip.dir/lwip/src/netif/ppp/pppcrypt.c.obj
[225/1182] Building C object esp-idf/lwip/CMakeFiles/__idf_lwip.dir/lwip/src/netif/ppp/pppoe.c.obj
[226/1182] Building C object esp-idf/lwip/CMakeFiles/__idf_lwip.dir/lwip/src/netif/ppp/pppol2tp.c.obj
[227/1182] Building C object esp-idf/lwip/CMakeFiles/__idf_lwip.dir/lwip/src/netif/ppp/pppos.c.obj
[228/1182] Building C object esp-idf/lwip/CMakeFiles/__idf_lwip.dir/lwip/src/core/ipv6/ip6.c.obj
[229/1182] Building C object esp-idf/lwip/CMakeFiles/__idf_lwip.dir/lwip/src/netif/ppp/utils.c.obj
[230/1182] Building C object esp-idf/lwip/CMakeFiles/__idf_lwip.dir/lwip/src/netif/ppp/upap.c.obj
[231/1182] Building C object esp-idf/lwip/CMakeFiles/__idf_lwip.dir/lwip/src/netif/ppp/vj.c.obj
[232/1182] Building C object esp-idf/lwip/CMakeFiles/__idf_lwip.dir/port/hooks/tcp_isn_default.c.obj
[233/1182] Building C object esp-idf/lwip/CMakeFiles/__idf_lwip.dir/lwip/src/api/sockets.c.obj
[234/1182] Building C object esp-idf/lwip/CMakeFiles/__idf_lwip.dir/port/sockets_ext.c.obj
[235/1182] Building C object esp-idf/lwip/CMakeFiles/__idf_lwip.dir/port/hooks/lwip_default_hooks.c.obj
[236/1182] Building C object esp-idf/lwip/CMakeFiles/__idf_lwip.dir/lwip/src/netif/ppp/polarssl/arc4.c.obj
[237/1182] Building C object esp-idf/lwip/CMakeFiles/__idf_lwip.dir/port/acd_dhcp_check.c.obj
[238/1182] Building C object esp-idf/lwip/CMakeFiles/__idf_lwip.dir/lwip/src/netif/ppp/polarssl/sha1.c.obj
[239/1182] Building C object esp-idf/lwip/CMakeFiles/__idf_lwip.dir/port/debug/lwip_debug.c.obj
[240/1182] Building C object esp-idf/lwip/CMakeFiles/__idf_lwip.dir/lwip/src/netif/ppp/polarssl/md5.c.obj
[241/1182] Building C object esp-idf/lwip/CMakeFiles/__idf_lwip.dir/lwip/src/netif/ppp/polarssl/des.c.obj
[242/1182] Building C object esp-idf/lwip/CMakeFiles/__idf_lwip.dir/lwip/src/netif/ppp/polarssl/md4.c.obj
[243/1182] Building C object esp-idf/lwip/CMakeFiles/__idf_lwip.dir/port/esp32xx/vfs_lwip.c.obj
[244/1182] Building C object esp-idf/lwip/CMakeFiles/__idf_lwip.dir/apps/ping/ping.c.obj
[245/1182] Building C object esp-idf/lwip/CMakeFiles/__idf_lwip.dir/apps/ping/esp_ping.c.obj
[246/1182] Building C object esp-idf/lwip/CMakeFiles/__idf_lwip.dir/port/freertos/sys_arch.c.obj
[247/1182] Linking C static library esp-idf/esp_netif/libesp_netif.a
[248/1182] Building C object esp-idf/esp_phy/CMakeFiles/__idf_esp_phy.dir/src/lib_printf.c.obj
[249/1182] Building C object esp-idf/esp_phy/CMakeFiles/__idf_esp_phy.dir/src/phy_override.c.obj
[250/1182] Building C object esp-idf/esp_phy/CMakeFiles/__idf_esp_phy.dir/esp32s3/phy_init_data.c.obj
[251/1182] Building C object esp-idf/vfs/CMakeFiles/__idf_vfs.dir/nullfs.c.obj
[252/1182] Building C object esp-idf/esp_phy/CMakeFiles/__idf_esp_phy.dir/src/phy_common.c.obj
[253/1182] Building C object esp-idf/esp_vfs_console/CMakeFiles/__idf_esp_vfs_console.dir/vfs_console.c.obj
[254/1182] Building C object esp-idf/lwip/CMakeFiles/__idf_lwip.dir/lwip/src/core/ipv6/nd6.c.obj
[255/1182] Building C object esp-idf/esp_phy/CMakeFiles/__idf_esp_phy.dir/src/btbb_init.c.obj
[256/1182] Building C object esp-idf/lwip/CMakeFiles/__idf_lwip.dir/apps/ping/ping_sock.c.obj
[257/1182] Building C object esp-idf/vfs/CMakeFiles/__idf_vfs.dir/vfs_eventfd.c.obj
[258/1182] Building C object esp-idf/esp_phy/CMakeFiles/__idf_esp_phy.dir/src/phy_init.c.obj
[259/1182] Building C object esp-idf/driver/CMakeFiles/__idf_driver.dir/deprecated/adc_dma_legacy.c.obj
[260/1182] Building C object esp-idf/driver/CMakeFiles/__idf_driver.dir/deprecated/adc_legacy.c.obj
[261/1182] Building C object esp-idf/driver/CMakeFiles/__idf_driver.dir/deprecated/sigma_delta_legacy.c.obj
[262/1182] Building C object esp-idf/driver/CMakeFiles/__idf_driver.dir/deprecated/rtc_temperature_legacy.c.obj
[263/1182] Building C object esp-idf/lwip/CMakeFiles/__idf_lwip.dir/apps/dhcpserver/dhcpserver.c.obj
[264/1182] Building C object esp-idf/vfs/CMakeFiles/__idf_vfs.dir/vfs_semihost.c.obj
[265/1182] Building C object esp-idf/esp_driver_usb_serial_jtag/CMakeFiles/__idf_esp_driver_usb_serial_jtag.dir/src/usb_serial_jtag_connection_monitor.c.obj
[266/1182] Building C object esp-idf/driver/CMakeFiles/__idf_driver.dir/touch_sensor/touch_sensor_common.c.obj
[267/1182] Building C object esp-idf/esp_driver_usb_serial_jtag/CMakeFiles/__idf_esp_driver_usb_serial_jtag.dir/src/usb_serial_jtag.c.obj
[268/1182] Building C object esp-idf/driver/CMakeFiles/__idf_driver.dir/deprecated/timer_legacy.c.obj
[269/1182] Building C object esp-idf/esp_driver_usb_serial_jtag/CMakeFiles/__idf_esp_driver_usb_serial_jtag.dir/src/usb_serial_jtag_vfs.c.obj
[270/1182] Building C object esp-idf/driver/CMakeFiles/__idf_driver.dir/twai/twai.c.obj
[271/1182] Building C object esp-idf/driver/CMakeFiles/__idf_driver.dir/deprecated/pcnt_legacy.c.obj
[272/1182] Building C object esp-idf/driver/CMakeFiles/__idf_driver.dir/touch_sensor/esp32s3/touch_sensor.c.obj
[273/1182] Building C object esp-idf/vfs/CMakeFiles/__idf_vfs.dir/vfs.c.obj
[274/1182] Building C object esp-idf/driver/CMakeFiles/__idf_driver.dir/deprecated/i2s_legacy.c.obj
[275/1182] Building C object esp-idf/driver/CMakeFiles/__idf_driver.dir/i2c/i2c.c.obj
[276/1182] Building C object esp-idf/driver/CMakeFiles/__idf_driver.dir/deprecated/mcpwm_legacy.c.obj
[277/1182] Building C object esp-idf/esp_driver_i2c/CMakeFiles/__idf_esp_driver_i2c.dir/i2c_common.c.obj
[278/1182] Building C object esp-idf/esp_driver_sdm/CMakeFiles/__idf_esp_driver_sdm.dir/src/sdm.c.obj
[279/1182] Building C object esp-idf/esp_driver_sdspi/CMakeFiles/__idf_esp_driver_sdspi.dir/src/sdspi_crc.c.obj
[280/1182] Building C object esp-idf/esp_driver_tsens/CMakeFiles/__idf_esp_driver_tsens.dir/src/temperature_sensor.c.obj
[281/1182] Building C object esp-idf/esp_driver_i2c/CMakeFiles/__idf_esp_driver_i2c.dir/i2c_slave.c.obj
[282/1182] Building C object esp-idf/driver/CMakeFiles/__idf_driver.dir/deprecated/rmt_legacy.c.obj
[283/1182] Linking C static library esp-idf/lwip/liblwip.a
[284/1182] Building C object esp-idf/esp_driver_rmt/CMakeFiles/__idf_esp_driver_rmt.dir/src/rmt_common.c.obj
[285/1182] Building C object esp-idf/esp_driver_sdspi/CMakeFiles/__idf_esp_driver_sdspi.dir/src/sdspi_transaction.c.obj
[286/1182] Linking C static library esp-idf/vfs/libvfs.a
[287/1182] Building C object esp-idf/esp_driver_rmt/CMakeFiles/__idf_esp_driver_rmt.dir/src/rmt_encoder.c.obj
[288/1182] Building C object esp-idf/esp_driver_sdspi/CMakeFiles/__idf_esp_driver_sdspi.dir/src/sdspi_host.c.obj
[289/1182] Building C object esp-idf/esp_driver_sdmmc/CMakeFiles/__idf_esp_driver_sdmmc.dir/src/sdmmc_transaction.c.obj
[290/1182] Building C object esp-idf/sdmmc/CMakeFiles/__idf_sdmmc.dir/sdmmc_init.c.obj
[291/1182] Building C object esp-idf/sdmmc/CMakeFiles/__idf_sdmmc.dir/sdmmc_common.c.obj
[292/1182] Building C object esp-idf/sdmmc/CMakeFiles/__idf_sdmmc.dir/sd_pwr_ctrl/sd_pwr_ctrl.c.obj
[293/1182] Linking C static library esp-idf/esp_vfs_console/libesp_vfs_console.a
[294/1182] Building C object esp-idf/sdmmc/CMakeFiles/__idf_sdmmc.dir/sdmmc_mmc.c.obj
[295/1182] Building C object esp-idf/sdmmc/CMakeFiles/__idf_sdmmc.dir/sdmmc_cmd.c.obj
[296/1182] Building C object esp-idf/sdmmc/CMakeFiles/__idf_sdmmc.dir/sdmmc_io.c.obj
[297/1182] Building C object esp-idf/esp_driver_rmt/CMakeFiles/__idf_esp_driver_rmt.dir/src/rmt_rx.c.obj
[298/1182] Building C object esp-idf/esp_driver_i2c/CMakeFiles/__idf_esp_driver_i2c.dir/i2c_master.c.obj
[299/1182] Linking C static library esp-idf/esp_phy/libesp_phy.a
[300/1182] Building C object esp-idf/esp_driver_ledc/CMakeFiles/__idf_esp_driver_ledc.dir/src/ledc.c.obj
[301/1182] Building C object esp-idf/sdmmc/CMakeFiles/__idf_sdmmc.dir/sdmmc_sd.c.obj
[302/1182] Building C object esp-idf/esp_driver_i2s/CMakeFiles/__idf_esp_driver_i2s.dir/i2s_std.c.obj
[303/1182] Building C object esp-idf/esp_driver_i2s/CMakeFiles/__idf_esp_driver_i2s.dir/i2s_platform.c.obj
[304/1182] Building C object esp-idf/esp_driver_rmt/CMakeFiles/__idf_esp_driver_rmt.dir/src/rmt_tx.c.obj
[305/1182] Building C object esp-idf/esp_driver_sdmmc/CMakeFiles/__idf_esp_driver_sdmmc.dir/src/sdmmc_host.c.obj
[306/1182] Building C object esp-idf/esp_driver_i2s/CMakeFiles/__idf_esp_driver_i2s.dir/i2s_tdm.c.obj
[307/1182] Building C object esp-idf/esp_driver_i2s/CMakeFiles/__idf_esp_driver_i2s.dir/i2s_pdm.c.obj
[308/1182] Building C object esp-idf/esp_driver_mcpwm/CMakeFiles/__idf_esp_driver_mcpwm.dir/src/mcpwm_cmpr.c.obj
[309/1182] Building C object esp-idf/esp_driver_i2s/CMakeFiles/__idf_esp_driver_i2s.dir/i2s_common.c.obj
[310/1182] Building C object esp-idf/esp_driver_mcpwm/CMakeFiles/__idf_esp_driver_mcpwm.dir/src/mcpwm_com.c.obj
[311/1182] Linking C static library esp-idf/driver/libdriver.a
[312/1182] Building C object esp-idf/esp_driver_mcpwm/CMakeFiles/__idf_esp_driver_mcpwm.dir/src/mcpwm_fault.c.obj
[313/1182] Building C object esp-idf/esp_driver_mcpwm/CMakeFiles/__idf_esp_driver_mcpwm.dir/src/mcpwm_cap.c.obj
[314/1182] Building C object esp-idf/esp_driver_spi/CMakeFiles/__idf_esp_driver_spi.dir/src/gpspi/spi_dma.c.obj
[315/1182] Building C object esp-idf/esp_driver_mcpwm/CMakeFiles/__idf_esp_driver_mcpwm.dir/src/mcpwm_sync.c.obj
[316/1182] Building C object esp-idf/esp_driver_mcpwm/CMakeFiles/__idf_esp_driver_mcpwm.dir/src/mcpwm_oper.c.obj
[317/1182] Performing configure step for 'bootloader'
-- Building ESP-IDF components for target esp32s3
-- Project sdkconfig file /tmp/esp32-denoiser-frequency-sdkconfig
-- Compiler supported targets: xtensa-esp-elf
-- Adding linker script /tmp/esp32-denoiser-idf-v5.4.2/components/soc/esp32s3/ld/esp32s3.peripherals.ld
-- Bootloader project name: "bootloader" version: 1
-- Adding linker script /tmp/esp32-denoiser-idf-v5.4.2/components/esp_rom/esp32s3/ld/esp32s3.rom.ld
-- Adding linker script /tmp/esp32-denoiser-idf-v5.4.2/components/esp_rom/esp32s3/ld/esp32s3.rom.api.ld
-- Adding linker script /tmp/esp32-denoiser-idf-v5.4.2/components/esp_rom/esp32s3/ld/esp32s3.rom.bt_funcs.ld
-- Adding linker script /tmp/esp32-denoiser-idf-v5.4.2/components/esp_rom/esp32s3/ld/esp32s3.rom.libgcc.ld
-- Adding linker script /tmp/esp32-denoiser-idf-v5.4.2/components/esp_rom/esp32s3/ld/esp32s3.rom.wdt.ld
-- Adding linker script /tmp/esp32-denoiser-idf-v5.4.2/components/esp_rom/esp32s3/ld/esp32s3.rom.version.ld
-- Adding linker script /tmp/esp32-denoiser-idf-v5.4.2/components/esp_rom/esp32s3/ld/esp32s3.rom.newlib.ld
-- Adding linker script /tmp/esp32-denoiser-idf-v5.4.2/components/bootloader/subproject/main/ld/esp32s3/bootloader.ld
-- Adding linker script /tmp/esp32-denoiser-idf-v5.4.2/components/bootloader/subproject/main/ld/esp32s3/bootloader.rom.ld
-- Components: bootloader bootloader_support efuse esp_app_format esp_bootloader_format esp_common esp_hw_support esp_rom esp_security esp_system esptool_py freertos hal log main micro-ecc newlib partition_table soc spi_flash xtensa
-- Component paths: /tmp/esp32-denoiser-idf-v5.4.2/components/bootloader /tmp/esp32-denoiser-idf-v5.4.2/components/bootloader_support /tmp/esp32-denoiser-idf-v5.4.2/components/efuse /tmp/esp32-denoiser-idf-v5.4.2/components/esp_app_format /tmp/esp32-denoiser-idf-v5.4.2/components/esp_bootloader_format /tmp/esp32-denoiser-idf-v5.4.2/components/esp_common /tmp/esp32-denoiser-idf-v5.4.2/components/esp_hw_support /tmp/esp32-denoiser-idf-v5.4.2/components/esp_rom /tmp/esp32-denoiser-idf-v5.4.2/components/esp_security /tmp/esp32-denoiser-idf-v5.4.2/components/esp_system /tmp/esp32-denoiser-idf-v5.4.2/components/esptool_py /tmp/esp32-denoiser-idf-v5.4.2/components/freertos /tmp/esp32-denoiser-idf-v5.4.2/components/hal /tmp/esp32-denoiser-idf-v5.4.2/components/log /tmp/esp32-denoiser-idf-v5.4.2/components/bootloader/subproject/main /tmp/esp32-denoiser-idf-v5.4.2/components/bootloader/subproject/components/micro-ecc /tmp/esp32-denoiser-idf-v5.4.2/components/newlib /tmp/esp32-denoiser-idf-v5.4.2/components/partition_table /tmp/esp32-denoiser-idf-v5.4.2/components/soc /tmp/esp32-denoiser-idf-v5.4.2/components/spi_flash /tmp/esp32-denoiser-idf-v5.4.2/components/xtensa
-- Configuring done (5.3s)
-- Generating done (0.3s)
-- Build files have been written to: /tmp/esp32-denoiser-build-v5.4.2/bootloader
[318/1182] Linking C static library esp-idf/esp_driver_usb_serial_jtag/libesp_driver_usb_serial_jtag.a
[319/1182] Building C object esp-idf/esp_driver_mcpwm/CMakeFiles/__idf_esp_driver_mcpwm.dir/src/mcpwm_gen.c.obj
[320/1182] Building C object esp-idf/esp_driver_mcpwm/CMakeFiles/__idf_esp_driver_mcpwm.dir/src/mcpwm_timer.c.obj
[321/1182] Building C object esp-idf/esp_driver_spi/CMakeFiles/__idf_esp_driver_spi.dir/src/gpspi/spi_slave.c.obj
[322/1182] Building C object esp-idf/esp_driver_spi/CMakeFiles/__idf_esp_driver_spi.dir/src/gpspi/spi_slave_hd.c.obj
[323/1182] Linking C static library esp-idf/esp_driver_ledc/libesp_driver_ledc.a
[324/1182] Building C object esp-idf/esp_driver_spi/CMakeFiles/__idf_esp_driver_spi.dir/src/gpspi/spi_common.c.obj
[325/1182] Building C object esp-idf/esp_driver_pcnt/CMakeFiles/__idf_esp_driver_pcnt.dir/src/pulse_cnt.c.obj
[326/1182] Building C object esp-idf/esp_driver_spi/CMakeFiles/__idf_esp_driver_spi.dir/src/gpspi/spi_master.c.obj
[327/1182] Linking C static library esp-idf/esp_driver_i2c/libesp_driver_i2c.a
[328/1182] Building CXX object esp-idf/nvs_flash/CMakeFiles/__idf_nvs_flash.dir/src/nvs_platform.cpp.obj
[329/1182] Linking C static library esp-idf/esp_driver_sdm/libesp_driver_sdm.a
[330/1182] Building C object esp-idf/esp_event/CMakeFiles/__idf_esp_event.dir/default_event_loop.c.obj
[331/1182] Linking C static library esp-idf/esp_driver_tsens/libesp_driver_tsens.a
[332/1182] Building CXX object esp-idf/nvs_flash/CMakeFiles/__idf_nvs_flash.dir/src/nvs_partition.cpp.obj
[333/1182] Building C object esp-idf/nvs_flash/CMakeFiles/__idf_nvs_flash.dir/src/nvs_bootloader.c.obj
[334/1182] Building CXX object esp-idf/nvs_flash/CMakeFiles/__idf_nvs_flash.dir/src/nvs_partition_lookup.cpp.obj
[335/1182] Building C object esp-idf/esp_event/CMakeFiles/__idf_esp_event.dir/esp_event_private.c.obj
[336/1182] Linking C static library esp-idf/esp_driver_rmt/libesp_driver_rmt.a
[337/1182] Building C object esp-idf/esp_event/CMakeFiles/__idf_esp_event.dir/esp_event.c.obj
[338/1182] Linking C static library esp-idf/esp_driver_sdspi/libesp_driver_sdspi.a
[339/1182] Linking C static library esp-idf/esp_driver_sdmmc/libesp_driver_sdmmc.a
[340/1182] Building C object esp-idf/esp_driver_uart/CMakeFiles/__idf_esp_driver_uart.dir/src/uart_vfs.c.obj
[341/1182] Building C object esp-idf/esp_driver_gptimer/CMakeFiles/__idf_esp_driver_gptimer.dir/src/gptimer.c.obj
[342/1182] Linking C static library esp-idf/sdmmc/libsdmmc.a
[343/1182] Linking C static library esp-idf/esp_driver_i2s/libesp_driver_i2s.a
[344/1182] Building C object esp-idf/esp_driver_gptimer/CMakeFiles/__idf_esp_driver_gptimer.dir/src/gptimer_common.c.obj
[345/1182] Building C object esp-idf/esp_timer/CMakeFiles/__idf_esp_timer.dir/src/esp_timer.c.obj
[346/1182] Building C object esp-idf/esp_ringbuf/CMakeFiles/__idf_esp_ringbuf.dir/ringbuf.c.obj
[347/1182] Building C object esp-idf/esp_timer/CMakeFiles/__idf_esp_timer.dir/src/esp_timer_init.c.obj
[348/1182] Linking C static library esp-idf/esp_driver_mcpwm/libesp_driver_mcpwm.a
[349/1182] Building CXX object esp-idf/nvs_flash/CMakeFiles/__idf_nvs_flash.dir/src/nvs_handle_locked.cpp.obj
[350/1182] Building CXX object esp-idf/nvs_flash/CMakeFiles/__idf_nvs_flash.dir/src/nvs_cxx_api.cpp.obj
[351/1182] Building C object esp-idf/esp_timer/CMakeFiles/__idf_esp_timer.dir/src/system_time.c.obj
[352/1182] Building C object esp-idf/esp_driver_uart/CMakeFiles/__idf_esp_driver_uart.dir/src/uart.c.obj
[353/1182] Building C object esp-idf/esp_timer/CMakeFiles/__idf_esp_timer.dir/src/ets_timer_legacy.c.obj
[354/1182] Building CXX object esp-idf/nvs_flash/CMakeFiles/__idf_nvs_flash.dir/src/nvs_item_hash_list.cpp.obj
[355/1182] Building C object esp-idf/esp_timer/CMakeFiles/__idf_esp_timer.dir/src/esp_timer_impl_common.c.obj
[356/1182] Building CXX object esp-idf/nvs_flash/CMakeFiles/__idf_nvs_flash.dir/src/nvs_handle_simple.cpp.obj
[357/1182] Linking C static library esp-idf/esp_driver_spi/libesp_driver_spi.a
[358/1182] Building CXX object esp-idf/nvs_flash/CMakeFiles/__idf_nvs_flash.dir/src/nvs_pagemanager.cpp.obj
[359/1182] Building CXX object esp-idf/cxx/CMakeFiles/__idf_cxx.dir/cxx_exception_stubs.cpp.obj
[360/1182] Building CXX object esp-idf/cxx/CMakeFiles/__idf_cxx.dir/cxx_init.cpp.obj
[361/1182] Building C object esp-idf/esp_timer/CMakeFiles/__idf_esp_timer.dir/src/esp_timer_impl_systimer.c.obj
[362/1182] Linking C static library esp-idf/esp_driver_pcnt/libesp_driver_pcnt.a
[363/1182] Building C object esp-idf/newlib/CMakeFiles/__idf_newlib.dir/abort.c.obj
[364/1182] Building C object esp-idf/pthread/CMakeFiles/__idf_pthread.dir/pthread_cond_var.c.obj
[365/1182] Building C object esp-idf/pthread/CMakeFiles/__idf_pthread.dir/pthread_local_storage.c.obj
[366/1182] Building CXX object esp-idf/nvs_flash/CMakeFiles/__idf_nvs_flash.dir/src/nvs_types.cpp.obj
[367/1182] Building C object esp-idf/newlib/CMakeFiles/__idf_newlib.dir/assert.c.obj
[368/1182] Building C object esp-idf/pthread/CMakeFiles/__idf_pthread.dir/pthread_rwlock.c.obj
[369/1182] Building C object esp-idf/pthread/CMakeFiles/__idf_pthread.dir/pthread_semaphore.c.obj
[370/1182] Building CXX object esp-idf/nvs_flash/CMakeFiles/__idf_nvs_flash.dir/src/nvs_partition_manager.cpp.obj
[371/1182] Building C object esp-idf/newlib/CMakeFiles/__idf_newlib.dir/flockfile.c.obj
[372/1182] Building C object esp-idf/newlib/CMakeFiles/__idf_newlib.dir/heap.c.obj
[373/1182] Building C object esp-idf/newlib/CMakeFiles/__idf_newlib.dir/random.c.obj
[374/1182] Building C object esp-idf/newlib/CMakeFiles/__idf_newlib.dir/pthread.c.obj
[375/1182] Building C object esp-idf/newlib/CMakeFiles/__idf_newlib.dir/getentropy.c.obj
[376/1182] Building C object esp-idf/newlib/CMakeFiles/__idf_newlib.dir/reent_init.c.obj
[377/1182] Building C object esp-idf/newlib/CMakeFiles/__idf_newlib.dir/poll.c.obj
[378/1182] Building C object esp-idf/newlib/CMakeFiles/__idf_newlib.dir/newlib_init.c.obj
[379/1182] Building C object esp-idf/newlib/CMakeFiles/__idf_newlib.dir/locks.c.obj
[380/1182] Building C object esp-idf/newlib/CMakeFiles/__idf_newlib.dir/termios.c.obj
[381/1182] Building C object esp-idf/newlib/CMakeFiles/__idf_newlib.dir/syscalls.c.obj
[382/1182] Building C object esp-idf/pthread/CMakeFiles/__idf_pthread.dir/pthread.c.obj
[383/1182] Building C object esp-idf/newlib/CMakeFiles/__idf_newlib.dir/sysconf.c.obj
[384/1182] Building C object esp-idf/newlib/CMakeFiles/__idf_newlib.dir/realpath.c.obj
[385/1182] Building C object esp-idf/newlib/CMakeFiles/__idf_newlib.dir/scandir.c.obj
[386/1182] Building C object esp-idf/newlib/CMakeFiles/__idf_newlib.dir/port/esp_time_impl.c.obj
[387/1182] Building C object esp-idf/newlib/CMakeFiles/__idf_newlib.dir/time.c.obj
[388/1182] Building C object esp-idf/freertos/CMakeFiles/__idf_freertos.dir/heap_idf.c.obj
[389/1182] Building C object esp-idf/freertos/CMakeFiles/__idf_freertos.dir/port_common.c.obj
[390/1182] Building C object esp-idf/freertos/CMakeFiles/__idf_freertos.dir/app_startup.c.obj
[391/1182] Building CXX object esp-idf/nvs_flash/CMakeFiles/__idf_nvs_flash.dir/src/nvs_encrypted_partition.cpp.obj
[392/1182] Building C object esp-idf/newlib/CMakeFiles/__idf_newlib.dir/stdatomic.c.obj
[393/1182] Building C object esp-idf/freertos/CMakeFiles/__idf_freertos.dir/port_systick.c.obj
[394/1182] Building C object esp-idf/freertos/CMakeFiles/__idf_freertos.dir/FreeRTOS-Kernel/list.c.obj
[395/1182] Building ASM object esp-idf/freertos/CMakeFiles/__idf_freertos.dir/FreeRTOS-Kernel/portable/xtensa/portasm.S.obj
[396/1182] Building C object esp-idf/freertos/CMakeFiles/__idf_freertos.dir/FreeRTOS-Kernel/portable/xtensa/xtensa_init.c.obj
[397/1182] Building C object esp-idf/freertos/CMakeFiles/__idf_freertos.dir/esp_additions/freertos_compatibility.c.obj
[398/1182] Building C object esp-idf/freertos/CMakeFiles/__idf_freertos.dir/FreeRTOS-Kernel/portable/xtensa/xtensa_overlay_os_hook.c.obj
[399/1182] Building C object esp-idf/freertos/CMakeFiles/__idf_freertos.dir/esp_additions/idf_additions_event_groups.c.obj
[400/1182] Building C object esp-idf/freertos/CMakeFiles/__idf_freertos.dir/FreeRTOS-Kernel/event_groups.c.obj
[401/1182] Building C object esp-idf/esp_hw_support/CMakeFiles/__idf_esp_hw_support.dir/port/esp32s3/esp_cpu_intr.c.obj
[402/1182] Building C object esp-idf/esp_hw_support/CMakeFiles/__idf_esp_hw_support.dir/cpu.c.obj
[403/1182] Building C object esp-idf/freertos/CMakeFiles/__idf_freertos.dir/FreeRTOS-Kernel/portable/xtensa/port.c.obj
[404/1182] Building C object esp-idf/freertos/CMakeFiles/__idf_freertos.dir/esp_additions/idf_additions.c.obj
[405/1182] Building CXX object esp-idf/cxx/CMakeFiles/__idf_cxx.dir/cxx_guards.cpp.obj
[406/1182] Building C object esp-idf/esp_hw_support/CMakeFiles/__idf_esp_hw_support.dir/port/esp32s3/cpu_region_protect.c.obj
[407/1182] Building C object esp-idf/esp_hw_support/CMakeFiles/__idf_esp_hw_support.dir/esp_memory_utils.c.obj
[408/1182] Building CXX object esp-idf/nvs_flash/CMakeFiles/__idf_nvs_flash.dir/src/nvs_page.cpp.obj
[409/1182] Building C object esp-idf/freertos/CMakeFiles/__idf_freertos.dir/FreeRTOS-Kernel/timers.c.obj
[410/1182] Building CXX object esp-idf/nvs_flash/CMakeFiles/__idf_nvs_flash.dir/src/nvs_storage.cpp.obj
[411/1182] Building C object esp-idf/freertos/CMakeFiles/__idf_freertos.dir/FreeRTOS-Kernel/stream_buffer.c.obj
[412/1182] Building C object esp-idf/esp_hw_support/CMakeFiles/__idf_esp_hw_support.dir/hw_random.c.obj
[413/1182] Building C object esp-idf/esp_hw_support/CMakeFiles/__idf_esp_hw_support.dir/revision.c.obj
[414/1182] Building C object esp-idf/esp_hw_support/CMakeFiles/__idf_esp_hw_support.dir/clk_ctrl_os.c.obj
[415/1182] Building C object esp-idf/esp_hw_support/CMakeFiles/__idf_esp_hw_support.dir/esp_clk.c.obj
[416/1182] Building C object esp-idf/esp_hw_support/CMakeFiles/__idf_esp_hw_support.dir/mac_addr.c.obj
[417/1182] Building C object esp-idf/esp_hw_support/CMakeFiles/__idf_esp_hw_support.dir/sleep_modem.c.obj
[418/1182] Building C object esp-idf/esp_hw_support/CMakeFiles/__idf_esp_hw_support.dir/sleep_usb.c.obj
[419/1182] Building C object esp-idf/esp_hw_support/CMakeFiles/__idf_esp_hw_support.dir/sleep_console.c.obj
[420/1182] Building C object esp-idf/freertos/CMakeFiles/__idf_freertos.dir/FreeRTOS-Kernel/queue.c.obj
[421/1182] Building C object esp-idf/esp_hw_support/CMakeFiles/__idf_esp_hw_support.dir/rtc_module.c.obj
[422/1182] Building C object esp-idf/esp_hw_support/CMakeFiles/__idf_esp_hw_support.dir/sleep_event.c.obj
[423/1182] Building C object esp-idf/esp_hw_support/CMakeFiles/__idf_esp_hw_support.dir/regi2c_ctrl.c.obj
[424/1182] Building C object esp-idf/esp_hw_support/CMakeFiles/__idf_esp_hw_support.dir/port/esp32s3/esp_clk_tree.c.obj
[425/1182] Building C object esp-idf/esp_hw_support/CMakeFiles/__idf_esp_hw_support.dir/periph_ctrl.c.obj
[426/1182] Building C object esp-idf/esp_hw_support/CMakeFiles/__idf_esp_hw_support.dir/sar_periph_ctrl_common.c.obj
[427/1182] Building C object esp-idf/esp_hw_support/CMakeFiles/__idf_esp_hw_support.dir/port/esp_clk_tree_common.c.obj
[428/1182] Building C object esp-idf/esp_hw_support/CMakeFiles/__idf_esp_hw_support.dir/port/esp32s3/io_mux.c.obj
[429/1182] Building C object esp-idf/esp_hw_support/CMakeFiles/__idf_esp_hw_support.dir/clk_utils.c.obj
[430/1182] Building C object esp-idf/esp_hw_support/CMakeFiles/__idf_esp_hw_support.dir/dma/gdma_link.c.obj
[431/1182] Building C object esp-idf/esp_hw_support/CMakeFiles/__idf_esp_hw_support.dir/dma/esp_dma_utils.c.obj
[432/1182] Building C object esp-idf/esp_hw_support/CMakeFiles/__idf_esp_hw_support.dir/sleep_gpio.c.obj
[433/1182] Building C object esp-idf/esp_hw_support/CMakeFiles/__idf_esp_hw_support.dir/port/esp32s3/systimer.c.obj
[434/1182] Building C object esp-idf/esp_hw_support/CMakeFiles/__idf_esp_hw_support.dir/spi_share_hw_ctrl.c.obj
[435/1182] Building C object esp-idf/esp_hw_support/CMakeFiles/__idf_esp_hw_support.dir/dma/esp_async_memcpy.c.obj
[436/1182] Building C object esp-idf/esp_hw_support/CMakeFiles/__idf_esp_hw_support.dir/adc_share_hw_ctrl.c.obj
[437/1182] Building C object esp-idf/esp_hw_support/CMakeFiles/__idf_esp_hw_support.dir/deprecated/gdma_legacy.c.obj
[438/1182] Building CXX object esp-idf/nvs_flash/CMakeFiles/__idf_nvs_flash.dir/src/nvs_api.cpp.obj
[439/1182] Building C object esp-idf/esp_hw_support/CMakeFiles/__idf_esp_hw_support.dir/mspi_timing_tuning.c.obj
[440/1182] Building C object esp-idf/esp_hw_support/CMakeFiles/__idf_esp_hw_support.dir/mspi_timing_by_mspi_delay.c.obj
[441/1182] Building C object esp-idf/esp_hw_support/CMakeFiles/__idf_esp_hw_support.dir/spi_bus_lock.c.obj
[442/1182] Building C object esp-idf/esp_hw_support/CMakeFiles/__idf_esp_hw_support.dir/sleep_wake_stub.c.obj
[443/1182] Building C object esp-idf/esp_hw_support/CMakeFiles/__idf_esp_hw_support.dir/port/esp32s3/rtc_clk_init.c.obj
[444/1182] Building C object esp-idf/esp_hw_support/CMakeFiles/__idf_esp_hw_support.dir/port/esp32s3/chip_info.c.obj
[445/1182] Linking C static library esp-idf/nvs_flash/libnvs_flash.a
[446/1182] Building C object esp-idf/esp_hw_support/CMakeFiles/__idf_esp_hw_support.dir/intr_alloc.c.obj
[447/1182] Building C object esp-idf/esp_hw_support/CMakeFiles/__idf_esp_hw_support.dir/port/esp32s3/rtc_sleep.c.obj
[448/1182] Building C object esp-idf/esp_hw_support/CMakeFiles/__idf_esp_hw_support.dir/esp_clock_output.c.obj
[449/1182] Building C object esp-idf/esp_hw_support/CMakeFiles/__idf_esp_hw_support.dir/port/esp32s3/rtc_time.c.obj
[450/1182] Building C object esp-idf/esp_hw_support/CMakeFiles/__idf_esp_hw_support.dir/port/esp32s3/mspi_timing_config.c.obj
[451/1182] Building C object esp-idf/esp_hw_support/CMakeFiles/__idf_esp_hw_support.dir/port/esp_memprot_conv.c.obj
[452/1182] Building C object esp-idf/esp_hw_support/CMakeFiles/__idf_esp_hw_support.dir/port/esp32s3/rtc_init.c.obj
[453/1182] Building C object esp-idf/esp_hw_support/CMakeFiles/__idf_esp_hw_support.dir/port/esp32s3/sar_periph_ctrl.c.obj
[454/1182] Building C object esp-idf/esp_hw_support/CMakeFiles/__idf_esp_hw_support.dir/dma/async_memcpy_gdma.c.obj
[455/1182] Linking C static library esp-idf/esp_event/libesp_event.a
[456/1182] Building C object esp-idf/esp_security/CMakeFiles/__idf_esp_security.dir/src/esp_crypto_lock.c.obj
[457/1182] Building C object esp-idf/esp_security/CMakeFiles/__idf_esp_security.dir/src/init.c.obj
[458/1182] Building C object esp-idf/esp_hw_support/CMakeFiles/__idf_esp_hw_support.dir/lowpower/port/esp32s3/sleep_cpu.c.obj
[459/1182] Building C object esp-idf/soc/CMakeFiles/__idf_soc.dir/esp32s3/gpio_periph.c.obj
[460/1182] Building C object esp-idf/soc/CMakeFiles/__idf_soc.dir/esp32s3/uart_periph.c.obj
[461/1182] Building C object esp-idf/soc/CMakeFiles/__idf_soc.dir/esp32s3/dedic_gpio_periph.c.obj
[462/1182] Building C object esp-idf/soc/CMakeFiles/__idf_soc.dir/esp32s3/adc_periph.c.obj
[463/1182] Building C object esp-idf/esp_hw_support/CMakeFiles/__idf_esp_hw_support.dir/port/esp32s3/rtc_clk.c.obj
[464/1182] Building C object esp-idf/soc/CMakeFiles/__idf_soc.dir/esp32s3/spi_periph.c.obj
[465/1182] Building C object esp-idf/soc/CMakeFiles/__idf_soc.dir/esp32s3/ledc_periph.c.obj
[466/1182] Building C object esp-idf/esp_security/CMakeFiles/__idf_esp_security.dir/src/esp_ds.c.obj
[467/1182] Building C object esp-idf/esp_security/CMakeFiles/__idf_esp_security.dir/src/esp_hmac.c.obj
[468/1182] Linking C static library esp-idf/esp_driver_uart/libesp_driver_uart.a
[469/1182] Building C object esp-idf/soc/CMakeFiles/__idf_soc.dir/esp32s3/rmt_periph.c.obj
[470/1182] Building C object esp-idf/soc/CMakeFiles/__idf_soc.dir/esp32s3/pcnt_periph.c.obj
[471/1182] Building C object esp-idf/soc/CMakeFiles/__idf_soc.dir/esp32s3/i2s_periph.c.obj
[472/1182] Building C object esp-idf/soc/CMakeFiles/__idf_soc.dir/esp32s3/temperature_sensor_periph.c.obj
[473/1182] Building C object esp-idf/soc/CMakeFiles/__idf_soc.dir/esp32s3/timer_periph.c.obj
[474/1182] Building C object esp-idf/soc/CMakeFiles/__idf_soc.dir/esp32s3/i2c_periph.c.obj
[475/1182] Building C object esp-idf/esp_hw_support/CMakeFiles/__idf_esp_hw_support.dir/dma/gdma.c.obj
[476/1182] Building C object esp-idf/soc/CMakeFiles/__idf_soc.dir/esp32s3/mcpwm_periph.c.obj
[477/1182] Building C object esp-idf/soc/CMakeFiles/__idf_soc.dir/esp32s3/mpi_periph.c.obj
[478/1182] Building C object esp-idf/soc/CMakeFiles/__idf_soc.dir/esp32s3/sdmmc_periph.c.obj
[479/1182] Building C object esp-idf/soc/CMakeFiles/__idf_soc.dir/esp32s3/wdt_periph.c.obj
[480/1182] Building C object esp-idf/soc/CMakeFiles/__idf_soc.dir/esp32s3/rtc_io_periph.c.obj
[481/1182] Linking C static library esp-idf/esp_ringbuf/libesp_ringbuf.a
[482/1182] Building C object esp-idf/esp_hw_support/CMakeFiles/__idf_esp_hw_support.dir/sleep_modes.c.obj
[483/1182] Building C object esp-idf/heap/CMakeFiles/__idf_heap.dir/port/esp32s3/memory_layout.c.obj
[484/1182] Building C object esp-idf/log/CMakeFiles/__idf_log.dir/src/os/log_write.c.obj
[485/1182] Building C object esp-idf/heap/CMakeFiles/__idf_heap.dir/heap_caps_base.c.obj
[486/1182] Building C object esp-idf/log/CMakeFiles/__idf_log.dir/src/os/log_timestamp.c.obj
[487/1182] Building C object esp-idf/log/CMakeFiles/__idf_log.dir/src/log_level/log_level.c.obj
[488/1182] Building C object esp-idf/log/CMakeFiles/__idf_log.dir/src/os/log_lock.c.obj
[489/1182] Building C object esp-idf/heap/CMakeFiles/__idf_heap.dir/port/memory_layout_utils.c.obj
[490/1182] Building C object esp-idf/freertos/CMakeFiles/__idf_freertos.dir/FreeRTOS-Kernel/tasks.c.obj
[491/1182] Building C object esp-idf/log/CMakeFiles/__idf_log.dir/src/log_timestamp_common.c.obj
[492/1182] Linking C static library esp-idf/esp_driver_gptimer/libesp_driver_gptimer.a
[493/1182] Building C object esp-idf/log/CMakeFiles/__idf_log.dir/src/buffer/log_buffers.c.obj
[494/1182] Building C object esp-idf/log/CMakeFiles/__idf_log.dir/src/log_level/tag_log_level/tag_log_level.c.obj
[495/1182] Building C object esp-idf/heap/CMakeFiles/__idf_heap.dir/heap_caps_init.c.obj
[496/1182] Building C object esp-idf/log/CMakeFiles/__idf_log.dir/src/log_level/tag_log_level/linked_list/log_linked_list.c.obj
[497/1182] Building C object esp-idf/heap/CMakeFiles/__idf_heap.dir/multi_heap.c.obj
[498/1182] Building C object esp-idf/hal/CMakeFiles/__idf_hal.dir/mpu_hal.c.obj
[499/1182] Building C object esp-idf/hal/CMakeFiles/__idf_hal.dir/efuse_hal.c.obj
[500/1182] Building C object esp-idf/hal/CMakeFiles/__idf_hal.dir/color_hal.c.obj
[501/1182] Building C object esp-idf/log/CMakeFiles/__idf_log.dir/src/log_level/tag_log_level/cache/log_binary_heap.c.obj
[502/1182] Building C object esp-idf/hal/CMakeFiles/__idf_hal.dir/hal_utils.c.obj
[503/1182] Building C object esp-idf/hal/CMakeFiles/__idf_hal.dir/esp32s3/efuse_hal.c.obj
[504/1182] Linking C static library esp-idf/esp_timer/libesp_timer.a
[505/1182] Building C object esp-idf/hal/CMakeFiles/__idf_hal.dir/cache_hal.c.obj
[506/1182] Building C object esp-idf/hal/CMakeFiles/__idf_hal.dir/mmu_hal.c.obj
[507/1182] Building C object esp-idf/hal/CMakeFiles/__idf_hal.dir/spi_flash_encrypt_hal_iram.c.obj
[508/1182] Building C object esp-idf/hal/CMakeFiles/__idf_hal.dir/spi_flash_hal.c.obj
[509/1182] Building C object esp-idf/hal/CMakeFiles/__idf_hal.dir/systimer_hal.c.obj
[510/1182] Building C object esp-idf/heap/CMakeFiles/__idf_heap.dir/heap_caps.c.obj
[511/1182] Building C object esp-idf/hal/CMakeFiles/__idf_hal.dir/gpio_hal.c.obj
[512/1182] Building C object esp-idf/hal/CMakeFiles/__idf_hal.dir/timer_hal.c.obj
[513/1182] Building C object esp-idf/hal/CMakeFiles/__idf_hal.dir/esp32s3/clk_tree_hal.c.obj
[514/1182] Building C object esp-idf/hal/CMakeFiles/__idf_hal.dir/uart_hal_iram.c.obj
[515/1182] Building C object esp-idf/hal/CMakeFiles/__idf_hal.dir/uart_hal.c.obj
[516/1182] Building C object esp-idf/hal/CMakeFiles/__idf_hal.dir/ledc_hal.c.obj
[517/1182] Linking C static library esp-idf/cxx/libcxx.a
[518/1182] Building C object esp-idf/hal/CMakeFiles/__idf_hal.dir/ledc_hal_iram.c.obj
[519/1182] Building C object esp-idf/hal/CMakeFiles/__idf_hal.dir/rtc_io_hal.c.obj
[520/1182] Building C object esp-idf/hal/CMakeFiles/__idf_hal.dir/i2c_hal_iram.c.obj
[521/1182] Building C object esp-idf/hal/CMakeFiles/__idf_hal.dir/spi_flash_hal_iram.c.obj
[522/1182] Building C object esp-idf/hal/CMakeFiles/__idf_hal.dir/i2c_hal.c.obj
[523/1182] Building C object esp-idf/hal/CMakeFiles/__idf_hal.dir/pcnt_hal.c.obj
[524/1182] Building C object esp-idf/hal/CMakeFiles/__idf_hal.dir/rmt_hal.c.obj
[525/1182] Building C object esp-idf/hal/CMakeFiles/__idf_hal.dir/mcpwm_hal.c.obj
[526/1182] Building C object esp-idf/hal/CMakeFiles/__idf_hal.dir/gdma_hal_top.c.obj
[527/1182] Building C object esp-idf/hal/CMakeFiles/__idf_hal.dir/sdm_hal.c.obj
[528/1182] Linking C static library esp-idf/pthread/libpthread.a
[529/1182] Building C object esp-idf/hal/CMakeFiles/__idf_hal.dir/twai_hal_iram.c.obj
[530/1182] Building C object esp-idf/hal/CMakeFiles/__idf_hal.dir/twai_hal.c.obj
[531/1182] Building C object esp-idf/hal/CMakeFiles/__idf_hal.dir/sdmmc_hal.c.obj
[532/1182] Building C object esp-idf/hal/CMakeFiles/__idf_hal.dir/gdma_hal_ahb_v1.c.obj
[533/1182] Building C object esp-idf/hal/CMakeFiles/__idf_hal.dir/adc_oneshot_hal.c.obj
[534/1182] Building C object esp-idf/hal/CMakeFiles/__idf_hal.dir/lcd_hal.c.obj
[535/1182] Building C object esp-idf/hal/CMakeFiles/__idf_hal.dir/brownout_hal.c.obj
[536/1182] Building C object esp-idf/hal/CMakeFiles/__idf_hal.dir/aes_hal.c.obj
[537/1182] Building C object esp-idf/hal/CMakeFiles/__idf_hal.dir/sha_hal.c.obj
[538/1182] Building C object esp-idf/hal/CMakeFiles/__idf_hal.dir/spi_slave_hal.c.obj
[539/1182] Building C object esp-idf/hal/CMakeFiles/__idf_hal.dir/mpi_hal.c.obj
[540/1182] Linking C static library esp-idf/newlib/libnewlib.a
[541/1182] Building C object esp-idf/hal/CMakeFiles/__idf_hal.dir/spi_slave_hal_iram.c.obj
[542/1182] Building C object esp-idf/hal/CMakeFiles/__idf_hal.dir/adc_hal_common.c.obj
[543/1182] Building C object esp-idf/hal/CMakeFiles/__idf_hal.dir/adc_hal.c.obj
[544/1182] Building C object esp-idf/hal/CMakeFiles/__idf_hal.dir/hmac_hal.c.obj
[545/1182] Building C object esp-idf/hal/CMakeFiles/__idf_hal.dir/spi_hal.c.obj
[546/1182] Building C object esp-idf/hal/CMakeFiles/__idf_hal.dir/i2s_hal.c.obj
[547/1182] Building C object esp-idf/hal/CMakeFiles/__idf_hal.dir/ds_hal.c.obj
[548/1182] Building C object esp-idf/hal/CMakeFiles/__idf_hal.dir/usb_serial_jtag_hal.c.obj
[549/1182] Building C object esp-idf/hal/CMakeFiles/__idf_hal.dir/usb_wrap_hal.c.obj
[550/1182] Building C object esp-idf/hal/CMakeFiles/__idf_hal.dir/xt_wdt_hal.c.obj
[551/1182] Linking C static library esp-idf/freertos/libfreertos.a
[552/1182] Building C object esp-idf/hal/CMakeFiles/__idf_hal.dir/touch_sensor_hal.c.obj
[553/1182] Building C object esp-idf/hal/CMakeFiles/__idf_hal.dir/spi_flash_hal_gpspi.c.obj
[554/1182] Building C object esp-idf/hal/CMakeFiles/__idf_hal.dir/spi_hal_iram.c.obj
[555/1182] Building C object esp-idf/esp_rom/CMakeFiles/__idf_esp_rom.dir/patches/esp_rom_sys.c.obj
[556/1182] Building C object esp-idf/esp_rom/CMakeFiles/__idf_esp_rom.dir/patches/esp_rom_uart.c.obj
[557/1182] Building C object esp-idf/hal/CMakeFiles/__idf_hal.dir/esp32s3/touch_sensor_hal.c.obj
[558/1182] Building C object esp-idf/esp_rom/CMakeFiles/__idf_esp_rom.dir/patches/esp_rom_spiflash.c.obj
[559/1182] Building C object esp-idf/hal/CMakeFiles/__idf_hal.dir/esp32s3/rtc_cntl_hal.c.obj
[560/1182] Building C object esp-idf/esp_rom/CMakeFiles/__idf_esp_rom.dir/patches/esp_rom_efuse.c.obj
[561/1182] Building ASM object esp-idf/esp_rom/CMakeFiles/__idf_esp_rom.dir/patches/esp_rom_longjmp.S.obj
[562/1182] Building C object esp-idf/esp_rom/CMakeFiles/__idf_esp_rom.dir/patches/esp_rom_gpio.c.obj
[563/1182] Building ASM object esp-idf/esp_rom/CMakeFiles/__idf_esp_rom.dir/patches/esp_rom_cache_writeback_esp32s3.S.obj
[564/1182] Building C object esp-idf/esp_hw_support/CMakeFiles/__idf_esp_hw_support.dir/port/esp32s3/esp_memprot.c.obj
[565/1182] Building C object esp-idf/esp_rom/CMakeFiles/__idf_esp_rom.dir/patches/esp_rom_systimer.c.obj
[566/1182] Building C object esp-idf/esp_rom/CMakeFiles/__idf_esp_rom.dir/patches/esp_rom_wdt.c.obj
[567/1182] Building C object esp-idf/hal/CMakeFiles/__idf_hal.dir/spi_slave_hd_hal.c.obj
[568/1182] Building C object esp-idf/hal/CMakeFiles/__idf_hal.dir/usb_dwc_hal.c.obj
[569/1182] Building C object esp-idf/esp_rom/CMakeFiles/__idf_esp_rom.dir/patches/esp_rom_cache_esp32s2_esp32s3.c.obj
[570/1182] Building C object esp-idf/esp_rom/CMakeFiles/__idf_esp_rom.dir/patches/esp_rom_print.c.obj
[571/1182] Building C object esp-idf/esp_system/CMakeFiles/__idf_esp_system.dir/esp_err.c.obj
[572/1182] Building C object esp-idf/esp_system/CMakeFiles/__idf_esp_system.dir/crosscore_int.c.obj
[573/1182] Building C object esp-idf/heap/CMakeFiles/__idf_heap.dir/tlsf/tlsf.c.obj
[574/1182] Building C object esp-idf/esp_system/CMakeFiles/__idf_esp_system.dir/esp_ipc.c.obj
[575/1182] Building C object esp-idf/esp_system/CMakeFiles/__idf_esp_system.dir/freertos_hooks.c.obj
[576/1182] Building C object esp-idf/esp_system/CMakeFiles/__idf_esp_system.dir/stack_check.c.obj
[577/1182] Building C object esp-idf/esp_system/CMakeFiles/__idf_esp_system.dir/esp_system.c.obj
[578/1182] Building C object esp-idf/esp_system/CMakeFiles/__idf_esp_system.dir/system_time.c.obj
[579/1182] Building C object esp-idf/esp_system/CMakeFiles/__idf_esp_system.dir/int_wdt.c.obj
[580/1182] Building C object esp-idf/esp_system/CMakeFiles/__idf_esp_system.dir/startup.c.obj
[581/1182] Building C object esp-idf/esp_system/CMakeFiles/__idf_esp_system.dir/ubsan.c.obj
[582/1182] Building C object esp-idf/esp_system/CMakeFiles/__idf_esp_system.dir/xt_wdt.c.obj
[583/1182] Building C object esp-idf/esp_system/CMakeFiles/__idf_esp_system.dir/startup_funcs.c.obj
[584/1182] Linking C static library esp-idf/esp_hw_support/libesp_hw_support.a
[585/1182] Building C object esp-idf/esp_system/CMakeFiles/__idf_esp_system.dir/panic.c.obj
[586/1182] Building C object esp-idf/esp_system/CMakeFiles/__idf_esp_system.dir/port/esp_system_chip.c.obj
[587/1182] Building C object esp-idf/esp_system/CMakeFiles/__idf_esp_system.dir/port/arch/xtensa/esp_ipc_isr_port.c.obj
[588/1182] Building ASM object esp-idf/esp_system/CMakeFiles/__idf_esp_system.dir/port/arch/xtensa/esp_ipc_isr_handler.S.obj
[589/1182] Building C object esp-idf/esp_system/CMakeFiles/__idf_esp_system.dir/port/image_process.c.obj
[590/1182] Building C object esp-idf/esp_system/CMakeFiles/__idf_esp_system.dir/port/panic_handler.c.obj
[591/1182] Building ASM object esp-idf/esp_system/CMakeFiles/__idf_esp_system.dir/port/arch/xtensa/panic_handler_asm.S.obj
[592/1182] Building C object esp-idf/esp_system/CMakeFiles/__idf_esp_system.dir/task_wdt/task_wdt_impl_timergroup.c.obj
[593/1182] Building C object esp-idf/esp_common/CMakeFiles/__idf_esp_common.dir/src/esp_err_to_name.c.obj
[594/1182] Building C object esp-idf/esp_system/CMakeFiles/__idf_esp_system.dir/port/brownout.c.obj
[595/1182] Building C object esp-idf/esp_system/CMakeFiles/__idf_esp_system.dir/port/esp_ipc_isr.c.obj
[596/1182] Building C object esp-idf/esp_system/CMakeFiles/__idf_esp_system.dir/port/cpu_start.c.obj
[597/1182] Building C object esp-idf/esp_system/CMakeFiles/__idf_esp_system.dir/task_wdt/task_wdt.c.obj
[598/1182] Linking C static library esp-idf/esp_security/libesp_security.a
[599/1182] Building C object esp-idf/esp_system/CMakeFiles/__idf_esp_system.dir/port/arch/xtensa/expression_with_stack.c.obj
[600/1182] Building C object esp-idf/esp_system/CMakeFiles/__idf_esp_system.dir/port/arch/xtensa/debug_stubs.c.obj
[601/1182] Building ASM object esp-idf/esp_system/CMakeFiles/__idf_esp_system.dir/port/soc/esp32s3/highint_hdl.S.obj
[602/1182] Building C object esp-idf/spi_flash/CMakeFiles/__idf_spi_flash.dir/flash_brownout_hook.c.obj
[603/1182] Building C object esp-idf/esp_system/CMakeFiles/__idf_esp_system.dir/port/arch/xtensa/trax.c.obj
[604/1182] Building C object esp-idf/esp_system/CMakeFiles/__idf_esp_system.dir/port/soc/esp32s3/cache_err_int.c.obj
[605/1182] Building C object esp-idf/esp_system/CMakeFiles/__idf_esp_system.dir/port/arch/xtensa/panic_arch.c.obj
[606/1182] Building C object esp-idf/esp_system/CMakeFiles/__idf_esp_system.dir/port/soc/esp32s3/apb_backup_dma.c.obj
[607/1182] Building C object esp-idf/esp_system/CMakeFiles/__idf_esp_system.dir/port/soc/esp32s3/reset_reason.c.obj
[608/1182] Building C object esp-idf/spi_flash/CMakeFiles/__idf_spi_flash.dir/spi_flash_hpm_enable.c.obj
[609/1182] Building C object esp-idf/spi_flash/CMakeFiles/__idf_spi_flash.dir/spi_flash_chip_drivers.c.obj
[610/1182] Building C object esp-idf/spi_flash/CMakeFiles/__idf_spi_flash.dir/spi_flash_chip_issi.c.obj
[611/1182] Building C object esp-idf/spi_flash/CMakeFiles/__idf_spi_flash.dir/esp32s3/spi_flash_oct_flash_init.c.obj
[612/1182] Building C object esp-idf/spi_flash/CMakeFiles/__idf_spi_flash.dir/spi_flash_chip_mxic.c.obj
[613/1182] Building C object esp-idf/esp_system/CMakeFiles/__idf_esp_system.dir/port/arch/xtensa/debug_helpers.c.obj
[614/1182] Building C object esp-idf/esp_system/CMakeFiles/__idf_esp_system.dir/port/soc/esp32s3/system_internal.c.obj
[615/1182] Building C object esp-idf/spi_flash/CMakeFiles/__idf_spi_flash.dir/spi_flash_chip_gd.c.obj
[616/1182] Linking C static library esp-idf/soc/libsoc.a
[617/1182] Building C object esp-idf/spi_flash/CMakeFiles/__idf_spi_flash.dir/spi_flash_chip_boya.c.obj
[618/1182] Building C object esp-idf/spi_flash/CMakeFiles/__idf_spi_flash.dir/spi_flash_chip_th.c.obj
[619/1182] Building C object esp-idf/spi_flash/CMakeFiles/__idf_spi_flash.dir/spi_flash_chip_winbond.c.obj
[620/1182] Building C object esp-idf/esp_system/CMakeFiles/__idf_esp_system.dir/port/soc/esp32s3/clk.c.obj
[621/1182] Building C object esp-idf/spi_flash/CMakeFiles/__idf_spi_flash.dir/memspi_host_driver.c.obj
[622/1182] Building C object esp-idf/spi_flash/CMakeFiles/__idf_spi_flash.dir/spi_flash_chip_generic.c.obj
[623/1182] Building C object esp-idf/spi_flash/CMakeFiles/__idf_spi_flash.dir/spi_flash_wrap.c.obj
[624/1182] Building C object esp-idf/esp_mm/CMakeFiles/__idf_esp_mm.dir/port/esp32s3/ext_mem_layout.c.obj
[625/1182] Building C object esp-idf/spi_flash/CMakeFiles/__idf_spi_flash.dir/spi_flash_chip_mxic_opi.c.obj
[626/1182] Building C object esp-idf/spi_flash/CMakeFiles/__idf_spi_flash.dir/cache_utils.c.obj
[627/1182] Building C object esp-idf/spi_flash/CMakeFiles/__idf_spi_flash.dir/spi_flash_os_func_noos.c.obj
[628/1182] Building C object esp-idf/spi_flash/CMakeFiles/__idf_spi_flash.dir/flash_ops.c.obj
[629/1182] Linking C static library esp-idf/heap/libheap.a
[630/1182] Building C object esp-idf/spi_flash/CMakeFiles/__idf_spi_flash.dir/flash_mmap.c.obj
[631/1182] Building C object esp-idf/esp_mm/CMakeFiles/__idf_esp_mm.dir/heap_align_hw.c.obj
[632/1182] Building C object esp-idf/spi_flash/CMakeFiles/__idf_spi_flash.dir/spi_flash_os_func_app.c.obj
[633/1182] Building C object esp-idf/esp_mm/CMakeFiles/__idf_esp_mm.dir/esp_cache.c.obj
[634/1182] Building C object esp-idf/spi_flash/CMakeFiles/__idf_spi_flash.dir/esp_flash_spi_init.c.obj
[635/1182] Building C object esp-idf/bootloader_support/CMakeFiles/__idf_bootloader_support.dir/src/bootloader_mem.c.obj
[636/1182] Building C object esp-idf/bootloader_support/CMakeFiles/__idf_bootloader_support.dir/src/bootloader_common.c.obj
[637/1182] Building C object esp-idf/esp_mm/CMakeFiles/__idf_esp_mm.dir/esp_mmu_map.c.obj
[638/1182] Building C object esp-idf/bootloader_support/CMakeFiles/__idf_bootloader_support.dir/src/bootloader_clock_init.c.obj
[639/1182] Building C object esp-idf/bootloader_support/CMakeFiles/__idf_bootloader_support.dir/src/bootloader_random.c.obj
[640/1182] Building C object esp-idf/bootloader_support/CMakeFiles/__idf_bootloader_support.dir/src/bootloader_common_loader.c.obj
[641/1182] Building C object esp-idf/bootloader_support/CMakeFiles/__idf_bootloader_support.dir/src/bootloader_efuse.c.obj
[642/1182] Linking C static library esp-idf/log/liblog.a
[643/1182] Building C object esp-idf/bootloader_support/CMakeFiles/__idf_bootloader_support.dir/src/bootloader_random_esp32s3.c.obj
[644/1182] Building C object esp-idf/bootloader_support/CMakeFiles/__idf_bootloader_support.dir/src/secure_boot.c.obj
[645/1182] Building C object esp-idf/bootloader_support/CMakeFiles/__idf_bootloader_support.dir/src/flash_encrypt.c.obj
[646/1182] Building C object esp-idf/spi_flash/CMakeFiles/__idf_spi_flash.dir/esp_flash_api.c.obj
[647/1182] Building C object esp-idf/bootloader_support/CMakeFiles/__idf_bootloader_support.dir/bootloader_flash/src/flash_qio_mode.c.obj
[648/1182] Building C object esp-idf/bootloader_support/CMakeFiles/__idf_bootloader_support.dir/bootloader_flash/src/bootloader_flash_config_esp32s3.c.obj
[649/1182] Building C object esp-idf/bootloader_support/CMakeFiles/__idf_bootloader_support.dir/src/flash_partitions.c.obj
[650/1182] Building C object esp-idf/efuse/CMakeFiles/__idf_efuse.dir/esp32s3/esp_efuse_table.c.obj
[651/1182] Building C object esp-idf/bootloader_support/CMakeFiles/__idf_bootloader_support.dir/src/esp32s3/secure_boot_secure_features.c.obj
[652/1182] Building C object esp-idf/efuse/CMakeFiles/__idf_efuse.dir/esp32s3/esp_efuse_fields.c.obj
[653/1182] Building C object esp-idf/efuse/CMakeFiles/__idf_efuse.dir/esp32s3/esp_efuse_rtc_calib.c.obj
[654/1182] Building C object esp-idf/bootloader_support/CMakeFiles/__idf_bootloader_support.dir/src/idf/bootloader_sha.c.obj
[655/1182] Building C object esp-idf/efuse/CMakeFiles/__idf_efuse.dir/src/esp_efuse_fields.c.obj
[656/1182] Building C object esp-idf/bootloader_support/CMakeFiles/__idf_bootloader_support.dir/bootloader_flash/src/bootloader_flash.c.obj
[657/1182] Building C object esp-idf/efuse/CMakeFiles/__idf_efuse.dir/esp32s3/esp_efuse_utility.c.obj
[658/1182] Building C object esp-idf/efuse/CMakeFiles/__idf_efuse.dir/src/esp_efuse_startup.c.obj
[659/1182] Building C object esp-idf/bootloader_support/CMakeFiles/__idf_bootloader_support.dir/src/bootloader_utility.c.obj
[660/1182] Building C object esp-idf/efuse/CMakeFiles/__idf_efuse.dir/src/esp_efuse_api.c.obj
[661/1182] Linking C static library esp-idf/hal/libhal.a
[662/1182] Building C object esp-idf/bootloader_support/CMakeFiles/__idf_bootloader_support.dir/src/esp_image_format.c.obj
[663/1182] Building C object esp-idf/app_update/CMakeFiles/__idf_app_update.dir/esp_ota_app_desc.c.obj
[664/1182] Building C object esp-idf/esp_bootloader_format/CMakeFiles/__idf_esp_bootloader_format.dir/esp_bootloader_desc.c.obj
[665/1182] Building C object esp-idf/mbedtls/mbedtls/library/CMakeFiles/mbedtls.dir/debug.c.obj
[666/1182] Building C object esp-idf/mbedtls/mbedtls/library/CMakeFiles/mbedtls.dir/mps_reader.c.obj
[667/1182] Building C object esp-idf/mbedtls/mbedtls/library/CMakeFiles/mbedtls.dir/mps_trace.c.obj
[668/1182] Building C object esp-idf/efuse/CMakeFiles/__idf_efuse.dir/src/efuse_controller/keys/with_key_purposes/esp_efuse_api_key.c.obj
[669/1182] Building C object esp-idf/esp_app_format/CMakeFiles/__idf_esp_app_format.dir/esp_app_desc.c.obj
[670/1182] Building C object esp-idf/esp_partition/CMakeFiles/__idf_esp_partition.dir/partition_target.c.obj
[671/1182] Building C object esp-idf/efuse/CMakeFiles/__idf_efuse.dir/src/esp_efuse_utility.c.obj
[672/1182] Linking C static library esp-idf/esp_rom/libesp_rom.a
[673/1182] Building C object esp-idf/mbedtls/mbedtls/library/CMakeFiles/mbedtls.dir/ssl_tls13_keys.c.obj
[674/1182] Building C object esp-idf/mbedtls/mbedtls/library/CMakeFiles/mbedtls.dir/ssl_ciphersuites.c.obj
[675/1182] Building C object esp-idf/esp_partition/CMakeFiles/__idf_esp_partition.dir/partition.c.obj
[676/1182] Building C object esp-idf/mbedtls/mbedtls/library/CMakeFiles/mbedtls.dir/ssl_tls13_server.c.obj
[677/1182] Building C object esp-idf/mbedtls/mbedtls/library/CMakeFiles/mbedtls.dir/ssl_debug_helpers_generated.c.obj
[678/1182] Building C object esp-idf/mbedtls/mbedtls/library/CMakeFiles/mbedtls.dir/ssl_cache.c.obj
[679/1182] Building C object esp-idf/mbedtls/mbedtls/library/CMakeFiles/mbedtls.dir/ssl_tls13_client.c.obj
[680/1182] Building C object esp-idf/mbedtls/mbedtls/library/CMakeFiles/mbedtls.dir/ssl_cookie.c.obj
[681/1182] Building C object esp-idf/mbedtls/mbedtls/library/CMakeFiles/mbedtls.dir/ssl_ticket.c.obj
[682/1182] Building C object esp-idf/mbedtls/mbedtls/library/CMakeFiles/mbedtls.dir/ssl_tls13_generic.c.obj
[683/1182] Linking C static library esp-idf/esp_common/libesp_common.a
[684/1182] Building C object esp-idf/mbedtls/mbedtls/library/CMakeFiles/mbedtls.dir/ssl_client.c.obj
[685/1182] Building C object esp-idf/mbedtls/mbedtls/library/CMakeFiles/mbedtls.dir/tmp/esp32-denoiser-idf-v5.4.2/components/mbedtls/port/esp_platform_time.c.obj
[686/1182] Building C object esp-idf/app_update/CMakeFiles/__idf_app_update.dir/esp_ota_ops.c.obj
[687/1182] Building C object esp-idf/mbedtls/mbedtls/library/CMakeFiles/mbedtls.dir/tmp/esp32-denoiser-idf-v5.4.2/components/mbedtls/port/mbedtls_debug.c.obj
[688/1182] Building C object esp-idf/mbedtls/mbedtls/library/CMakeFiles/mbedtls.dir/ssl_tls12_client.c.obj
[689/1182] Building C object esp-idf/mbedtls/mbedtls/library/CMakeFiles/mbedx509.dir/x509write.c.obj
[690/1182] Building C object esp-idf/mbedtls/mbedtls/library/CMakeFiles/mbedx509.dir/x509_crl.c.obj
[691/1182] Building C object esp-idf/mbedtls/mbedtls/library/CMakeFiles/mbedtls.dir/tmp/esp32-denoiser-idf-v5.4.2/components/mbedtls/port/net_sockets.c.obj
[692/1182] Building C object esp-idf/mbedtls/mbedtls/library/CMakeFiles/mbedx509.dir/x509_create.c.obj
[693/1182] Building C object esp-idf/mbedtls/mbedtls/library/CMakeFiles/mbedx509.dir/pkcs7.c.obj
[694/1182] Building C object esp-idf/mbedtls/mbedtls/library/CMakeFiles/mbedtls.dir/ssl_tls12_server.c.obj
[695/1182] Building C object esp-idf/mbedtls/mbedtls/library/CMakeFiles/mbedx509.dir/x509_csr.c.obj
[696/1182] Building C object esp-idf/mbedtls/mbedtls/library/CMakeFiles/mbedtls.dir/ssl_msg.c.obj
[697/1182] Building C object esp-idf/mbedtls/mbedtls/library/CMakeFiles/mbedcrypto.dir/aes.c.obj
[698/1182] Building C object esp-idf/mbedtls/mbedtls/library/CMakeFiles/mbedx509.dir/x509write_csr.c.obj
[699/1182] Linking C static library esp-idf/esp_system/libesp_system.a
[700/1182] Building C object esp-idf/mbedtls/mbedtls/library/CMakeFiles/mbedx509.dir/x509write_crt.c.obj
[701/1182] Building C object esp-idf/mbedtls/mbedtls/library/CMakeFiles/mbedcrypto.dir/aesni.c.obj
[702/1182] Building C object esp-idf/mbedtls/mbedtls/library/CMakeFiles/mbedcrypto.dir/aesce.c.obj
[703/1182] Building C object esp-idf/mbedtls/mbedtls/library/CMakeFiles/mbedcrypto.dir/bignum_mod_raw.c.obj
[704/1182] Building C object esp-idf/mbedtls/mbedtls/library/CMakeFiles/mbedx509.dir/x509.c.obj
[705/1182] Building C object esp-idf/mbedtls/mbedtls/library/CMakeFiles/mbedcrypto.dir/bignum_mod.c.obj
[706/1182] Building C object esp-idf/mbedtls/mbedtls/library/CMakeFiles/mbedcrypto.dir/asn1parse.c.obj
[707/1182] Building C object esp-idf/mbedtls/mbedtls/library/CMakeFiles/mbedcrypto.dir/asn1write.c.obj
[708/1182] Building C object esp-idf/mbedtls/mbedtls/library/CMakeFiles/mbedcrypto.dir/block_cipher.c.obj
[709/1182] Building C object esp-idf/mbedtls/mbedtls/library/CMakeFiles/mbedcrypto.dir/camellia.c.obj
[710/1182] Building C object esp-idf/mbedtls/mbedtls/library/CMakeFiles/mbedcrypto.dir/base64.c.obj
[711/1182] Building C object esp-idf/mbedtls/mbedtls/library/CMakeFiles/mbedcrypto.dir/chacha20.c.obj
[712/1182] Linking C static library esp-idf/spi_flash/libspi_flash.a
[713/1182] Building C object esp-idf/mbedtls/mbedtls/library/CMakeFiles/mbedcrypto.dir/chachapoly.c.obj
[714/1182] Building C object esp-idf/mbedtls/mbedtls/library/CMakeFiles/mbedcrypto.dir/des.c.obj
[715/1182] Building C object esp-idf/mbedtls/mbedtls/library/CMakeFiles/mbedcrypto.dir/dhm.c.obj
[716/1182] Linking C static library esp-idf/esp_mm/libesp_mm.a
[717/1182] Building C object esp-idf/mbedtls/mbedtls/library/CMakeFiles/mbedcrypto.dir/cipher_wrap.c.obj
[718/1182] Building C object esp-idf/mbedtls/mbedtls/library/CMakeFiles/mbedtls.dir/ssl_tls.c.obj
[719/1182] Building C object esp-idf/mbedtls/mbedtls/library/CMakeFiles/mbedcrypto.dir/constant_time.c.obj
[720/1182] Building C object esp-idf/mbedtls/mbedtls/library/CMakeFiles/mbedcrypto.dir/ecdh.c.obj
[721/1182] Building C object esp-idf/mbedtls/mbedtls/library/CMakeFiles/mbedcrypto.dir/ecjpake.c.obj
[722/1182] Building C object esp-idf/mbedtls/mbedtls/library/CMakeFiles/mbedx509.dir/x509_crt.c.obj
[723/1182] Building C object esp-idf/mbedtls/mbedtls/library/CMakeFiles/mbedcrypto.dir/ecp_curves_new.c.obj
[724/1182] Building C object esp-idf/mbedtls/mbedtls/library/CMakeFiles/mbedcrypto.dir/aria.c.obj
[725/1182] Building C object esp-idf/mbedtls/mbedtls/library/CMakeFiles/mbedcrypto.dir/ctr_drbg.c.obj
[726/1182] Building C object esp-idf/mbedtls/mbedtls/library/CMakeFiles/mbedcrypto.dir/ccm.c.obj
[727/1182] Building C object esp-idf/mbedtls/mbedtls/library/CMakeFiles/mbedcrypto.dir/ecdsa.c.obj
[728/1182] Linking C static library esp-idf/bootloader_support/libbootloader_support.a
[729/1182] Building C object esp-idf/mbedtls/mbedtls/library/CMakeFiles/mbedcrypto.dir/entropy_poll.c.obj
[730/1182] Building C object esp-idf/mbedtls/mbedtls/library/CMakeFiles/mbedcrypto.dir/cmac.c.obj
[731/1182] Building C object esp-idf/mbedtls/mbedtls/library/CMakeFiles/mbedcrypto.dir/bignum_core.c.obj
[732/1182] Building C object esp-idf/mbedtls/mbedtls/library/CMakeFiles/mbedcrypto.dir/cipher.c.obj
[733/1182] Building C object esp-idf/mbedtls/mbedtls/library/CMakeFiles/mbedcrypto.dir/entropy.c.obj
[734/1182] Building C object esp-idf/mbedtls/mbedtls/library/CMakeFiles/mbedcrypto.dir/hkdf.c.obj
[735/1182] Building C object esp-idf/mbedtls/mbedtls/library/CMakeFiles/mbedcrypto.dir/error.c.obj
[736/1182] Building C object esp-idf/mbedtls/mbedtls/library/CMakeFiles/mbedcrypto.dir/md5.c.obj
[737/1182] Building C object esp-idf/mbedtls/mbedtls/library/CMakeFiles/mbedcrypto.dir/memory_buffer_alloc.c.obj
[738/1182] Building C object esp-idf/mbedtls/mbedtls/library/CMakeFiles/mbedcrypto.dir/hmac_drbg.c.obj
[739/1182] Building C object esp-idf/mbedtls/mbedtls/library/CMakeFiles/mbedcrypto.dir/lmots.c.obj
[740/1182] Building C object esp-idf/mbedtls/mbedtls/library/CMakeFiles/mbedcrypto.dir/padlock.c.obj
[741/1182] Linking C static library esp-idf/efuse/libefuse.a
[742/1182] Building C object esp-idf/mbedtls/mbedtls/library/CMakeFiles/mbedcrypto.dir/nist_kw.c.obj
[743/1182] Building C object esp-idf/mbedtls/mbedtls/library/CMakeFiles/mbedcrypto.dir/lms.c.obj
[744/1182] Building C object esp-idf/mbedtls/mbedtls/library/CMakeFiles/mbedcrypto.dir/md.c.obj
[745/1182] Building C object esp-idf/mbedtls/mbedtls/library/CMakeFiles/mbedcrypto.dir/pk_ecc.c.obj
[746/1182] Linking C static library esp-idf/esp_partition/libesp_partition.a
[747/1182] Building C object esp-idf/mbedtls/mbedtls/library/CMakeFiles/mbedcrypto.dir/ecp_curves.c.obj
[748/1182] Building C object esp-idf/mbedtls/mbedtls/library/CMakeFiles/mbedcrypto.dir/gcm.c.obj
[749/1182] Building C object esp-idf/mbedtls/mbedtls/library/CMakeFiles/mbedcrypto.dir/platform.c.obj
[750/1182] Building C object esp-idf/mbedtls/mbedtls/library/CMakeFiles/mbedcrypto.dir/pem.c.obj
[751/1182] Building C object esp-idf/mbedtls/mbedtls/library/CMakeFiles/mbedcrypto.dir/pk_wrap.c.obj
[752/1182] Building C object esp-idf/mbedtls/mbedtls/library/CMakeFiles/mbedcrypto.dir/platform_util.c.obj
[753/1182] Building C object esp-idf/mbedtls/mbedtls/library/CMakeFiles/mbedcrypto.dir/poly1305.c.obj
[754/1182] Building C object esp-idf/mbedtls/mbedtls/library/CMakeFiles/mbedcrypto.dir/pkcs5.c.obj
[755/1182] Building C object esp-idf/mbedtls/mbedtls/library/CMakeFiles/mbedcrypto.dir/oid.c.obj
[756/1182] Building C object esp-idf/mbedtls/mbedtls/library/CMakeFiles/mbedcrypto.dir/pkcs12.c.obj
[757/1182] Linking C static library esp-idf/app_update/libapp_update.a
[758/1182] Building C object esp-idf/mbedtls/mbedtls/library/CMakeFiles/mbedcrypto.dir/pkwrite.c.obj
[759/1182] Building C object esp-idf/mbedtls/mbedtls/library/CMakeFiles/mbedcrypto.dir/psa_crypto_client.c.obj
[760/1182] Building C object esp-idf/mbedtls/mbedtls/library/CMakeFiles/mbedcrypto.dir/pk.c.obj
[761/1182] Building C object esp-idf/mbedtls/mbedtls/library/CMakeFiles/mbedcrypto.dir/psa_crypto_driver_wrappers_no_static.c.obj
[762/1182] Building C object esp-idf/mbedtls/mbedtls/library/CMakeFiles/mbedcrypto.dir/psa_crypto_aead.c.obj
[763/1182] Building C object esp-idf/mbedtls/mbedtls/library/CMakeFiles/mbedcrypto.dir/psa_crypto_cipher.c.obj
[764/1182] Linking C static library esp-idf/esp_bootloader_format/libesp_bootloader_format.a
[765/1182] Building C object esp-idf/mbedtls/mbedtls/library/CMakeFiles/mbedcrypto.dir/psa_crypto_ffdh.c.obj
[766/1182] Building C object esp-idf/mbedtls/mbedtls/library/CMakeFiles/mbedcrypto.dir/pkparse.c.obj
[767/1182] Building C object esp-idf/mbedtls/mbedtls/library/CMakeFiles/mbedcrypto.dir/psa_crypto_pake.c.obj
[768/1182] Building C object esp-idf/mbedtls/mbedtls/library/CMakeFiles/mbedcrypto.dir/bignum.c.obj
[769/1182] Building C object esp-idf/mbedtls/mbedtls/library/CMakeFiles/mbedcrypto.dir/psa_crypto_hash.c.obj
[770/1182] Building C object esp-idf/mbedtls/mbedtls/library/CMakeFiles/mbedcrypto.dir/ecp.c.obj
[771/1182] Building C object esp-idf/mbedtls/mbedtls/library/CMakeFiles/mbedcrypto.dir/psa_crypto_se.c.obj
[772/1182] Building C object esp-idf/mbedtls/mbedtls/library/CMakeFiles/mbedcrypto.dir/psa_crypto_ecp.c.obj
[773/1182] Building C object esp-idf/mbedtls/mbedtls/library/CMakeFiles/mbedcrypto.dir/psa_crypto_mac.c.obj
[774/1182] Linking C static library esp-idf/esp_app_format/libesp_app_format.a
[775/1182] Building C object esp-idf/mbedtls/mbedtls/library/CMakeFiles/mbedcrypto.dir/psa_crypto_rsa.c.obj
[776/1182] Building C object esp-idf/mbedtls/mbedtls/library/CMakeFiles/mbedcrypto.dir/ripemd160.c.obj
[777/1182] Building C object esp-idf/mbedtls/mbedtls/library/CMakeFiles/mbedcrypto.dir/psa_crypto_slot_management.c.obj
[778/1182] Building C object esp-idf/mbedtls/mbedtls/library/CMakeFiles/mbedcrypto.dir/sha3.c.obj
[779/1182] Building C object esp-idf/mbedtls/mbedtls/library/CMakeFiles/mbedcrypto.dir/psa_its_file.c.obj
[780/1182] Building C object esp-idf/mbedtls/mbedtls/library/CMakeFiles/mbedcrypto.dir/threading.c.obj
[781/1182] Building C object esp-idf/mbedtls/mbedtls/library/CMakeFiles/mbedcrypto.dir/timing.c.obj
[782/1182] Building C object esp-idf/mbedtls/mbedtls/library/CMakeFiles/mbedcrypto.dir/psa_util.c.obj
[783/1182] Building C object esp-idf/mbedtls/mbedtls/library/CMakeFiles/mbedcrypto.dir/sha1.c.obj
[784/1182] Building C object esp-idf/mbedtls/mbedtls/library/CMakeFiles/mbedcrypto.dir/rsa_alt_helpers.c.obj
[785/1182] Building C object esp-idf/mbedtls/mbedtls/library/CMakeFiles/mbedcrypto.dir/psa_crypto_storage.c.obj
[786/1182] Building C object esp-idf/mbedtls/mbedtls/library/CMakeFiles/mbedcrypto.dir/sha512.c.obj
[787/1182] Building C object esp-idf/mbedtls/mbedtls/library/CMakeFiles/mbedcrypto.dir/sha256.c.obj
[788/1182] Building C object esp-idf/mbedtls/mbedtls/library/CMakeFiles/mbedcrypto.dir/version.c.obj
[789/1182] Building C object esp-idf/mbedtls/mbedtls/library/CMakeFiles/mbedcrypto.dir/version_features.c.obj
[790/1182] Building C object esp-idf/mbedtls/mbedtls/library/CMakeFiles/mbedcrypto.dir/tmp/esp32-denoiser-idf-v5.4.2/components/mbedtls/port/sha/dma/esp_sha_gdma_impl.c.obj
[791/1182] Linking CXX static library esp-idf/mbedtls/mbedtls/library/libmbedtls.a
[792/1182] Building C object esp-idf/mbedtls/mbedtls/library/CMakeFiles/mbedcrypto.dir/tmp/esp32-denoiser-idf-v5.4.2/components/mbedtls/port/esp_mem.c.obj
[793/1182] Building C object esp-idf/mbedtls/mbedtls/library/CMakeFiles/mbedcrypto.dir/tmp/esp32-denoiser-idf-v5.4.2/components/mbedtls/port/esp_hardware.c.obj
[794/1182] Building C object esp-idf/mbedtls/mbedtls/library/CMakeFiles/mbedcrypto.dir/tmp/esp32-denoiser-idf-v5.4.2/components/mbedtls/port/aes/dma/esp_aes_gdma_impl.c.obj
[795/1182] Building C object esp-idf/mbedtls/mbedtls/library/CMakeFiles/mbedcrypto.dir/tmp/esp32-denoiser-idf-v5.4.2/components/mbedtls/port/esp_timing.c.obj
[796/1182] Building C object esp-idf/mbedtls/mbedtls/library/CMakeFiles/mbedcrypto.dir/tmp/esp32-denoiser-idf-v5.4.2/components/mbedtls/port/aes/esp_aes_common.c.obj
[797/1182] Building C object esp-idf/mbedtls/mbedtls/library/CMakeFiles/mbedcrypto.dir/tmp/esp32-denoiser-idf-v5.4.2/components/mbedtls/port/sha/esp_sha.c.obj
[798/1182] Building C object esp-idf/mbedtls/mbedtls/library/CMakeFiles/mbedcrypto.dir/tmp/esp32-denoiser-idf-v5.4.2/components/mbedtls/port/aes/esp_aes_xts.c.obj
[799/1182] Building C object esp-idf/mbedtls/mbedtls/library/CMakeFiles/mbedcrypto.dir/tmp/esp32-denoiser-idf-v5.4.2/components/mbedtls/port/crypto_shared_gdma/esp_crypto_shared_gdma.c.obj
[800/1182] Building C object esp-idf/mbedtls/mbedtls/library/CMakeFiles/mbedcrypto.dir/tmp/esp32-denoiser-idf-v5.4.2/components/mbedtls/port/bignum/bignum_alt.c.obj
[801/1182] Building C object esp-idf/mbedtls/mbedtls/library/CMakeFiles/mbedcrypto.dir/tmp/esp32-denoiser-idf-v5.4.2/components/mbedtls/port/aes/dma/esp_aes_dma_core.c.obj
[802/1182] Building C object esp-idf/mbedtls/mbedtls/library/CMakeFiles/mbedcrypto.dir/tmp/esp32-denoiser-idf-v5.4.2/components/mbedtls/port/aes/dma/esp_aes.c.obj
[803/1182] Building C object esp-idf/mbedtls/mbedtls/library/CMakeFiles/mbedcrypto.dir/tmp/esp32-denoiser-idf-v5.4.2/components/mbedtls/port/sha/dma/esp_sha1.c.obj
[804/1182] Building C object esp-idf/mbedtls/mbedtls/library/CMakeFiles/mbedcrypto.dir/tmp/esp32-denoiser-idf-v5.4.2/components/mbedtls/port/sha/dma/sha.c.obj
[805/1182] Building C object esp-idf/mbedtls/mbedtls/library/CMakeFiles/mbedcrypto.dir/tmp/esp32-denoiser-idf-v5.4.2/components/mbedtls/port/md/esp_md.c.obj
[806/1182] Building C object esp-idf/mbedtls/mbedtls/library/CMakeFiles/mbedcrypto.dir/tmp/esp32-denoiser-idf-v5.4.2/components/mbedtls/port/sha/dma/esp_sha512.c.obj
[807/1182] Building C object esp-idf/mbedtls/mbedtls/library/CMakeFiles/mbedcrypto.dir/tmp/esp32-denoiser-idf-v5.4.2/components/mbedtls/port/sha/dma/esp_sha256.c.obj
[808/1182] Linking CXX static library esp-idf/mbedtls/mbedtls/library/libmbedx509.a
[809/1182] Building C object esp-idf/mbedtls/mbedtls/3rdparty/p256-m/CMakeFiles/p256m.dir/p256-m/p256-m.c.obj
[810/1182] Building C object esp-idf/mbedtls/mbedtls/library/CMakeFiles/mbedcrypto.dir/tmp/esp32-denoiser-idf-v5.4.2/components/mbedtls/port/esp_ds/esp_rsa_sign_alt.c.obj
[811/1182] Building C object esp-idf/mbedtls/mbedtls/3rdparty/p256-m/CMakeFiles/p256m.dir/p256-m_driver_entrypoints.c.obj
[812/1182] Building C object esp-idf/mbedtls/mbedtls/library/CMakeFiles/mbedcrypto.dir/tmp/esp32-denoiser-idf-v5.4.2/components/mbedtls/port/bignum/esp_bignum.c.obj
[813/1182] Building C object esp-idf/mbedtls/mbedtls/3rdparty/everest/CMakeFiles/everest.dir/library/x25519.c.obj
[814/1182] Building C object esp-idf/mbedtls/mbedtls/3rdparty/everest/CMakeFiles/everest.dir/library/everest.c.obj
[815/1182] Building C object esp-idf/mbedtls/mbedtls/3rdparty/everest/CMakeFiles/everest.dir/library/Hacl_Curve25519_joined.c.obj
[816/1182] Building C object esp-idf/mbedtls/mbedtls/library/CMakeFiles/mbedcrypto.dir/tmp/esp32-denoiser-idf-v5.4.2/components/mbedtls/port/aes/esp_aes_gcm.c.obj
[817/1182] Performing build step for 'bootloader'
[1/1] cd /tmp/esp32-denoiser-build-v5.4.2/bootloader/esp-idf/esptool_py && /private/tmp/esp32-denoiser-idf-tools-v5.4.2/python_env/idf5.4_py3.12_env/bin/python /tmp/esp32-denoiser-idf-v5.4.2/components/partition_table/check_sizes.py --offset 0x8000 bootloader 0x0 /tmp/esp32-denoiser-build-v5.4.2/bootloader/bootloader.bin
Bootloader binary size 0x5270 bytes. 0x2d90 bytes (36%) free.
[818/1182] No install step for 'bootloader'
[819/1182] Completed 'bootloader'
[820/1182] Building C object esp-idf/mbedtls/mbedtls/library/CMakeFiles/mbedcrypto.dir/rsa.c.obj
[821/1182] Building C object esp-idf/mbedtls/mbedtls/library/CMakeFiles/mbedcrypto.dir/psa_crypto.c.obj
[822/1182] Linking CXX static library esp-idf/mbedtls/mbedtls/library/libmbedcrypto.a
[823/1182] Linking CXX static library esp-idf/mbedtls/mbedtls/3rdparty/p256-m/libp256m.a
[824/1182] Linking CXX static library esp-idf/mbedtls/mbedtls/3rdparty/everest/libeverest.a
[825/1182] Building ASM object esp-idf/xtensa/CMakeFiles/__idf_xtensa.dir/xtensa_intr_asm.S.obj
[826/1182] Building ASM object esp-idf/xtensa/CMakeFiles/__idf_xtensa.dir/xtensa_context.S.obj
[827/1182] Building ASM object esp-idf/xtensa/CMakeFiles/__idf_xtensa.dir/xtensa_vectors.S.obj
[828/1182] Building C object esp-idf/xtensa/CMakeFiles/__idf_xtensa.dir/xt_trax.c.obj
[829/1182] Building C object esp-idf/esp_pm/CMakeFiles/__idf_esp_pm.dir/pm_trace.c.obj
[830/1182] Building C object esp-idf/esp_driver_gpio/CMakeFiles/__idf_esp_driver_gpio.dir/src/gpio_glitch_filter_ops.c.obj
[831/1182] Building C object esp-idf/xtensa/CMakeFiles/__idf_xtensa.dir/xtensa_intr.c.obj
[832/1182] Building C object esp-idf/esp_pm/CMakeFiles/__idf_esp_pm.dir/pm_locks.c.obj
[833/1182] Building C object esp-idf/espressif__esp-dsp/CMakeFiles/__idf_espressif__esp-dsp.dir/modules/common/misc/aes3_tie_log.c.obj
[834/1182] Building CXX object esp-idf/espressif__esp-dsp/CMakeFiles/__idf_espressif__esp-dsp.dir/modules/common/misc/dsps_pwroftwo.cpp.obj
[835/1182] Building ASM object esp-idf/espressif__esp-dsp/CMakeFiles/__idf_espressif__esp-dsp.dir/modules/dotprod/float/dsps_dotprode_f32_ae32.S.obj
[836/1182] Building ASM object esp-idf/espressif__esp-dsp/CMakeFiles/__idf_espressif__esp-dsp.dir/modules/dotprod/float/dsps_dotprod_f32_ae32.S.obj
[837/1182] Building C object esp-idf/esp_driver_gpio/CMakeFiles/__idf_esp_driver_gpio.dir/src/gpio_pin_glitch_filter.c.obj
[838/1182] Building ASM object esp-idf/espressif__esp-dsp/CMakeFiles/__idf_espressif__esp-dsp.dir/modules/dotprod/float/dsps_dotprod_f32_aes3.S.obj
[839/1182] Building ASM object esp-idf/espressif__esp-dsp/CMakeFiles/__idf_espressif__esp-dsp.dir/modules/dotprod/float/dsps_dotprod_f32_arp4.S.obj
[840/1182] Building C object esp-idf/espressif__esp-dsp/CMakeFiles/__idf_espressif__esp-dsp.dir/modules/dotprod/float/dsps_dotprod_f32_ansi.c.obj
[841/1182] Building ASM object esp-idf/espressif__esp-dsp/CMakeFiles/__idf_espressif__esp-dsp.dir/modules/dotprod/float/dsps_dotprode_f32_arp4.S.obj
[842/1182] Building C object esp-idf/espressif__esp-dsp/CMakeFiles/__idf_espressif__esp-dsp.dir/modules/dotprod/float/dsps_dotprode_f32_ansi.c.obj
[843/1182] Building C object esp-idf/esp_pm/CMakeFiles/__idf_esp_pm.dir/pm_impl.c.obj
[844/1182] Building ASM object esp-idf/espressif__esp-dsp/CMakeFiles/__idf_espressif__esp-dsp.dir/modules/dotprod/fixed/dsps_dotprod_s16_ae32.S.obj
[845/1182] Building C object esp-idf/mbedtls/CMakeFiles/__idf_mbedtls.dir/esp_crt_bundle/esp_crt_bundle.c.obj
[846/1182] Building ASM object esp-idf/espressif__esp-dsp/CMakeFiles/__idf_espressif__esp-dsp.dir/modules/dotprod/fixed/dsps_dp_s8_aes3.S.obj
[847/1182] Building C object esp-idf/esp_driver_gpio/CMakeFiles/__idf_esp_driver_gpio.dir/src/dedic_gpio.c.obj
[848/1182] Building ASM object esp-idf/espressif__esp-dsp/CMakeFiles/__idf_espressif__esp-dsp.dir/modules/dotprod/fixed/dsps_dotprod_s16_arp4.S.obj
[849/1182] Building C object esp-idf/esp_driver_gpio/CMakeFiles/__idf_esp_driver_gpio.dir/src/rtc_io.c.obj
[850/1182] Building C object esp-idf/espressif__esp-dsp/CMakeFiles/__idf_espressif__esp-dsp.dir/modules/dotprod/fixed/dsps_dp_s8_ansi.c.obj
[851/1182] Building C object esp-idf/espressif__esp-dsp/CMakeFiles/__idf_espressif__esp-dsp.dir/modules/dotprod/fixed/dsps_dotprod_s16_ansi.c.obj
[852/1182] Building C object esp-idf/espressif__esp-dsp/CMakeFiles/__idf_espressif__esp-dsp.dir/modules/dotprod/float/dspi_dotprod_f32_ansi.c.obj
[853/1182] Building C object esp-idf/espressif__esp-dsp/CMakeFiles/__idf_espressif__esp-dsp.dir/modules/dotprod/float/dspi_dotprod_off_f32_ansi.c.obj
[854/1182] Building C object esp-idf/espressif__esp-dsp/CMakeFiles/__idf_espressif__esp-dsp.dir/modules/dotprod/fixed/dspi_dotprod_u16_ansi.c.obj
[855/1182] Building ASM object esp-idf/espressif__esp-dsp/CMakeFiles/__idf_espressif__esp-dsp.dir/modules/dotprod/fixed/dspi_dotprod_s16_aes3.S.obj
[856/1182] Building C object esp-idf/espressif__esp-dsp/CMakeFiles/__idf_espressif__esp-dsp.dir/modules/dotprod/fixed/dspi_dotprod_s16_ansi.c.obj
[857/1182] Building C object esp-idf/espressif__esp-dsp/CMakeFiles/__idf_espressif__esp-dsp.dir/modules/dotprod/fixed/dspi_dotprod_s8_ansi.c.obj
[858/1182] Building C object esp-idf/espressif__esp-dsp/CMakeFiles/__idf_espressif__esp-dsp.dir/modules/dotprod/fixed/dspi_dotprod_u8_ansi.c.obj
[859/1182] Building C object esp-idf/espressif__esp-dsp/CMakeFiles/__idf_espressif__esp-dsp.dir/modules/dotprod/fixed/dspi_dotprod_off_s16_ansi.c.obj
[860/1182] Building C object esp-idf/espressif__esp-dsp/CMakeFiles/__idf_espressif__esp-dsp.dir/modules/dotprod/fixed/dspi_dotprod_off_u16_ansi.c.obj
[861/1182] Linking C static library esp-idf/mbedtls/libmbedtls.a
[862/1182] Building C object esp-idf/espressif__esp-dsp/CMakeFiles/__idf_espressif__esp-dsp.dir/modules/dotprod/fixed/dspi_dotprod_off_s8_ansi.c.obj
[863/1182] Building C object esp-idf/espressif__esp-dsp/CMakeFiles/__idf_espressif__esp-dsp.dir/modules/dotprod/fixed/dspi_dotprod_off_u8_ansi.c.obj
[864/1182] Building ASM object esp-idf/espressif__esp-dsp/CMakeFiles/__idf_espressif__esp-dsp.dir/modules/dotprod/fixed/dspi_dotprod_u16_aes3.S.obj
[865/1182] Building ASM object esp-idf/espressif__esp-dsp/CMakeFiles/__idf_espressif__esp-dsp.dir/modules/dotprod/fixed/dspi_dotprod_off_u16_aes3.S.obj
[866/1182] Building ASM object esp-idf/espressif__esp-dsp/CMakeFiles/__idf_espressif__esp-dsp.dir/modules/dotprod/fixed/dspi_dotprod_s8_aes3.S.obj
[867/1182] Building ASM object esp-idf/espressif__esp-dsp/CMakeFiles/__idf_espressif__esp-dsp.dir/modules/dotprod/fixed/dspi_dotprod_off_s16_aes3.S.obj
[868/1182] Building ASM object esp-idf/espressif__esp-dsp/CMakeFiles/__idf_espressif__esp-dsp.dir/modules/dotprod/fixed/dspi_dotprod_off_u8_aes3.S.obj
[869/1182] Building ASM object esp-idf/espressif__esp-dsp/CMakeFiles/__idf_espressif__esp-dsp.dir/modules/dotprod/fixed/dspi_dotprod_u8_aes3.S.obj
[870/1182] Building C object esp-idf/esp_driver_gpio/CMakeFiles/__idf_esp_driver_gpio.dir/src/gpio.c.obj
[871/1182] Building ASM object esp-idf/espressif__esp-dsp/CMakeFiles/__idf_espressif__esp-dsp.dir/modules/dotprod/fixed/dspi_dotprod_s16_arp4.S.obj
[872/1182] Building ASM object esp-idf/espressif__esp-dsp/CMakeFiles/__idf_espressif__esp-dsp.dir/modules/dotprod/fixed/dspi_dotprod_off_s8_aes3.S.obj
[873/1182] Building ASM object esp-idf/espressif__esp-dsp/CMakeFiles/__idf_espressif__esp-dsp.dir/modules/dotprod/fixed/dspi_dotprod_u16_arp4.S.obj
[874/1182] Building ASM object esp-idf/espressif__esp-dsp/CMakeFiles/__idf_espressif__esp-dsp.dir/modules/dotprod/fixed/dspi_dotprod_s8_arp4.S.obj
[875/1182] Building ASM object esp-idf/espressif__esp-dsp/CMakeFiles/__idf_espressif__esp-dsp.dir/modules/dotprod/fixed/dspi_dotprod_u8_arp4.S.obj
[876/1182] Building ASM object esp-idf/espressif__esp-dsp/CMakeFiles/__idf_espressif__esp-dsp.dir/modules/dotprod/fixed/dspi_dotprod_off_s8_arp4.S.obj
[877/1182] Building ASM object esp-idf/espressif__esp-dsp/CMakeFiles/__idf_espressif__esp-dsp.dir/modules/dotprod/fixed/dspi_dotprod_off_u16_arp4.S.obj
[878/1182] Building ASM object esp-idf/espressif__esp-dsp/CMakeFiles/__idf_espressif__esp-dsp.dir/modules/dotprod/fixed/dspi_dotprod_off_s16_arp4.S.obj
[879/1182] Building ASM object esp-idf/espressif__esp-dsp/CMakeFiles/__idf_espressif__esp-dsp.dir/modules/dotprod/fixed/dspi_dotprod_off_u8_arp4.S.obj
[880/1182] Building ASM object esp-idf/espressif__esp-dsp/CMakeFiles/__idf_espressif__esp-dsp.dir/modules/matrix/mul/float/dspm_mult_3x3x1_f32_ae32.S.obj
[881/1182] Building ASM object esp-idf/espressif__esp-dsp/CMakeFiles/__idf_espressif__esp-dsp.dir/modules/matrix/mul/float/dspm_mult_4x4x1_f32_ae32.S.obj
[882/1182] Linking C static library esp-idf/esp_pm/libesp_pm.a
[883/1182] Building ASM object esp-idf/espressif__esp-dsp/CMakeFiles/__idf_espressif__esp-dsp.dir/modules/matrix/mul/float/dspm_mult_3x3x3_f32_ae32.S.obj
[884/1182] Building ASM object esp-idf/espressif__esp-dsp/CMakeFiles/__idf_espressif__esp-dsp.dir/modules/matrix/mul/float/dspm_mult_4x4x4_f32_ae32.S.obj
[885/1182] Building ASM object esp-idf/espressif__esp-dsp/CMakeFiles/__idf_espressif__esp-dsp.dir/modules/matrix/mul/float/dspm_mult_f32_ae32.S.obj
[886/1182] Building ASM object esp-idf/espressif__esp-dsp/CMakeFiles/__idf_espressif__esp-dsp.dir/modules/matrix/mul/float/dspm_mult_f32_arp4.S.obj
[887/1182] Building ASM object esp-idf/espressif__esp-dsp/CMakeFiles/__idf_espressif__esp-dsp.dir/modules/matrix/mul/float/dspm_mult_f32_aes3.S.obj
[888/1182] Building ASM object esp-idf/espressif__esp-dsp/CMakeFiles/__idf_espressif__esp-dsp.dir/modules/matrix/mul/float/dspm_mult_ex_f32_arp4.S.obj
[889/1182] Building ASM object esp-idf/espressif__esp-dsp/CMakeFiles/__idf_espressif__esp-dsp.dir/modules/matrix/mul/float/dspm_mult_ex_f32_aes3.S.obj
[890/1182] Building ASM object esp-idf/espressif__esp-dsp/CMakeFiles/__idf_espressif__esp-dsp.dir/modules/matrix/mul/float/dspm_mult_ex_f32_ae32.S.obj
[891/1182] Building ASM object esp-idf/espressif__esp-dsp/CMakeFiles/__idf_espressif__esp-dsp.dir/modules/matrix/mul/fixed/dspm_mult_s16_ae32.S.obj
[892/1182] Building ASM object esp-idf/espressif__esp-dsp/CMakeFiles/__idf_espressif__esp-dsp.dir/modules/matrix/mul/fixed/dspm_mult_s16_aes3.S.obj
[893/1182] Building ASM object esp-idf/espressif__esp-dsp/CMakeFiles/__idf_espressif__esp-dsp.dir/modules/matrix/add/float/dspm_add_f32_ae32.S.obj
[894/1182] Building ASM object esp-idf/espressif__esp-dsp/CMakeFiles/__idf_espressif__esp-dsp.dir/modules/matrix/mul/fixed/dspm_mult_s16_arp4.S.obj
[895/1182] Building C object esp-idf/espressif__esp-dsp/CMakeFiles/__idf_espressif__esp-dsp.dir/modules/matrix/mul/float/dspm_mult_ex_f32_ansi.c.obj
[896/1182] Building C object esp-idf/espressif__esp-dsp/CMakeFiles/__idf_espressif__esp-dsp.dir/modules/matrix/mul/float/dspm_mult_f32_ansi.c.obj
[897/1182] Building ASM object esp-idf/espressif__esp-dsp/CMakeFiles/__idf_espressif__esp-dsp.dir/modules/matrix/mulc/float/dspm_mulc_f32_ae32.S.obj
[898/1182] Building ASM object esp-idf/espressif__esp-dsp/CMakeFiles/__idf_espressif__esp-dsp.dir/modules/matrix/addc/float/dspm_addc_f32_ae32.S.obj
[899/1182] Linking C static library esp-idf/esp_driver_gpio/libesp_driver_gpio.a
[900/1182] Building C object esp-idf/espressif__esp-dsp/CMakeFiles/__idf_espressif__esp-dsp.dir/modules/matrix/add/float/dspm_add_f32_ansi.c.obj
[901/1182] Building C object esp-idf/espressif__esp-dsp/CMakeFiles/__idf_espressif__esp-dsp.dir/modules/matrix/mul/fixed/dspm_mult_s16_ansi.c.obj
[902/1182] Building ASM object esp-idf/espressif__esp-dsp/CMakeFiles/__idf_espressif__esp-dsp.dir/modules/matrix/sub/float/dspm_sub_f32_ae32.S.obj
[903/1182] Building C object esp-idf/espressif__esp-dsp/CMakeFiles/__idf_espressif__esp-dsp.dir/modules/matrix/addc/float/dspm_addc_f32_ansi.c.obj
[904/1182] Building C object esp-idf/espressif__esp-dsp/CMakeFiles/__idf_espressif__esp-dsp.dir/modules/matrix/mulc/float/dspm_mulc_f32_ansi.c.obj
[905/1182] Building C object esp-idf/espressif__esp-dsp/CMakeFiles/__idf_espressif__esp-dsp.dir/modules/math/mulc/float/dsps_mulc_f32_ansi.c.obj
[906/1182] Building ASM object esp-idf/espressif__esp-dsp/CMakeFiles/__idf_espressif__esp-dsp.dir/modules/math/mulc/fixed/dsps_mulc_s16_ae32.S.obj
[907/1182] Building ASM object esp-idf/espressif__esp-dsp/CMakeFiles/__idf_espressif__esp-dsp.dir/modules/math/add/fixed/dsps_add_s16_ae32.S.obj
[908/1182] Building C object esp-idf/espressif__esp-dsp/CMakeFiles/__idf_espressif__esp-dsp.dir/modules/matrix/sub/float/dspm_sub_f32_ansi.c.obj
[909/1182] Building C object esp-idf/espressif__esp-dsp/CMakeFiles/__idf_espressif__esp-dsp.dir/modules/math/addc/float/dsps_addc_f32_ansi.c.obj
[910/1182] Building ASM object esp-idf/espressif__esp-dsp/CMakeFiles/__idf_espressif__esp-dsp.dir/modules/math/add/fixed/dsps_add_s16_aes3.S.obj
[911/1182] Building C object esp-idf/espressif__esp-dsp/CMakeFiles/__idf_espressif__esp-dsp.dir/modules/math/mulc/fixed/dsps_mulc_s16_ansi.c.obj
[912/1182] Building C object esp-idf/espressif__esp-dsp/CMakeFiles/__idf_espressif__esp-dsp.dir/modules/math/add/fixed/dsps_add_s16_ansi.c.obj
[913/1182] Building C object esp-idf/espressif__esp-dsp/CMakeFiles/__idf_espressif__esp-dsp.dir/modules/math/add/float/dsps_add_f32_ansi.c.obj
[914/1182] Building ASM object esp-idf/espressif__esp-dsp/CMakeFiles/__idf_espressif__esp-dsp.dir/modules/math/add/fixed/dsps_add_s8_aes3.S.obj
[915/1182] Building ASM object esp-idf/espressif__esp-dsp/CMakeFiles/__idf_espressif__esp-dsp.dir/modules/math/sub/fixed/dsps_sub_s16_ae32.S.obj
[916/1182] Linking C static library esp-idf/xtensa/libxtensa.a
[917/1182] Building C object esp-idf/espressif__esp-dsp/CMakeFiles/__idf_espressif__esp-dsp.dir/modules/math/sub/float/dsps_sub_f32_ansi.c.obj
[918/1182] Building C object esp-idf/espressif__esp-dsp/CMakeFiles/__idf_espressif__esp-dsp.dir/modules/math/add/fixed/dsps_add_s8_ansi.c.obj
[919/1182] Building ASM object esp-idf/espressif__esp-dsp/CMakeFiles/__idf_espressif__esp-dsp.dir/modules/math/sub/fixed/dsps_sub_s16_aes3.S.obj
[920/1182] Building C object esp-idf/espressif__esp-dsp/CMakeFiles/__idf_espressif__esp-dsp.dir/modules/math/sub/fixed/dsps_sub_s16_ansi.c.obj
[921/1182] Building ASM object esp-idf/espressif__esp-dsp/CMakeFiles/__idf_espressif__esp-dsp.dir/modules/math/sub/fixed/dsps_sub_s8_aes3.S.obj
[922/1182] Building ASM object esp-idf/espressif__esp-dsp/CMakeFiles/__idf_espressif__esp-dsp.dir/modules/math/mul/fixed/dsps_mul_s16_ae32.S.obj
[923/1182] Building C object esp-idf/espressif__esp-dsp/CMakeFiles/__idf_espressif__esp-dsp.dir/modules/math/sub/fixed/dsps_sub_s8_ansi.c.obj
[924/1182] Building ASM object esp-idf/espressif__esp-dsp/CMakeFiles/__idf_espressif__esp-dsp.dir/modules/math/mul/fixed/dsps_mul_s16_aes3.S.obj
[925/1182] Building ASM object esp-idf/espressif__esp-dsp/CMakeFiles/__idf_espressif__esp-dsp.dir/modules/math/mul/fixed/dsps_mul_s8_aes3.S.obj
[926/1182] Building C object esp-idf/espressif__esp-dsp/CMakeFiles/__idf_espressif__esp-dsp.dir/modules/math/mul/fixed/dsps_mul_s16_ansi.c.obj
[927/1182] Building C object esp-idf/espressif__esp-dsp/CMakeFiles/__idf_espressif__esp-dsp.dir/modules/math/mul/float/dsps_mul_f32_ansi.c.obj
[928/1182] Building ASM object esp-idf/espressif__esp-dsp/CMakeFiles/__idf_espressif__esp-dsp.dir/modules/math/mulc/float/dsps_mulc_f32_ae32.S.obj
[929/1182] Building C object esp-idf/espressif__esp-dsp/CMakeFiles/__idf_espressif__esp-dsp.dir/modules/math/mul/fixed/dsps_mul_s8_ansi.c.obj
[930/1182] Building ASM object esp-idf/espressif__esp-dsp/CMakeFiles/__idf_espressif__esp-dsp.dir/modules/math/sub/float/dsps_sub_f32_ae32.S.obj
[931/1182] Building ASM object esp-idf/espressif__esp-dsp/CMakeFiles/__idf_espressif__esp-dsp.dir/modules/math/addc/float/dsps_addc_f32_ae32.S.obj
[932/1182] Building ASM object esp-idf/espressif__esp-dsp/CMakeFiles/__idf_espressif__esp-dsp.dir/modules/math/add/float/dsps_add_f32_ae32.S.obj
[933/1182] Building ASM object esp-idf/espressif__esp-dsp/CMakeFiles/__idf_espressif__esp-dsp.dir/modules/math/mul/float/dsps_mul_f32_ae32.S.obj
[934/1182] Building C object esp-idf/espressif__esp-dsp/CMakeFiles/__idf_espressif__esp-dsp.dir/modules/matrix/mul/fixed/dspm_mult_mxn_1xm_int8_ansi.c.obj
[935/1182] Building ASM object esp-idf/espressif__esp-dsp/CMakeFiles/__idf_espressif__esp-dsp.dir/modules/fft/float/dsps_fft2r_fc32_ae32_.S.obj
[936/1182] Building ASM object esp-idf/espressif__esp-dsp/CMakeFiles/__idf_espressif__esp-dsp.dir/modules/fft/float/dsps_fft2r_fc32_aes3_.S.obj
[937/1182] Building C object esp-idf/espressif__esp-dsp/CMakeFiles/__idf_espressif__esp-dsp.dir/modules/math/sqrt/float/dsps_sqrt_f32_ansi.c.obj
[938/1182] Building ASM object esp-idf/espressif__esp-dsp/CMakeFiles/__idf_espressif__esp-dsp.dir/modules/fft/float/dsps_fft2r_fc32_arp4.S.obj
[939/1182] Building ASM object esp-idf/espressif__esp-dsp/CMakeFiles/__idf_espressif__esp-dsp.dir/modules/fft/float/dsps_bit_rev_lookup_fc32_aes3.S.obj
[940/1182] Building ASM object esp-idf/espressif__esp-dsp/CMakeFiles/__idf_espressif__esp-dsp.dir/modules/fft/float/dsps_fft4r_fc32_ae32_.S.obj
[941/1182] Building ASM object esp-idf/espressif__esp-dsp/CMakeFiles/__idf_espressif__esp-dsp.dir/modules/fft/float/dsps_fft4r_fc32_arp4.S.obj
[942/1182] Building ASM object esp-idf/espressif__esp-dsp/CMakeFiles/__idf_espressif__esp-dsp.dir/modules/fft/fixed/dsps_fft2r_sc16_ae32.S.obj
[943/1182] Building ASM object esp-idf/espressif__esp-dsp/CMakeFiles/__idf_espressif__esp-dsp.dir/modules/fft/fixed/dsps_fft2r_sc16_aes3.S.obj
[944/1182] Building ASM object esp-idf/espressif__esp-dsp/CMakeFiles/__idf_espressif__esp-dsp.dir/modules/fft/float/dsps_fft4r_fc32_aes3_.S.obj
[945/1182] Building ASM object esp-idf/espressif__esp-dsp/CMakeFiles/__idf_espressif__esp-dsp.dir/modules/fft/fixed/dsps_fft2r_sc16_arp4.S.obj
[946/1182] Building C object esp-idf/espressif__esp-dsp/CMakeFiles/__idf_espressif__esp-dsp.dir/modules/fft/float/dsps_fft2r_fc32_ae32.c.obj
[947/1182] Building C object esp-idf/espressif__esp-dsp/CMakeFiles/__idf_espressif__esp-dsp.dir/modules/fft/float/dsps_fft4r_fc32_ae32.c.obj
[948/1182] Building C object esp-idf/espressif__esp-dsp/CMakeFiles/__idf_espressif__esp-dsp.dir/modules/fft/float/dsps_fft4r_fc32_ansi.c.obj
[949/1182] Building ASM object esp-idf/espressif__esp-dsp/CMakeFiles/__idf_espressif__esp-dsp.dir/modules/support/cplx_gen/dsps_cplx_gen.S.obj
[950/1182] Building C object esp-idf/espressif__esp-dsp/CMakeFiles/__idf_espressif__esp-dsp.dir/modules/dct/float/dsps_dstiv_f32.c.obj
[951/1182] Building C object esp-idf/espressif__esp-dsp/CMakeFiles/__idf_espressif__esp-dsp.dir/modules/dct/float/dsps_dct_f32.c.obj
[952/1182] Building C object esp-idf/espressif__esp-dsp/CMakeFiles/__idf_espressif__esp-dsp.dir/modules/support/misc/dsps_d_gen.c.obj
[953/1182] Building C object esp-idf/espressif__esp-dsp/CMakeFiles/__idf_espressif__esp-dsp.dir/modules/dct/float/dsps_dctiv_f32.c.obj
[954/1182] Building ASM object esp-idf/espressif__esp-dsp/CMakeFiles/__idf_espressif__esp-dsp.dir/modules/support/mem/esp32s3/dsps_memset_aes3.S.obj
[955/1182] Building C object esp-idf/espressif__esp-dsp/CMakeFiles/__idf_espressif__esp-dsp.dir/modules/fft/float/dsps_fft2r_fc32_ansi.c.obj
[956/1182] Building C object esp-idf/espressif__esp-dsp/CMakeFiles/__idf_espressif__esp-dsp.dir/modules/support/misc/dsps_h_gen.c.obj
[957/1182] Building C object esp-idf/espressif__esp-dsp/CMakeFiles/__idf_espressif__esp-dsp.dir/modules/support/misc/dsps_tone_gen.c.obj
[958/1182] Building C object esp-idf/espressif__esp-dsp/CMakeFiles/__idf_espressif__esp-dsp.dir/modules/support/cplx_gen/dsps_cplx_gen.c.obj
[959/1182] Building C object esp-idf/espressif__esp-dsp/CMakeFiles/__idf_espressif__esp-dsp.dir/modules/fft/fixed/dsps_fft2r_sc16_ansi.c.obj
[960/1182] Building ASM object esp-idf/espressif__esp-dsp/CMakeFiles/__idf_espressif__esp-dsp.dir/modules/support/mem/esp32s3/dsps_memcpy_aes3.S.obj
[961/1182] Building C object esp-idf/espressif__esp-dsp/CMakeFiles/__idf_espressif__esp-dsp.dir/modules/support/cplx_gen/dsps_cplx_gen_init.c.obj
[962/1182] Building ASM object esp-idf/espressif__esp-dsp/CMakeFiles/__idf_espressif__esp-dsp.dir/modules/conv/float/dsps_conv_f32_ae32.S.obj
[963/1182] Building C object esp-idf/espressif__esp-dsp/CMakeFiles/__idf_espressif__esp-dsp.dir/modules/windows/hann/float/dsps_wind_hann_f32.c.obj
[964/1182] Building C object esp-idf/espressif__esp-dsp/CMakeFiles/__idf_espressif__esp-dsp.dir/modules/windows/blackman/float/dsps_wind_blackman_f32.c.obj
[965/1182] Building C object esp-idf/espressif__esp-dsp/CMakeFiles/__idf_espressif__esp-dsp.dir/modules/windows/blackman_nuttall/float/dsps_wind_blackman_nuttall_f32.c.obj
[966/1182] Building ASM object esp-idf/espressif__esp-dsp/CMakeFiles/__idf_espressif__esp-dsp.dir/modules/conv/float/dsps_corr_f32_ae32.S.obj
[967/1182] Building C object esp-idf/espressif__esp-dsp/CMakeFiles/__idf_espressif__esp-dsp.dir/modules/windows/nuttall/float/dsps_wind_nuttall_f32.c.obj
[968/1182] Building C object esp-idf/espressif__esp-dsp/CMakeFiles/__idf_espressif__esp-dsp.dir/modules/windows/blackman_harris/float/dsps_wind_blackman_harris_f32.c.obj
[969/1182] Building C object esp-idf/espressif__esp-dsp/CMakeFiles/__idf_espressif__esp-dsp.dir/modules/windows/flat_top/float/dsps_wind_flat_top_f32.c.obj
[970/1182] Building C object esp-idf/espressif__esp-dsp/CMakeFiles/__idf_espressif__esp-dsp.dir/modules/conv/float/dsps_conv_f32_ansi.c.obj
[971/1182] Building C object esp-idf/espressif__esp-dsp/CMakeFiles/__idf_espressif__esp-dsp.dir/modules/conv/float/dsps_corr_f32_ansi.c.obj
[972/1182] Building C object esp-idf/espressif__esp-dsp/CMakeFiles/__idf_espressif__esp-dsp.dir/modules/conv/float/dsps_ccorr_f32_ansi.c.obj
[973/1182] Building ASM object esp-idf/espressif__esp-dsp/CMakeFiles/__idf_espressif__esp-dsp.dir/modules/iir/biquad/dsps_biquad_f32_ae32.S.obj
[974/1182] Building ASM object esp-idf/espressif__esp-dsp/CMakeFiles/__idf_espressif__esp-dsp.dir/modules/iir/biquad/dsps_biquad_f32_aes3.S.obj
[975/1182] Building ASM object esp-idf/espressif__esp-dsp/CMakeFiles/__idf_espressif__esp-dsp.dir/modules/conv/float/dsps_ccorr_f32_ae32.S.obj
[976/1182] Building ASM object esp-idf/espressif__esp-dsp/CMakeFiles/__idf_espressif__esp-dsp.dir/modules/iir/biquad/dsps_biquad_sf32_arp4.S.obj
[977/1182] Building ASM object esp-idf/espressif__esp-dsp/CMakeFiles/__idf_espressif__esp-dsp.dir/modules/iir/biquad/dsps_biquad_sf32_ae32.S.obj
[978/1182] Building ASM object esp-idf/espressif__esp-dsp/CMakeFiles/__idf_espressif__esp-dsp.dir/modules/iir/biquad/dsps_biquad_f32_arp4.S.obj
[979/1182] Building C object esp-idf/espressif__esp-dsp/CMakeFiles/__idf_espressif__esp-dsp.dir/modules/iir/biquad/dsps_biquad_f32_ansi.c.obj
[980/1182] Building ASM object esp-idf/espressif__esp-dsp/CMakeFiles/__idf_espressif__esp-dsp.dir/modules/fir/float/dsps_fir_f32_ae32.S.obj
[981/1182] Building C object esp-idf/espressif__esp-dsp/CMakeFiles/__idf_espressif__esp-dsp.dir/modules/iir/biquad/dsps_biquad_sf32_ansi.c.obj
[982/1182] Building ASM object esp-idf/espressif__esp-dsp/CMakeFiles/__idf_espressif__esp-dsp.dir/modules/fir/float/dsps_fird_f32_arp4.S.obj
[983/1182] Building ASM object esp-idf/espressif__esp-dsp/CMakeFiles/__idf_espressif__esp-dsp.dir/modules/fir/float/dsps_fir_f32_aes3.S.obj
[984/1182] Building ASM object esp-idf/espressif__esp-dsp/CMakeFiles/__idf_espressif__esp-dsp.dir/modules/fir/float/dsps_fird_f32_ae32.S.obj
[985/1182] Building ASM object esp-idf/espressif__esp-dsp/CMakeFiles/__idf_espressif__esp-dsp.dir/modules/fir/float/dsps_fird_f32_aes3.S.obj
[986/1182] Building C object esp-idf/espressif__esp-dsp/CMakeFiles/__idf_espressif__esp-dsp.dir/modules/iir/biquad/dsps_biquad_gen_f32.c.obj
[987/1182] Building C object esp-idf/espressif__esp-dsp/CMakeFiles/__idf_espressif__esp-dsp.dir/modules/conv/float/dspi_conv_f32_ansi.c.obj
[988/1182] Building CXX object esp-idf/espressif__esp-dsp/CMakeFiles/__idf_espressif__esp-dsp.dir/modules/support/snr/float/dsps_snr_f32.cpp.obj
[989/1182] Building CXX object esp-idf/espressif__esp-dsp/CMakeFiles/__idf_espressif__esp-dsp.dir/modules/support/sfdr/float/dsps_sfdr_f32.cpp.obj
[990/1182] Building C object esp-idf/espressif__esp-dsp/CMakeFiles/__idf_espressif__esp-dsp.dir/modules/fir/float/dsps_fir_init_f32.c.obj
[991/1182] Building C object esp-idf/espressif__esp-dsp/CMakeFiles/__idf_espressif__esp-dsp.dir/modules/fir/float/dsps_fir_f32_ansi.c.obj
[992/1182] Building C object esp-idf/espressif__esp-dsp/CMakeFiles/__idf_espressif__esp-dsp.dir/modules/fir/float/dsps_fird_f32_ansi.c.obj
[993/1182] Building ASM object esp-idf/espressif__esp-dsp/CMakeFiles/__idf_espressif__esp-dsp.dir/modules/fir/fixed/dsps_fird_s16_arp4.S.obj
[994/1182] Building ASM object esp-idf/espressif__esp-dsp/CMakeFiles/__idf_espressif__esp-dsp.dir/modules/fir/fixed/dsps_fird_s16_aes3.S.obj
[995/1182] Building C object esp-idf/espressif__esp-dsp/CMakeFiles/__idf_espressif__esp-dsp.dir/modules/fir/float/dsps_fird_init_f32.c.obj
[996/1182] Building ASM object esp-idf/espressif__esp-dsp/CMakeFiles/__idf_espressif__esp-dsp.dir/modules/fir/fixed/dsps_fird_s16_ae32.S.obj
[997/1182] Building CXX object esp-idf/espressif__esp-dsp/CMakeFiles/__idf_espressif__esp-dsp.dir/modules/support/view/dsps_view.cpp.obj
[998/1182] Building C object esp-idf/espressif__esp-dsp/CMakeFiles/__idf_espressif__esp-dsp.dir/modules/fir/fixed/dsps_fird_init_s16.c.obj
[999/1182] Building C object esp-idf/espressif__esp-dsp/CMakeFiles/__idf_espressif__esp-dsp.dir/modules/fir/fixed/dsps_fird_s16_ansi.c.obj
[1000/1182] Building C object esp-idf/espressif__esp-dsp/CMakeFiles/__idf_espressif__esp-dsp.dir/modules/fir/float/dsps_firmr_f32_ansi.c.obj
[1001/1182] Building C object esp-idf/espressif__esp-dsp/CMakeFiles/__idf_espressif__esp-dsp.dir/modules/fir/float/dsps_firmr_init_f32.c.obj
[1002/1182] Building C object esp-idf/espressif__esp-dsp/CMakeFiles/__idf_espressif__esp-dsp.dir/modules/fir/fixed/dsps_firmr_init_s16.c.obj
[1003/1182] Building C object esp-idf/espressif__esp-dsp/CMakeFiles/__idf_espressif__esp-dsp.dir/modules/fir/resampler/dsps_resampler_mr.c.obj
[1004/1182] Building C object esp-idf/espressif__esp-dsp/CMakeFiles/__idf_espressif__esp-dsp.dir/modules/fir/fixed/dsps_firmr_s16_ansi.c.obj
[1005/1182] Building C object esp-idf/espressif__esp-dsp/CMakeFiles/__idf_espressif__esp-dsp.dir/modules/fir/resampler/dsps_resampler_ph.c.obj
[1006/1182] Building C object esp-idf/esp32_denoiser/CMakeFiles/__idf_esp32_denoiser.dir/frequency_audio.c.obj
[1007/1182] Building C object esp-idf/console/CMakeFiles/__idf_console.dir/split_argv.c.obj
[1008/1182] Building C object esp-idf/esp32_denoiser/CMakeFiles/__idf_esp32_denoiser.dir/audio.c.obj
[1009/1182] Building C object esp-idf/console/CMakeFiles/__idf_console.dir/esp_console_common.c.obj
[1010/1182] Building C object esp-idf/console/CMakeFiles/__idf_console.dir/commands.c.obj
[1011/1182] Building C object esp-idf/console/CMakeFiles/__idf_console.dir/esp_console_repl_chip.c.obj
[1012/1182] Building C object esp-idf/console/CMakeFiles/__idf_console.dir/argtable3/arg_dbl.c.obj
[1013/1182] Building C object esp-idf/console/CMakeFiles/__idf_console.dir/argtable3/arg_cmd.c.obj
[1014/1182] Building C object esp-idf/esp32_denoiser/CMakeFiles/__idf_esp32_denoiser.dir/denoiser.c.obj
[1015/1182] Building C object esp-idf/console/CMakeFiles/__idf_console.dir/argtable3/arg_dstr.c.obj
[1016/1182] Building C object esp-idf/console/CMakeFiles/__idf_console.dir/argtable3/arg_end.c.obj
[1017/1182] Building C object esp-idf/console/CMakeFiles/__idf_console.dir/argtable3/arg_date.c.obj
[1018/1182] Building C object esp-idf/console/CMakeFiles/__idf_console.dir/argtable3/arg_file.c.obj
[1019/1182] Building C object esp-idf/console/CMakeFiles/__idf_console.dir/argtable3/arg_int.c.obj
[1020/1182] Building C object esp-idf/console/CMakeFiles/__idf_console.dir/argtable3/arg_lit.c.obj
[1021/1182] Building C object esp-idf/console/CMakeFiles/__idf_console.dir/argtable3/arg_hashtable.c.obj
[1022/1182] Building C object esp-idf/console/CMakeFiles/__idf_console.dir/argtable3/arg_rem.c.obj
[1023/1182] Building C object esp-idf/console/CMakeFiles/__idf_console.dir/linenoise/linenoise.c.obj
[1024/1182] Building C object esp-idf/esp32_denoiser/CMakeFiles/__idf_esp32_denoiser.dir/frequency.c.obj
[1025/1182] Building C object esp-idf/console/CMakeFiles/__idf_console.dir/argtable3/arg_str.c.obj
[1026/1182] Building C object esp-idf/unity/CMakeFiles/__idf_unity.dir/unity_compat.c.obj
[1027/1182] Building C object esp-idf/console/CMakeFiles/__idf_console.dir/argtable3/arg_utils.c.obj
[1028/1182] Building C object esp-idf/unity/CMakeFiles/__idf_unity.dir/unity_utils_cache.c.obj
[1029/1182] Building C object esp-idf/unity/CMakeFiles/__idf_unity.dir/unity_utils_freertos.c.obj
[1030/1182] Building C object esp-idf/unity/CMakeFiles/__idf_unity.dir/unity_utils_memory.c.obj
[1031/1182] Building C object esp-idf/unity/CMakeFiles/__idf_unity.dir/unity_runner.c.obj
[1032/1182] Building C object esp-idf/protocomm/CMakeFiles/__idf_protocomm.dir/proto-c/constants.pb-c.c.obj
[1033/1182] Building C object esp-idf/unity/CMakeFiles/__idf_unity.dir/unity_port_esp32.c.obj
[1034/1182] Building C object esp-idf/unity/CMakeFiles/__idf_unity.dir/port/esp/unity_utils_memory_esp.c.obj
[1035/1182] Building C object esp-idf/protocomm/CMakeFiles/__idf_protocomm.dir/proto-c/sec0.pb-c.c.obj
[1036/1182] Building C object esp-idf/protocomm/CMakeFiles/__idf_protocomm.dir/proto-c/session.pb-c.c.obj
[1037/1182] Building C object esp-idf/protocomm/CMakeFiles/__idf_protocomm.dir/proto-c/sec2.pb-c.c.obj
[1038/1182] Building C object esp-idf/esp_https_server/CMakeFiles/__idf_esp_https_server.dir/src/https_server.c.obj
[1039/1182] Building C object esp-idf/protocomm/CMakeFiles/__idf_protocomm.dir/proto-c/sec1.pb-c.c.obj
[1040/1182] Building C object esp-idf/protocomm/CMakeFiles/__idf_protocomm.dir/src/common/protocomm.c.obj
[1041/1182] Building C object esp-idf/console/CMakeFiles/__idf_console.dir/argtable3/arg_rex.c.obj
[1042/1182] Building C object esp-idf/protocomm/CMakeFiles/__idf_protocomm.dir/src/security/security0.c.obj
[1043/1182] Building C object esp-idf/protocomm/CMakeFiles/__idf_protocomm.dir/src/transports/protocomm_httpd.c.obj
[1044/1182] Building C object esp-idf/protocomm/CMakeFiles/__idf_protocomm.dir/src/transports/protocomm_console.c.obj
[1045/1182] Building CXX object esp-idf/wear_levelling/CMakeFiles/__idf_wear_levelling.dir/Partition.cpp.obj
[1046/1182] Building CXX object esp-idf/wear_levelling/CMakeFiles/__idf_wear_levelling.dir/SPI_Flash.cpp.obj
[1047/1182] Building C object esp-idf/protocomm/CMakeFiles/__idf_protocomm.dir/src/crypto/srp6a/esp_srp_mpi.c.obj
[1048/1182] Building C object esp-idf/console/CMakeFiles/__idf_console.dir/argtable3/argtable3.c.obj
[1049/1182] Building C object esp-idf/protocomm/CMakeFiles/__idf_protocomm.dir/src/crypto/srp6a/esp_srp.c.obj
[1050/1182] Building CXX object esp-idf/wear_levelling/CMakeFiles/__idf_wear_levelling.dir/WL_Ext_Safe.cpp.obj
[1051/1182] Building CXX object esp-idf/wear_levelling/CMakeFiles/__idf_wear_levelling.dir/WL_Ext_Perf.cpp.obj
[1052/1182] Building C object esp-idf/protocomm/CMakeFiles/__idf_protocomm.dir/src/security/security1.c.obj
[1053/1182] Building CXX object esp-idf/wear_levelling/CMakeFiles/__idf_wear_levelling.dir/wear_levelling.cpp.obj
[1054/1182] Building C object esp-idf/protocomm/CMakeFiles/__idf_protocomm.dir/src/security/security2.c.obj
[1055/1182] Linking C static library esp-idf/console/libconsole.a
[1056/1182] Building C object esp-idf/app_trace/CMakeFiles/__idf_app_trace.dir/host_file_io.c.obj
[1057/1182] Building C object esp-idf/app_trace/CMakeFiles/__idf_app_trace.dir/app_trace_util.c.obj
[1058/1182] Building C object esp-idf/app_trace/CMakeFiles/__idf_app_trace.dir/port/port_uart.c.obj
[1059/1182] Building C object esp-idf/cmock/CMakeFiles/__idf_cmock.dir/CMock/src/cmock.c.obj
[1060/1182] Building C object esp-idf/app_trace/CMakeFiles/__idf_app_trace.dir/app_trace.c.obj
[1061/1182] Building C object esp-idf/esp_driver_cam/CMakeFiles/__idf_esp_driver_cam.dir/esp_cam_ctlr.c.obj
[1062/1182] Building C object esp-idf/esp_driver_cam/CMakeFiles/__idf_esp_driver_cam.dir/dvp_share_ctrl.c.obj
[1063/1182] Building CXX object esp-idf/espressif__esp-dsp/CMakeFiles/__idf_espressif__esp-dsp.dir/modules/matrix/mat/mat.cpp.obj
[1064/1182] Building C object esp-idf/esp_eth/CMakeFiles/__idf_esp_eth.dir/src/esp_eth_netif_glue.c.obj
[1065/1182] Building C object esp-idf/esp_hid/CMakeFiles/__idf_esp_hid.dir/src/esp_hidd.c.obj
[1066/1182] Linking C static library esp-idf/esp_https_server/libesp_https_server.a
[1067/1182] Building C object esp-idf/esp_hid/CMakeFiles/__idf_esp_hid.dir/src/esp_hid_common.c.obj
[1068/1182] Building C object esp-idf/esp_lcd/CMakeFiles/__idf_esp_lcd.dir/src/esp_lcd_common.c.obj
[1069/1182] Building C object esp-idf/json/CMakeFiles/__idf_json.dir/cJSON/cJSON_Utils.c.obj
[1070/1182] Building CXX object esp-idf/wear_levelling/CMakeFiles/__idf_wear_levelling.dir/WL_Flash.cpp.obj
[1071/1182] Building C object esp-idf/esp_lcd/CMakeFiles/__idf_esp_lcd.dir/src/esp_lcd_panel_io.c.obj
[1072/1182] Building C object esp-idf/esp_eth/CMakeFiles/__idf_esp_eth.dir/src/esp_eth.c.obj
[1073/1182] Building C object esp-idf/unity/CMakeFiles/__idf_unity.dir/unity/src/unity.c.obj
[1074/1182] Building C object esp-idf/esp_lcd/CMakeFiles/__idf_esp_lcd.dir/src/esp_lcd_panel_nt35510.c.obj
[1075/1182] Building C object esp-idf/esp_lcd/CMakeFiles/__idf_esp_lcd.dir/src/esp_lcd_panel_ssd1306.c.obj
[1076/1182] Building C object esp-idf/esp_hid/CMakeFiles/__idf_esp_hid.dir/src/esp_hidh.c.obj
[1077/1182] Building C object esp-idf/esp_eth/CMakeFiles/__idf_esp_eth.dir/src/phy/esp_eth_phy_802_3.c.obj
[1078/1182] Building C object esp-idf/esp_lcd/CMakeFiles/__idf_esp_lcd.dir/src/esp_lcd_panel_ops.c.obj
[1079/1182] Building C object esp-idf/esp_lcd/CMakeFiles/__idf_esp_lcd.dir/src/esp_lcd_panel_st7789.c.obj
[1080/1182] Linking C static library esp-idf/unity/libunity.a
[1081/1182] Building C object esp-idf/esp_lcd/CMakeFiles/__idf_esp_lcd.dir/i2c/esp_lcd_panel_io_i2c_v1.c.obj
[1082/1182] Building C object esp-idf/esp_lcd/CMakeFiles/__idf_esp_lcd.dir/i2c/esp_lcd_panel_io_i2c_v2.c.obj
[1083/1182] Building C object esp-idf/espcoredump/CMakeFiles/__idf_espcoredump.dir/src/core_dump_init.c.obj
[1084/1182] Building C object esp-idf/espcoredump/CMakeFiles/__idf_espcoredump.dir/src/core_dump_common.c.obj
[1085/1182] Building C object esp-idf/esp_lcd/CMakeFiles/__idf_esp_lcd.dir/spi/esp_lcd_panel_io_spi.c.obj
[1086/1182] Building C object esp-idf/esp_local_ctrl/CMakeFiles/__idf_esp_local_ctrl.dir/src/esp_local_ctrl.c.obj
[1087/1182] Building C object esp-idf/esp_local_ctrl/CMakeFiles/__idf_esp_local_ctrl.dir/src/esp_local_ctrl_transport_httpd.c.obj
[1088/1182] Building C object esp-idf/esp_local_ctrl/CMakeFiles/__idf_esp_local_ctrl.dir/proto-c/esp_local_ctrl.pb-c.c.obj
[1089/1182] Building C object esp-idf/espcoredump/CMakeFiles/__idf_espcoredump.dir/src/core_dump_sha.c.obj
[1090/1182] Building C object esp-idf/espcoredump/CMakeFiles/__idf_espcoredump.dir/src/core_dump_crc.c.obj
[1091/1182] Building C object esp-idf/espcoredump/CMakeFiles/__idf_espcoredump.dir/src/core_dump_binary.c.obj
[1092/1182] Building C object esp-idf/espcoredump/CMakeFiles/__idf_espcoredump.dir/src/core_dump_flash.c.obj
[1093/1182] Building C object esp-idf/espcoredump/CMakeFiles/__idf_espcoredump.dir/src/core_dump_elf.c.obj
[1094/1182] Building C object esp-idf/espcoredump/CMakeFiles/__idf_espcoredump.dir/src/core_dump_uart.c.obj
[1095/1182] Building C object esp-idf/esp_local_ctrl/CMakeFiles/__idf_esp_local_ctrl.dir/src/esp_local_ctrl_handler.c.obj
[1096/1182] Linking C static library esp-idf/wear_levelling/libwear_levelling.a
[1097/1182] Building C object esp-idf/esp_lcd/CMakeFiles/__idf_esp_lcd.dir/i80/esp_lcd_panel_io_i80.c.obj
[1098/1182] Building C object esp-idf/espcoredump/CMakeFiles/__idf_espcoredump.dir/src/port/xtensa/core_dump_port.c.obj
[1099/1182] Building C object esp-idf/fatfs/CMakeFiles/__idf_fatfs.dir/port/freertos/ffsystem.c.obj
[1100/1182] Building C object esp-idf/fatfs/CMakeFiles/__idf_fatfs.dir/diskio/diskio.c.obj
[1101/1182] Building CXX object esp-idf/espressif__esp-dsp/CMakeFiles/__idf_espressif__esp-dsp.dir/modules/kalman/ekf_imu13states/ekf_imu13states.cpp.obj
[1102/1182] Building C object esp-idf/fatfs/CMakeFiles/__idf_fatfs.dir/src/ffunicode.c.obj
[1103/1182] Building C object esp-idf/fatfs/CMakeFiles/__idf_fatfs.dir/diskio/diskio_rawflash.c.obj
[1104/1182] Building C object esp-idf/fatfs/CMakeFiles/__idf_fatfs.dir/diskio/diskio_wl.c.obj
[1105/1182] Building C object esp-idf/fatfs/CMakeFiles/__idf_fatfs.dir/diskio/diskio_sdmmc.c.obj
[1106/1182] Building C object esp-idf/json/CMakeFiles/__idf_json.dir/cJSON/cJSON.c.obj
[1107/1182] Building CXX object esp-idf/espressif__esp-dsp/CMakeFiles/__idf_espressif__esp-dsp.dir/modules/kalman/ekf/common/ekf.cpp.obj
[1108/1182] Building C object esp-idf/protobuf-c/CMakeFiles/__idf_protobuf-c.dir/protobuf-c/protobuf-c/protobuf-c.c.obj
[1109/1182] Building C object esp-idf/perfmon/CMakeFiles/__idf_perfmon.dir/xtensa_perfmon_access.c.obj
[1110/1182] Building C object esp-idf/mqtt/CMakeFiles/__idf_mqtt.dir/esp-mqtt/lib/platform_esp32_idf.c.obj
[1111/1182] Building C object esp-idf/perfmon/CMakeFiles/__idf_perfmon.dir/xtensa_perfmon_apis.c.obj
[1112/1182] Building C object esp-idf/fatfs/CMakeFiles/__idf_fatfs.dir/vfs/vfs_fat_sdmmc.c.obj
[1113/1182] Building C object esp-idf/nvs_sec_provider/CMakeFiles/__idf_nvs_sec_provider.dir/nvs_sec_provider.c.obj
[1114/1182] Linking C static library esp-idf/json/libjson.a
[1115/1182] Building C object esp-idf/mqtt/CMakeFiles/__idf_mqtt.dir/esp-mqtt/lib/mqtt_outbox.c.obj
[1116/1182] Building C object esp-idf/fatfs/CMakeFiles/__idf_fatfs.dir/vfs/vfs_fat_spiflash.c.obj
[1117/1182] Building C object esp-idf/fatfs/CMakeFiles/__idf_fatfs.dir/vfs/vfs_fat.c.obj
[1118/1182] Building C object esp-idf/esp_lcd/CMakeFiles/__idf_esp_lcd.dir/rgb/esp_lcd_panel_rgb.c.obj
[1119/1182] Building C object esp-idf/mqtt/CMakeFiles/__idf_mqtt.dir/esp-mqtt/lib/mqtt_msg.c.obj
[1120/1182] Building C object esp-idf/rt/CMakeFiles/__idf_rt.dir/FreeRTOS_POSIX_mqueue.c.obj
[1121/1182] Linking C static library esp-idf/protobuf-c/libprotobuf-c.a
[1122/1182] Building C object esp-idf/spiffs/CMakeFiles/__idf_spiffs.dir/spiffs_api.c.obj
[1123/1182] Building C object esp-idf/rt/CMakeFiles/__idf_rt.dir/FreeRTOS_POSIX_utils.c.obj
[1124/1182] Building C object esp-idf/spiffs/CMakeFiles/__idf_spiffs.dir/spiffs/src/spiffs_cache.c.obj
[1125/1182] Linking C static library esp-idf/protocomm/libprotocomm.a
[1126/1182] Building C object esp-idf/spiffs/CMakeFiles/__idf_spiffs.dir/spiffs/src/spiffs_gc.c.obj
[1127/1182] Building C object esp-idf/usb/CMakeFiles/__idf_usb.dir/usb_helpers.c.obj
[1128/1182] Linking C static library esp-idf/espressif__esp-dsp/libespressif__esp-dsp.a
[1129/1182] Building C object esp-idf/touch_element/CMakeFiles/__idf_touch_element.dir/touch_button.c.obj
[1130/1182] Building C object esp-idf/usb/CMakeFiles/__idf_usb.dir/hub.c.obj
[1131/1182] Building C object esp-idf/usb/CMakeFiles/__idf_usb.dir/usb_private.c.obj
[1132/1182] Linking C static library esp-idf/esp32_denoiser/libesp32_denoiser.a
[1133/1182] Building C object esp-idf/usb/CMakeFiles/__idf_usb.dir/enum.c.obj
[1134/1182] Building C object esp-idf/touch_element/CMakeFiles/__idf_touch_element.dir/touch_matrix.c.obj
[1135/1182] Building C object esp-idf/spiffs/CMakeFiles/__idf_spiffs.dir/spiffs/src/spiffs_check.c.obj
[1136/1182] Building C object esp-idf/spiffs/CMakeFiles/__idf_spiffs.dir/esp_spiffs.c.obj
[1137/1182] Building C object esp-idf/usb/CMakeFiles/__idf_usb.dir/usb_phy.c.obj
[1138/1182] Building C object esp-idf/wifi_provisioning/CMakeFiles/__idf_wifi_provisioning.dir/src/wifi_config.c.obj
[1139/1182] Building C object esp-idf/touch_element/CMakeFiles/__idf_touch_element.dir/touch_slider.c.obj
[1140/1182] Building C object esp-idf/spiffs/CMakeFiles/__idf_spiffs.dir/spiffs/src/spiffs_hydrogen.c.obj
[1141/1182] Generating ../../model.bin.S
[1142/1182] Building C object esp-idf/touch_element/CMakeFiles/__idf_touch_element.dir/touch_element.c.obj
[1143/1182] Building C object esp-idf/wifi_provisioning/CMakeFiles/__idf_wifi_provisioning.dir/src/wifi_scan.c.obj
[1144/1182] Building C object esp-idf/wifi_provisioning/CMakeFiles/__idf_wifi_provisioning.dir/src/wifi_ctrl.c.obj
[1145/1182] Building C object esp-idf/wifi_provisioning/CMakeFiles/__idf_wifi_provisioning.dir/src/handlers.c.obj
[1146/1182] Building C object esp-idf/wifi_provisioning/CMakeFiles/__idf_wifi_provisioning.dir/proto-c/wifi_config.pb-c.c.obj
[1147/1182] Building C object esp-idf/wifi_provisioning/CMakeFiles/__idf_wifi_provisioning.dir/src/scheme_console.c.obj
[1148/1182] Building C object esp-idf/wifi_provisioning/CMakeFiles/__idf_wifi_provisioning.dir/proto-c/wifi_constants.pb-c.c.obj
[1149/1182] Building C object esp-idf/fatfs/CMakeFiles/__idf_fatfs.dir/src/ff.c.obj
[1150/1182] Building ASM object esp-idf/main/CMakeFiles/__idf_main.dir/__/__/model.bin.S.obj
[1151/1182] Building C object esp-idf/wifi_provisioning/CMakeFiles/__idf_wifi_provisioning.dir/proto-c/wifi_ctrl.pb-c.c.obj
[1152/1182] Building C object esp-idf/wifi_provisioning/CMakeFiles/__idf_wifi_provisioning.dir/proto-c/wifi_scan.pb-c.c.obj
[1153/1182] Building C object esp-idf/mqtt/CMakeFiles/__idf_mqtt.dir/esp-mqtt/mqtt_client.c.obj
[1154/1182] Building C object esp-idf/wifi_provisioning/CMakeFiles/__idf_wifi_provisioning.dir/src/scheme_softap.c.obj
[1155/1182] Building C object esp-idf/usb/CMakeFiles/__idf_usb.dir/usbh.c.obj
[1156/1182] Linking C static library esp-idf/cmock/libcmock.a
[1157/1182] Linking C static library esp-idf/app_trace/libapp_trace.a
[1158/1182] Linking C static library esp-idf/esp_driver_cam/libesp_driver_cam.a
[1159/1182] Linking C static library esp-idf/esp_eth/libesp_eth.a
[1160/1182] Building C object esp-idf/main/CMakeFiles/__idf_main.dir/main.c.obj
[1161/1182] Linking C static library esp-idf/esp_hid/libesp_hid.a
[1162/1182] Linking C static library esp-idf/esp_local_ctrl/libesp_local_ctrl.a
[1163/1182] Linking C static library esp-idf/esp_lcd/libesp_lcd.a
[1164/1182] Building C object esp-idf/usb/CMakeFiles/__idf_usb.dir/usb_host.c.obj
[1165/1182] Linking C static library esp-idf/fatfs/libfatfs.a
[1166/1182] Linking C static library esp-idf/nvs_sec_provider/libnvs_sec_provider.a
[1167/1182] Linking C static library esp-idf/mqtt/libmqtt.a
[1168/1182] Linking C static library esp-idf/espcoredump/libespcoredump.a
[1169/1182] Linking C static library esp-idf/perfmon/libperfmon.a
[1170/1182] Linking C static library esp-idf/rt/librt.a
[1171/1182] Linking C static library esp-idf/touch_element/libtouch_element.a
[1172/1182] Linking C static library esp-idf/main/libmain.a
[1173/1182] Building C object esp-idf/usb/CMakeFiles/__idf_usb.dir/hcd_dwc.c.obj
[1174/1182] Building C object esp-idf/spiffs/CMakeFiles/__idf_spiffs.dir/spiffs/src/spiffs_nucleus.c.obj
[1175/1182] Linking C static library esp-idf/usb/libusb.a
[1176/1182] Linking C static library esp-idf/spiffs/libspiffs.a
[1177/1182] Building C object esp-idf/wifi_provisioning/CMakeFiles/__idf_wifi_provisioning.dir/src/manager.c.obj
[1178/1182] Linking C static library esp-idf/wifi_provisioning/libwifi_provisioning.a
[1179/1182] Generating ld/sections.ld
[1180/1182] Linking CXX executable esp32_denoiser_benchmark.elf
[1181/1182] Generating binary image from built executable
esptool.py v4.12.0
Creating esp32s3 image...
Merged 2 ELF sections
Successfully created esp32s3 image.
Generated /tmp/esp32-denoiser-build-v5.4.2/esp32_denoiser_benchmark.bin
[1182/1182] cd /tmp/esp32-denoiser-build-v5.4.2/esp-idf/esptool_py && /private/tmp/esp32-denoiser-idf-tools-v5.4.2/python_env/idf5.4_py3.12_env/bin/python /tmp/esp32-denoiser-idf-v5.4.2/components/partition_table/check_sizes.py --offset 0x8000 partition --type app /tmp/esp32-denoiser-build-v5.4.2/partition_table/partition-table.bin /tmp/esp32-denoiser-build-v5.4.2/esp32_denoiser_benchmark.bin
esp32_denoiser_benchmark.bin binary size 0x50060 bytes. Smallest app partition is 0x100000 bytes. 0xaffa0 bytes (69%) free.

Project build complete. To flash, run:
 idf.py flash
or
 idf.py -p PORT flash
or
 python -m esptool --chip esp32s3 -b 460800 --before default_reset --after hard_reset write_flash --flash_mode dio --flash_size 2MB --flash_freq 80m 0x0 ../../../../../../../private/tmp/esp32-denoiser-build-v5.4.2/bootloader/bootloader.bin 0x8000 ../../../../../../../private/tmp/esp32-denoiser-build-v5.4.2/partition_table/partition-table.bin 0x10000 ../../../../../../../private/tmp/esp32-denoiser-build-v5.4.2/esp32_denoiser_benchmark.bin
or from the "/private/tmp/esp32-denoiser-build-v5.4.2" directory
 python -m esptool --chip esp32s3 -b 460800 --before default_reset --after hard_reset write_flash "@flash_args"
